row_identifier,food_description,compound_fraction,value,candidate,candidate_data_type,match_confidence,rationale,review_verdict,approved_fdc_food,rejection_reason,match_scope,reviewer,review_date,review_notes
01010068:PHYT-,"Rice, Bengal, rough, nontransgenic, conventional herbicide system, raw",PHYT-,738.783,,,,no FDC candidate found for this source description,unresolved,,,unusable,,,"Generic catalog entry exists (""Rice bran, crude"" / ""Rice flour, brown"" (sr_legacy_food)) but this row is a specific breeding line/cultivar/processing-treatment at a distinct growth stage, transgenic status, or fertilization regime (Bengal, rough, nontransgenic, conventional herbicide system, raw), value 738.783 -- collapsing onto the generic entry would erase the exact distinction this dataset exists to preserve. DRAFT -- confirm before sign-off. Flag for matching-rule review: pipeline reported zero candidates even though a same-genus generic entry exists (under a different name, in some cases)."
01010070:PHYT-,"Rice, Bengal, rough, transgenic, liberty herbicide system, raw",PHYT-,705.2669999999999,,,,no FDC candidate found for this source description,unresolved,,,unusable,,,"Generic catalog entry exists (""Rice bran, crude"" / ""Rice flour, brown"" (sr_legacy_food)) but this row is a specific breeding line/cultivar/processing-treatment at a distinct growth stage, transgenic status, or fertilization regime (Bengal, rough, transgenic, liberty herbicide system, raw), value 705.2669999999999 -- collapsing onto the generic entry would erase the exact distinction this dataset exists to preserve. DRAFT -- confirm before sign-off. Flag for matching-rule review: pipeline reported zero candidates even though a same-genus generic entry exists (under a different name, in some cases)."
01010124:PP-,"Rice, IR 32, subaleurone endosperm, raw",PP-,745.9509202453988,,,,no FDC candidate found for this source description,unresolved,,,unusable,,,"Generic catalog entry exists (""Rice bran, crude"" / ""Rice flour, brown"" (sr_legacy_food)) but this row is a specific breeding line/cultivar/processing-treatment at a distinct growth stage, transgenic status, or fertilization regime (IR 32, subaleurone endosperm, raw), value 745.9509202453988 -- collapsing onto the generic entry would erase the exact distinction this dataset exists to preserve. DRAFT -- confirm before sign-off. Flag for matching-rule review: pipeline reported zero candidates even though a same-genus generic entry exists (under a different name, in some cases)."
01010127:PP-,"Rice, IR 480-5-9, middle endosperm, raw",PP-,88.8036809815951,,,,no FDC candidate found for this source description,unresolved,,,unusable,,,"Generic catalog entry exists (""Rice bran, crude"" / ""Rice flour, brown"" (sr_legacy_food)) but this row is a specific breeding line/cultivar/processing-treatment at a distinct growth stage, transgenic status, or fertilization regime (IR 480-5-9, middle endosperm, raw), value 88.8036809815951 -- collapsing onto the generic entry would erase the exact distinction this dataset exists to preserve. DRAFT -- confirm before sign-off. Flag for matching-rule review: pipeline reported zero candidates even though a same-genus generic entry exists (under a different name, in some cases)."
01010129:PP-,"Rice, IR 480-5-9, subaleurone endosperm, raw",PP-,852.515337423313,,,,no FDC candidate found for this source description,unresolved,,,unusable,,,"Generic catalog entry exists (""Rice bran, crude"" / ""Rice flour, brown"" (sr_legacy_food)) but this row is a specific breeding line/cultivar/processing-treatment at a distinct growth stage, transgenic status, or fertilization regime (IR 480-5-9, subaleurone endosperm, raw), value 852.515337423313 -- collapsing onto the generic entry would erase the exact distinction this dataset exists to preserve. DRAFT -- confirm before sign-off. Flag for matching-rule review: pipeline reported zero candidates even though a same-genus generic entry exists (under a different name, in some cases)."
01010134:PHYTCPPI,"Rice, Japonica, Huai269, dehulled, dried, moderate N fertilization",PHYTCPPI,786.0,,,,no FDC candidate found for this source description,unresolved,,,unusable,,,"Generic catalog entry exists (""Rice bran, crude"" / ""Rice flour, brown"" (sr_legacy_food)) but this row is a specific breeding line/cultivar/processing-treatment at a distinct growth stage, transgenic status, or fertilization regime (Japonica, Huai269, dehulled, dried, moderate N fertilization), value 786.0 -- collapsing onto the generic entry would erase the exact distinction this dataset exists to preserve. DRAFT -- confirm before sign-off. Flag for matching-rule review: pipeline reported zero candidates even though a same-genus generic entry exists (under a different name, in some cases)."
01010135:PHYTCPPI,"Rice, Japonica, Huai269, dehulled, dried, moderate N fertilization",PHYTCPPI,801.0,,,,no FDC candidate found for this source description,unresolved,,,unusable,,,"Generic catalog entry exists (""Rice bran, crude"" / ""Rice flour, brown"" (sr_legacy_food)) but this row is a specific breeding line/cultivar/processing-treatment at a distinct growth stage, transgenic status, or fertilization regime (Japonica, Huai269, dehulled, dried, moderate N fertilization), value 801.0 -- collapsing onto the generic entry would erase the exact distinction this dataset exists to preserve. DRAFT -- confirm before sign-off. Flag for matching-rule review: pipeline reported zero candidates even though a same-genus generic entry exists (under a different name, in some cases)."
01010137:PHYTCPPI,"Rice, Japonica, Huaidao6, dehulled, dried, high N fertilization",PHYTCPPI,772.0,,,,no FDC candidate found for this source description,unresolved,,,unusable,,,"Generic catalog entry exists (""Rice bran, crude"" / ""Rice flour, brown"" (sr_legacy_food)) but this row is a specific breeding line/cultivar/processing-treatment at a distinct growth stage, transgenic status, or fertilization regime (Japonica, Huaidao6, dehulled, dried, high N fertilization), value 772.0 -- collapsing onto the generic entry would erase the exact distinction this dataset exists to preserve. DRAFT -- confirm before sign-off. Flag for matching-rule review: pipeline reported zero candidates even though a same-genus generic entry exists (under a different name, in some cases)."
01010138:PHYTCPPI,"Rice, Japonica, Huaidao6, dehulled, dried, high N fertilization",PHYTCPPI,739.0,,,,no FDC candidate found for this source description,unresolved,,,unusable,,,"Generic catalog entry exists (""Rice bran, crude"" / ""Rice flour, brown"" (sr_legacy_food)) but this row is a specific breeding line/cultivar/processing-treatment at a distinct growth stage, transgenic status, or fertilization regime (Japonica, Huaidao6, dehulled, dried, high N fertilization), value 739.0 -- collapsing onto the generic entry would erase the exact distinction this dataset exists to preserve. DRAFT -- confirm before sign-off. Flag for matching-rule review: pipeline reported zero candidates even though a same-genus generic entry exists (under a different name, in some cases)."
01010142:PHYTCPPI,"Rice, Japonica, Huaidao7, dehulled, dried, high N fertilization",PHYTCPPI,782.0,,,,no FDC candidate found for this source description,unresolved,,,unusable,,,"Generic catalog entry exists (""Rice bran, crude"" / ""Rice flour, brown"" (sr_legacy_food)) but this row is a specific breeding line/cultivar/processing-treatment at a distinct growth stage, transgenic status, or fertilization regime (Japonica, Huaidao7, dehulled, dried, high N fertilization), value 782.0 -- collapsing onto the generic entry would erase the exact distinction this dataset exists to preserve. DRAFT -- confirm before sign-off. Flag for matching-rule review: pipeline reported zero candidates even though a same-genus generic entry exists (under a different name, in some cases)."
01010143:PHYTCPPI,"Rice, Japonica, Huaidao7, dehulled, dried, high N fertilization",PHYTCPPI,750.0,,,,no FDC candidate found for this source description,unresolved,,,unusable,,,"Generic catalog entry exists (""Rice bran, crude"" / ""Rice flour, brown"" (sr_legacy_food)) but this row is a specific breeding line/cultivar/processing-treatment at a distinct growth stage, transgenic status, or fertilization regime (Japonica, Huaidao7, dehulled, dried, high N fertilization), value 750.0 -- collapsing onto the generic entry would erase the exact distinction this dataset exists to preserve. DRAFT -- confirm before sign-off. Flag for matching-rule review: pipeline reported zero candidates even though a same-genus generic entry exists (under a different name, in some cases)."
01010147:PHYTCPPI,"Rice, Japonica, Huaidao9, dehulled, dried, high N fertilization",PHYTCPPI,748.0,,,,no FDC candidate found for this source description,unresolved,,,unusable,,,"Generic catalog entry exists (""Rice bran, crude"" / ""Rice flour, brown"" (sr_legacy_food)) but this row is a specific breeding line/cultivar/processing-treatment at a distinct growth stage, transgenic status, or fertilization regime (Japonica, Huaidao9, dehulled, dried, high N fertilization), value 748.0 -- collapsing onto the generic entry would erase the exact distinction this dataset exists to preserve. DRAFT -- confirm before sign-off. Flag for matching-rule review: pipeline reported zero candidates even though a same-genus generic entry exists (under a different name, in some cases)."
01010148:PHYTCPPI,"Rice, Japonica, Huaidao9, dehulled, dried, high N fertilization",PHYTCPPI,747.0,,,,no FDC candidate found for this source description,unresolved,,,unusable,,,"Generic catalog entry exists (""Rice bran, crude"" / ""Rice flour, brown"" (sr_legacy_food)) but this row is a specific breeding line/cultivar/processing-treatment at a distinct growth stage, transgenic status, or fertilization regime (Japonica, Huaidao9, dehulled, dried, high N fertilization), value 747.0 -- collapsing onto the generic entry would erase the exact distinction this dataset exists to preserve. DRAFT -- confirm before sign-off. Flag for matching-rule review: pipeline reported zero candidates even though a same-genus generic entry exists (under a different name, in some cases)."
01010152:PHYTCPPI,"Rice, Japonica, Huajing6, dehulled, dried, high N fertilization",PHYTCPPI,624.0,,,,no FDC candidate found for this source description,unresolved,,,unusable,,,"Generic catalog entry exists (""Rice bran, crude"" / ""Rice flour, brown"" (sr_legacy_food)) but this row is a specific breeding line/cultivar/processing-treatment at a distinct growth stage, transgenic status, or fertilization regime (Japonica, Huajing6, dehulled, dried, high N fertilization), value 624.0 -- collapsing onto the generic entry would erase the exact distinction this dataset exists to preserve. DRAFT -- confirm before sign-off. Flag for matching-rule review: pipeline reported zero candidates even though a same-genus generic entry exists (under a different name, in some cases)."
01010153:PHYTCPPI,"Rice, Japonica, Huajing6, dehulled, dried, high N fertilization",PHYTCPPI,710.0,,,,no FDC candidate found for this source description,unresolved,,,unusable,,,"Generic catalog entry exists (""Rice bran, crude"" / ""Rice flour, brown"" (sr_legacy_food)) but this row is a specific breeding line/cultivar/processing-treatment at a distinct growth stage, transgenic status, or fertilization regime (Japonica, Huajing6, dehulled, dried, high N fertilization), value 710.0 -- collapsing onto the generic entry would erase the exact distinction this dataset exists to preserve. DRAFT -- confirm before sign-off. Flag for matching-rule review: pipeline reported zero candidates even though a same-genus generic entry exists (under a different name, in some cases)."
01010154:PHYTCPPI,"Rice, Japonica, Huajing6, dehulled, dried, moderate N fertilization",PHYTCPPI,784.0,,,,no FDC candidate found for this source description,unresolved,,,unusable,,,"Generic catalog entry exists (""Rice bran, crude"" / ""Rice flour, brown"" (sr_legacy_food)) but this row is a specific breeding line/cultivar/processing-treatment at a distinct growth stage, transgenic status, or fertilization regime (Japonica, Huajing6, dehulled, dried, moderate N fertilization), value 784.0 -- collapsing onto the generic entry would erase the exact distinction this dataset exists to preserve. DRAFT -- confirm before sign-off. Flag for matching-rule review: pipeline reported zero candidates even though a same-genus generic entry exists (under a different name, in some cases)."
01010155:PHYTCPPI,"Rice, Japonica, Huajing6, dehulled, dried, moderate N fertilization",PHYTCPPI,737.0,,,,no FDC candidate found for this source description,unresolved,,,unusable,,,"Generic catalog entry exists (""Rice bran, crude"" / ""Rice flour, brown"" (sr_legacy_food)) but this row is a specific breeding line/cultivar/processing-treatment at a distinct growth stage, transgenic status, or fertilization regime (Japonica, Huajing6, dehulled, dried, moderate N fertilization), value 737.0 -- collapsing onto the generic entry would erase the exact distinction this dataset exists to preserve. DRAFT -- confirm before sign-off. Flag for matching-rule review: pipeline reported zero candidates even though a same-genus generic entry exists (under a different name, in some cases)."
01010157:PHYTCPPI,"Rice, Japonica, Nanjing43, dehulled, dried, high N fertilization",PHYTCPPI,685.0,,,,no FDC candidate found for this source description,unresolved,,,unusable,,,"Generic catalog entry exists (""Rice bran, crude"" / ""Rice flour, brown"" (sr_legacy_food)) but this row is a specific breeding line/cultivar/processing-treatment at a distinct growth stage, transgenic status, or fertilization regime (Japonica, Nanjing43, dehulled, dried, high N fertilization), value 685.0 -- collapsing onto the generic entry would erase the exact distinction this dataset exists to preserve. DRAFT -- confirm before sign-off. Flag for matching-rule review: pipeline reported zero candidates even though a same-genus generic entry exists (under a different name, in some cases)."
01010158:PHYTCPPI,"Rice, Japonica, Nanjing43, dehulled, dried, high N fertilization",PHYTCPPI,665.0,,,,no FDC candidate found for this source description,unresolved,,,unusable,,,"Generic catalog entry exists (""Rice bran, crude"" / ""Rice flour, brown"" (sr_legacy_food)) but this row is a specific breeding line/cultivar/processing-treatment at a distinct growth stage, transgenic status, or fertilization regime (Japonica, Nanjing43, dehulled, dried, high N fertilization), value 665.0 -- collapsing onto the generic entry would erase the exact distinction this dataset exists to preserve. DRAFT -- confirm before sign-off. Flag for matching-rule review: pipeline reported zero candidates even though a same-genus generic entry exists (under a different name, in some cases)."
01010159:PHYTCPPI,"Rice, Japonica, Nanjing43, dehulled, dried, moderate N fertilization",PHYTCPPI,739.0,,,,no FDC candidate found for this source description,unresolved,,,unusable,,,"Generic catalog entry exists (""Rice bran, crude"" / ""Rice flour, brown"" (sr_legacy_food)) but this row is a specific breeding line/cultivar/processing-treatment at a distinct growth stage, transgenic status, or fertilization regime (Japonica, Nanjing43, dehulled, dried, moderate N fertilization), value 739.0 -- collapsing onto the generic entry would erase the exact distinction this dataset exists to preserve. DRAFT -- confirm before sign-off. Flag for matching-rule review: pipeline reported zero candidates even though a same-genus generic entry exists (under a different name, in some cases)."
01010160:PHYTCPPI,"Rice, Japonica, Nanjing43, dehulled, dried, moderate N fertilization",PHYTCPPI,675.0,,,,no FDC candidate found for this source description,unresolved,,,unusable,,,"Generic catalog entry exists (""Rice bran, crude"" / ""Rice flour, brown"" (sr_legacy_food)) but this row is a specific breeding line/cultivar/processing-treatment at a distinct growth stage, transgenic status, or fertilization regime (Japonica, Nanjing43, dehulled, dried, moderate N fertilization), value 675.0 -- collapsing onto the generic entry would erase the exact distinction this dataset exists to preserve. DRAFT -- confirm before sign-off. Flag for matching-rule review: pipeline reported zero candidates even though a same-genus generic entry exists (under a different name, in some cases)."
01010162:PHYTCPPI,"Rice, Japonica, Ningjing1, dehulled, dried, high N fertilization",PHYTCPPI,613.0,,,,no FDC candidate found for this source description,unresolved,,,unusable,,,"Generic catalog entry exists (""Rice bran, crude"" / ""Rice flour, brown"" (sr_legacy_food)) but this row is a specific breeding line/cultivar/processing-treatment at a distinct growth stage, transgenic status, or fertilization regime (Japonica, Ningjing1, dehulled, dried, high N fertilization), value 613.0 -- collapsing onto the generic entry would erase the exact distinction this dataset exists to preserve. DRAFT -- confirm before sign-off. Flag for matching-rule review: pipeline reported zero candidates even though a same-genus generic entry exists (under a different name, in some cases)."
01010163:PHYTCPPI,"Rice, Japonica, Ningjing1, dehulled, dried, high N fertilization",PHYTCPPI,626.0,,,,no FDC candidate found for this source description,unresolved,,,unusable,,,"Generic catalog entry exists (""Rice bran, crude"" / ""Rice flour, brown"" (sr_legacy_food)) but this row is a specific breeding line/cultivar/processing-treatment at a distinct growth stage, transgenic status, or fertilization regime (Japonica, Ningjing1, dehulled, dried, high N fertilization), value 626.0 -- collapsing onto the generic entry would erase the exact distinction this dataset exists to preserve. DRAFT -- confirm before sign-off. Flag for matching-rule review: pipeline reported zero candidates even though a same-genus generic entry exists (under a different name, in some cases)."
01010167:PHYTCPPI,"Rice, Japonica, Ningjing2, dehulled, dried, high N fertilization",PHYTCPPI,703.0,,,,no FDC candidate found for this source description,unresolved,,,unusable,,,"Generic catalog entry exists (""Rice bran, crude"" / ""Rice flour, brown"" (sr_legacy_food)) but this row is a specific breeding line/cultivar/processing-treatment at a distinct growth stage, transgenic status, or fertilization regime (Japonica, Ningjing2, dehulled, dried, high N fertilization), value 703.0 -- collapsing onto the generic entry would erase the exact distinction this dataset exists to preserve. DRAFT -- confirm before sign-off. Flag for matching-rule review: pipeline reported zero candidates even though a same-genus generic entry exists (under a different name, in some cases)."
01010168:PHYTCPPI,"Rice, Japonica, Ningjing2, dehulled, dried, high N fertilization",PHYTCPPI,689.0,,,,no FDC candidate found for this source description,unresolved,,,unusable,,,"Generic catalog entry exists (""Rice bran, crude"" / ""Rice flour, brown"" (sr_legacy_food)) but this row is a specific breeding line/cultivar/processing-treatment at a distinct growth stage, transgenic status, or fertilization regime (Japonica, Ningjing2, dehulled, dried, high N fertilization), value 689.0 -- collapsing onto the generic entry would erase the exact distinction this dataset exists to preserve. DRAFT -- confirm before sign-off. Flag for matching-rule review: pipeline reported zero candidates even though a same-genus generic entry exists (under a different name, in some cases)."
01010172:PHYTCPPI,"Rice, Japonica, Ningjing3, dehulled, dried, high N fertilization",PHYTCPPI,837.0,,,,no FDC candidate found for this source description,unresolved,,,unusable,,,"Generic catalog entry exists (""Rice bran, crude"" / ""Rice flour, brown"" (sr_legacy_food)) but this row is a specific breeding line/cultivar/processing-treatment at a distinct growth stage, transgenic status, or fertilization regime (Japonica, Ningjing3, dehulled, dried, high N fertilization), value 837.0 -- collapsing onto the generic entry would erase the exact distinction this dataset exists to preserve. DRAFT -- confirm before sign-off. Flag for matching-rule review: pipeline reported zero candidates even though a same-genus generic entry exists (under a different name, in some cases)."
01010173:PHYTCPPI,"Rice, Japonica, Ningjing3, dehulled, dried, high N fertilization",PHYTCPPI,790.0,,,,no FDC candidate found for this source description,unresolved,,,unusable,,,"Generic catalog entry exists (""Rice bran, crude"" / ""Rice flour, brown"" (sr_legacy_food)) but this row is a specific breeding line/cultivar/processing-treatment at a distinct growth stage, transgenic status, or fertilization regime (Japonica, Ningjing3, dehulled, dried, high N fertilization), value 790.0 -- collapsing onto the generic entry would erase the exact distinction this dataset exists to preserve. DRAFT -- confirm before sign-off. Flag for matching-rule review: pipeline reported zero candidates even though a same-genus generic entry exists (under a different name, in some cases)."
01010177:PHYTCPPI,"Rice, Japonica, Sidao10, dehulled, dried, high N fertilization",PHYTCPPI,639.0,,,,no FDC candidate found for this source description,unresolved,,,unusable,,,"Generic catalog entry exists (""Rice bran, crude"" / ""Rice flour, brown"" (sr_legacy_food)) but this row is a specific breeding line/cultivar/processing-treatment at a distinct growth stage, transgenic status, or fertilization regime (Japonica, Sidao10, dehulled, dried, high N fertilization), value 639.0 -- collapsing onto the generic entry would erase the exact distinction this dataset exists to preserve. DRAFT -- confirm before sign-off. Flag for matching-rule review: pipeline reported zero candidates even though a same-genus generic entry exists (under a different name, in some cases)."
01010178:PHYTCPPI,"Rice, Japonica, Sidao10, dehulled, dried, high N fertilization",PHYTCPPI,627.0,,,,no FDC candidate found for this source description,unresolved,,,unusable,,,"Generic catalog entry exists (""Rice bran, crude"" / ""Rice flour, brown"" (sr_legacy_food)) but this row is a specific breeding line/cultivar/processing-treatment at a distinct growth stage, transgenic status, or fertilization regime (Japonica, Sidao10, dehulled, dried, high N fertilization), value 627.0 -- collapsing onto the generic entry would erase the exact distinction this dataset exists to preserve. DRAFT -- confirm before sign-off. Flag for matching-rule review: pipeline reported zero candidates even though a same-genus generic entry exists (under a different name, in some cases)."
01010179:PHYTCPPI,"Rice, Japonica, Sidao10, dehulled, dried, moderate N fertilization",PHYTCPPI,768.0,,,,no FDC candidate found for this source description,unresolved,,,unusable,,,"Generic catalog entry exists (""Rice bran, crude"" / ""Rice flour, brown"" (sr_legacy_food)) but this row is a specific breeding line/cultivar/processing-treatment at a distinct growth stage, transgenic status, or fertilization regime (Japonica, Sidao10, dehulled, dried, moderate N fertilization), value 768.0 -- collapsing onto the generic entry would erase the exact distinction this dataset exists to preserve. DRAFT -- confirm before sign-off. Flag for matching-rule review: pipeline reported zero candidates even though a same-genus generic entry exists (under a different name, in some cases)."
01010180:PHYTCPPI,"Rice, Japonica, Sidao10, dehulled, dried, moderate N fertilization",PHYTCPPI,707.0,,,,no FDC candidate found for this source description,unresolved,,,unusable,,,"Generic catalog entry exists (""Rice bran, crude"" / ""Rice flour, brown"" (sr_legacy_food)) but this row is a specific breeding line/cultivar/processing-treatment at a distinct growth stage, transgenic status, or fertilization regime (Japonica, Sidao10, dehulled, dried, moderate N fertilization), value 707.0 -- collapsing onto the generic entry would erase the exact distinction this dataset exists to preserve. DRAFT -- confirm before sign-off. Flag for matching-rule review: pipeline reported zero candidates even though a same-genus generic entry exists (under a different name, in some cases)."
01010182:PHYTCPPI,"Rice, Japonica, Sujing45, dehulled, dried, high N fertilization",PHYTCPPI,698.0,,,,no FDC candidate found for this source description,unresolved,,,unusable,,,"Generic catalog entry exists (""Rice bran, crude"" / ""Rice flour, brown"" (sr_legacy_food)) but this row is a specific breeding line/cultivar/processing-treatment at a distinct growth stage, transgenic status, or fertilization regime (Japonica, Sujing45, dehulled, dried, high N fertilization), value 698.0 -- collapsing onto the generic entry would erase the exact distinction this dataset exists to preserve. DRAFT -- confirm before sign-off. Flag for matching-rule review: pipeline reported zero candidates even though a same-genus generic entry exists (under a different name, in some cases)."
01010183:PHYTCPPI,"Rice, Japonica, Sujing45, dehulled, dried, high N fertilization",PHYTCPPI,655.0,,,,no FDC candidate found for this source description,unresolved,,,unusable,,,"Generic catalog entry exists (""Rice bran, crude"" / ""Rice flour, brown"" (sr_legacy_food)) but this row is a specific breeding line/cultivar/processing-treatment at a distinct growth stage, transgenic status, or fertilization regime (Japonica, Sujing45, dehulled, dried, high N fertilization), value 655.0 -- collapsing onto the generic entry would erase the exact distinction this dataset exists to preserve. DRAFT -- confirm before sign-off. Flag for matching-rule review: pipeline reported zero candidates even though a same-genus generic entry exists (under a different name, in some cases)."
01010219:PHYTCPPI,"Rice, Japonica, Wuyujing3, dehulled, dried, moderate N fertilization",PHYTCPPI,785.0,,,,no FDC candidate found for this source description,unresolved,,,unusable,,,"Generic catalog entry exists (""Rice bran, crude"" / ""Rice flour, brown"" (sr_legacy_food)) but this row is a specific breeding line/cultivar/processing-treatment at a distinct growth stage, transgenic status, or fertilization regime (Japonica, Wuyujing3, dehulled, dried, moderate N fertilization), value 785.0 -- collapsing onto the generic entry would erase the exact distinction this dataset exists to preserve. DRAFT -- confirm before sign-off. Flag for matching-rule review: pipeline reported zero candidates even though a same-genus generic entry exists (under a different name, in some cases)."
01010220:PHYTCPPI,"Rice, Japonica, Wuyujing3, dehulled, dried, moderate N fertilization",PHYTCPPI,787.0,,,,no FDC candidate found for this source description,unresolved,,,unusable,,,"Generic catalog entry exists (""Rice bran, crude"" / ""Rice flour, brown"" (sr_legacy_food)) but this row is a specific breeding line/cultivar/processing-treatment at a distinct growth stage, transgenic status, or fertilization regime (Japonica, Wuyujing3, dehulled, dried, moderate N fertilization), value 787.0 -- collapsing onto the generic entry would erase the exact distinction this dataset exists to preserve. DRAFT -- confirm before sign-off. Flag for matching-rule review: pipeline reported zero candidates even though a same-genus generic entry exists (under a different name, in some cases)."
01010222:PHYTCPPI,"Rice, Japonica, Xiushui09, dehulled, dried, high N fertilization",PHYTCPPI,670.0,,,,no FDC candidate found for this source description,unresolved,,,unusable,,,"Generic catalog entry exists (""Rice bran, crude"" / ""Rice flour, brown"" (sr_legacy_food)) but this row is a specific breeding line/cultivar/processing-treatment at a distinct growth stage, transgenic status, or fertilization regime (Japonica, Xiushui09, dehulled, dried, high N fertilization), value 670.0 -- collapsing onto the generic entry would erase the exact distinction this dataset exists to preserve. DRAFT -- confirm before sign-off. Flag for matching-rule review: pipeline reported zero candidates even though a same-genus generic entry exists (under a different name, in some cases)."
01010223:PHYTCPPI,"Rice, Japonica, Xiushui09, dehulled, dried, high N fertilization",PHYTCPPI,658.0,,,,no FDC candidate found for this source description,unresolved,,,unusable,,,"Generic catalog entry exists (""Rice bran, crude"" / ""Rice flour, brown"" (sr_legacy_food)) but this row is a specific breeding line/cultivar/processing-treatment at a distinct growth stage, transgenic status, or fertilization regime (Japonica, Xiushui09, dehulled, dried, high N fertilization), value 658.0 -- collapsing onto the generic entry would erase the exact distinction this dataset exists to preserve. DRAFT -- confirm before sign-off. Flag for matching-rule review: pipeline reported zero candidates even though a same-genus generic entry exists (under a different name, in some cases)."
01010224:PHYTCPPI,"Rice, Japonica, Xiushui09, dehulled, dried, moderate N fertilization",PHYTCPPI,721.0,,,,no FDC candidate found for this source description,unresolved,,,unusable,,,"Generic catalog entry exists (""Rice bran, crude"" / ""Rice flour, brown"" (sr_legacy_food)) but this row is a specific breeding line/cultivar/processing-treatment at a distinct growth stage, transgenic status, or fertilization regime (Japonica, Xiushui09, dehulled, dried, moderate N fertilization), value 721.0 -- collapsing onto the generic entry would erase the exact distinction this dataset exists to preserve. DRAFT -- confirm before sign-off. Flag for matching-rule review: pipeline reported zero candidates even though a same-genus generic entry exists (under a different name, in some cases)."
01010225:PHYTCPPI,"Rice, Japonica, Xiushui09, dehulled, dried, moderate N fertilization",PHYTCPPI,691.0,,,,no FDC candidate found for this source description,unresolved,,,unusable,,,"Generic catalog entry exists (""Rice bran, crude"" / ""Rice flour, brown"" (sr_legacy_food)) but this row is a specific breeding line/cultivar/processing-treatment at a distinct growth stage, transgenic status, or fertilization regime (Japonica, Xiushui09, dehulled, dried, moderate N fertilization), value 691.0 -- collapsing onto the generic entry would erase the exact distinction this dataset exists to preserve. DRAFT -- confirm before sign-off. Flag for matching-rule review: pipeline reported zero candidates even though a same-genus generic entry exists (under a different name, in some cases)."
01010227:PHYTCPPI,"Rice, Japonica, Xiushui11, dehulled, dried, high N fertilization",PHYTCPPI,667.0,,,,no FDC candidate found for this source description,unresolved,,,unusable,,,"Generic catalog entry exists (""Rice bran, crude"" / ""Rice flour, brown"" (sr_legacy_food)) but this row is a specific breeding line/cultivar/processing-treatment at a distinct growth stage, transgenic status, or fertilization regime (Japonica, Xiushui11, dehulled, dried, high N fertilization), value 667.0 -- collapsing onto the generic entry would erase the exact distinction this dataset exists to preserve. DRAFT -- confirm before sign-off. Flag for matching-rule review: pipeline reported zero candidates even though a same-genus generic entry exists (under a different name, in some cases)."
01010228:PHYTCPPI,"Rice, Japonica, Xiushui11, dehulled, dried, high N fertilization",PHYTCPPI,640.0,,,,no FDC candidate found for this source description,unresolved,,,unusable,,,"Generic catalog entry exists (""Rice bran, crude"" / ""Rice flour, brown"" (sr_legacy_food)) but this row is a specific breeding line/cultivar/processing-treatment at a distinct growth stage, transgenic status, or fertilization regime (Japonica, Xiushui11, dehulled, dried, high N fertilization), value 640.0 -- collapsing onto the generic entry would erase the exact distinction this dataset exists to preserve. DRAFT -- confirm before sign-off. Flag for matching-rule review: pipeline reported zero candidates even though a same-genus generic entry exists (under a different name, in some cases)."
01010229:PHYTCPPI,"Rice, Japonica, Xiushui11, dehulled, dried, moderate N fertilization",PHYTCPPI,696.0,,,,no FDC candidate found for this source description,unresolved,,,unusable,,,"Generic catalog entry exists (""Rice bran, crude"" / ""Rice flour, brown"" (sr_legacy_food)) but this row is a specific breeding line/cultivar/processing-treatment at a distinct growth stage, transgenic status, or fertilization regime (Japonica, Xiushui11, dehulled, dried, moderate N fertilization), value 696.0 -- collapsing onto the generic entry would erase the exact distinction this dataset exists to preserve. DRAFT -- confirm before sign-off. Flag for matching-rule review: pipeline reported zero candidates even though a same-genus generic entry exists (under a different name, in some cases)."
01010230:PHYTCPPI,"Rice, Japonica, Xiushui11, dehulled, dried, moderate N fertilization",PHYTCPPI,621.0,,,,no FDC candidate found for this source description,unresolved,,,unusable,,,"Generic catalog entry exists (""Rice bran, crude"" / ""Rice flour, brown"" (sr_legacy_food)) but this row is a specific breeding line/cultivar/processing-treatment at a distinct growth stage, transgenic status, or fertilization regime (Japonica, Xiushui11, dehulled, dried, moderate N fertilization), value 621.0 -- collapsing onto the generic entry would erase the exact distinction this dataset exists to preserve. DRAFT -- confirm before sign-off. Flag for matching-rule review: pipeline reported zero candidates even though a same-genus generic entry exists (under a different name, in some cases)."
01010232:PHYTCPPI,"Rice, Japonica, Xiushui63, dehulled, dried, high N fertilization",PHYTCPPI,664.0,,,,no FDC candidate found for this source description,unresolved,,,unusable,,,"Generic catalog entry exists (""Rice bran, crude"" / ""Rice flour, brown"" (sr_legacy_food)) but this row is a specific breeding line/cultivar/processing-treatment at a distinct growth stage, transgenic status, or fertilization regime (Japonica, Xiushui63, dehulled, dried, high N fertilization), value 664.0 -- collapsing onto the generic entry would erase the exact distinction this dataset exists to preserve. DRAFT -- confirm before sign-off. Flag for matching-rule review: pipeline reported zero candidates even though a same-genus generic entry exists (under a different name, in some cases)."
01010233:PHYTCPPI,"Rice, Japonica, Xiushui63, dehulled, dried, high N fertilization",PHYTCPPI,671.0,,,,no FDC candidate found for this source description,unresolved,,,unusable,,,"Generic catalog entry exists (""Rice bran, crude"" / ""Rice flour, brown"" (sr_legacy_food)) but this row is a specific breeding line/cultivar/processing-treatment at a distinct growth stage, transgenic status, or fertilization regime (Japonica, Xiushui63, dehulled, dried, high N fertilization), value 671.0 -- collapsing onto the generic entry would erase the exact distinction this dataset exists to preserve. DRAFT -- confirm before sign-off. Flag for matching-rule review: pipeline reported zero candidates even though a same-genus generic entry exists (under a different name, in some cases)."
01010234:PHYTCPPI,"Rice, Japonica, Xiushui63, dehulled, dried, moderate N fertilization",PHYTCPPI,732.0,,,,no FDC candidate found for this source description,unresolved,,,unusable,,,"Generic catalog entry exists (""Rice bran, crude"" / ""Rice flour, brown"" (sr_legacy_food)) but this row is a specific breeding line/cultivar/processing-treatment at a distinct growth stage, transgenic status, or fertilization regime (Japonica, Xiushui63, dehulled, dried, moderate N fertilization), value 732.0 -- collapsing onto the generic entry would erase the exact distinction this dataset exists to preserve. DRAFT -- confirm before sign-off. Flag for matching-rule review: pipeline reported zero candidates even though a same-genus generic entry exists (under a different name, in some cases)."
01010235:PHYTCPPI,"Rice, Japonica, Xiushui63, dehulled, dried, moderate N fertilization",PHYTCPPI,637.0,,,,no FDC candidate found for this source description,unresolved,,,unusable,,,"Generic catalog entry exists (""Rice bran, crude"" / ""Rice flour, brown"" (sr_legacy_food)) but this row is a specific breeding line/cultivar/processing-treatment at a distinct growth stage, transgenic status, or fertilization regime (Japonica, Xiushui63, dehulled, dried, moderate N fertilization), value 637.0 -- collapsing onto the generic entry would erase the exact distinction this dataset exists to preserve. DRAFT -- confirm before sign-off. Flag for matching-rule review: pipeline reported zero candidates even though a same-genus generic entry exists (under a different name, in some cases)."
01010239:PHYTCPPI,"Rice, Japonica, Xudao3, dehulled, dried, moderate N fertilization",PHYTCPPI,843.0,,,,no FDC candidate found for this source description,unresolved,,,unusable,,,"Generic catalog entry exists (""Rice bran, crude"" / ""Rice flour, brown"" (sr_legacy_food)) but this row is a specific breeding line/cultivar/processing-treatment at a distinct growth stage, transgenic status, or fertilization regime (Japonica, Xudao3, dehulled, dried, moderate N fertilization), value 843.0 -- collapsing onto the generic entry would erase the exact distinction this dataset exists to preserve. DRAFT -- confirm before sign-off. Flag for matching-rule review: pipeline reported zero candidates even though a same-genus generic entry exists (under a different name, in some cases)."
01010240:PHYTCPPI,"Rice, Japonica, Xudao3, dehulled, dried, moderate N fertilization",PHYTCPPI,725.0,,,,no FDC candidate found for this source description,unresolved,,,unusable,,,"Generic catalog entry exists (""Rice bran, crude"" / ""Rice flour, brown"" (sr_legacy_food)) but this row is a specific breeding line/cultivar/processing-treatment at a distinct growth stage, transgenic status, or fertilization regime (Japonica, Xudao3, dehulled, dried, moderate N fertilization), value 725.0 -- collapsing onto the generic entry would erase the exact distinction this dataset exists to preserve. DRAFT -- confirm before sign-off. Flag for matching-rule review: pipeline reported zero candidates even though a same-genus generic entry exists (under a different name, in some cases)."
01010244:PHYTCPPI,"Rice, Japonica, Xudao4, dehulled, dried, moderate N fertilization",PHYTCPPI,872.0,,,,no FDC candidate found for this source description,unresolved,,,unusable,,,"Generic catalog entry exists (""Rice bran, crude"" / ""Rice flour, brown"" (sr_legacy_food)) but this row is a specific breeding line/cultivar/processing-treatment at a distinct growth stage, transgenic status, or fertilization regime (Japonica, Xudao4, dehulled, dried, moderate N fertilization), value 872.0 -- collapsing onto the generic entry would erase the exact distinction this dataset exists to preserve. DRAFT -- confirm before sign-off. Flag for matching-rule review: pipeline reported zero candidates even though a same-genus generic entry exists (under a different name, in some cases)."
01010245:PHYTCPPI,"Rice, Japonica, Xudao4, dehulled, dried, moderate N fertilization",PHYTCPPI,773.0,,,,no FDC candidate found for this source description,unresolved,,,unusable,,,"Generic catalog entry exists (""Rice bran, crude"" / ""Rice flour, brown"" (sr_legacy_food)) but this row is a specific breeding line/cultivar/processing-treatment at a distinct growth stage, transgenic status, or fertilization regime (Japonica, Xudao4, dehulled, dried, moderate N fertilization), value 773.0 -- collapsing onto the generic entry would erase the exact distinction this dataset exists to preserve. DRAFT -- confirm before sign-off. Flag for matching-rule review: pipeline reported zero candidates even though a same-genus generic entry exists (under a different name, in some cases)."
01010249:PHYTCPPI,"Rice, Japonica, Xudao5, dehulled, dried, moderate N fertilization",PHYTCPPI,760.0,,,,no FDC candidate found for this source description,unresolved,,,unusable,,,"Generic catalog entry exists (""Rice bran, crude"" / ""Rice flour, brown"" (sr_legacy_food)) but this row is a specific breeding line/cultivar/processing-treatment at a distinct growth stage, transgenic status, or fertilization regime (Japonica, Xudao5, dehulled, dried, moderate N fertilization), value 760.0 -- collapsing onto the generic entry would erase the exact distinction this dataset exists to preserve. DRAFT -- confirm before sign-off. Flag for matching-rule review: pipeline reported zero candidates even though a same-genus generic entry exists (under a different name, in some cases)."
01010250:PHYTCPPI,"Rice, Japonica, Xudao5, dehulled, dried, moderate N fertilization",PHYTCPPI,737.0,,,,no FDC candidate found for this source description,unresolved,,,unusable,,,"Generic catalog entry exists (""Rice bran, crude"" / ""Rice flour, brown"" (sr_legacy_food)) but this row is a specific breeding line/cultivar/processing-treatment at a distinct growth stage, transgenic status, or fertilization regime (Japonica, Xudao5, dehulled, dried, moderate N fertilization), value 737.0 -- collapsing onto the generic entry would erase the exact distinction this dataset exists to preserve. DRAFT -- confirm before sign-off. Flag for matching-rule review: pipeline reported zero candidates even though a same-genus generic entry exists (under a different name, in some cases)."
01010252:PHYTCPPI,"Rice, Japonica, Yanjing2, dehulled, dried, high N fertilization",PHYTCPPI,776.0,,,,no FDC candidate found for this source description,unresolved,,,unusable,,,"Generic catalog entry exists (""Rice bran, crude"" / ""Rice flour, brown"" (sr_legacy_food)) but this row is a specific breeding line/cultivar/processing-treatment at a distinct growth stage, transgenic status, or fertilization regime (Japonica, Yanjing2, dehulled, dried, high N fertilization), value 776.0 -- collapsing onto the generic entry would erase the exact distinction this dataset exists to preserve. DRAFT -- confirm before sign-off. Flag for matching-rule review: pipeline reported zero candidates even though a same-genus generic entry exists (under a different name, in some cases)."
01010253:PHYTCPPI,"Rice, Japonica, Yanjing2, dehulled, dried, high N fertilization",PHYTCPPI,737.0,,,,no FDC candidate found for this source description,unresolved,,,unusable,,,"Generic catalog entry exists (""Rice bran, crude"" / ""Rice flour, brown"" (sr_legacy_food)) but this row is a specific breeding line/cultivar/processing-treatment at a distinct growth stage, transgenic status, or fertilization regime (Japonica, Yanjing2, dehulled, dried, high N fertilization), value 737.0 -- collapsing onto the generic entry would erase the exact distinction this dataset exists to preserve. DRAFT -- confirm before sign-off. Flag for matching-rule review: pipeline reported zero candidates even though a same-genus generic entry exists (under a different name, in some cases)."
01010254:PHYTCPPI,"Rice, Japonica, Yanjing2, dehulled, dried, moderate N fertilization",PHYTCPPI,810.0,,,,no FDC candidate found for this source description,unresolved,,,unusable,,,"Generic catalog entry exists (""Rice bran, crude"" / ""Rice flour, brown"" (sr_legacy_food)) but this row is a specific breeding line/cultivar/processing-treatment at a distinct growth stage, transgenic status, or fertilization regime (Japonica, Yanjing2, dehulled, dried, moderate N fertilization), value 810.0 -- collapsing onto the generic entry would erase the exact distinction this dataset exists to preserve. DRAFT -- confirm before sign-off. Flag for matching-rule review: pipeline reported zero candidates even though a same-genus generic entry exists (under a different name, in some cases)."
01010255:PHYTCPPI,"Rice, Japonica, Yanjing2, dehulled, dried, moderate N fertilization",PHYTCPPI,826.0,,,,no FDC candidate found for this source description,unresolved,,,unusable,,,"Generic catalog entry exists (""Rice bran, crude"" / ""Rice flour, brown"" (sr_legacy_food)) but this row is a specific breeding line/cultivar/processing-treatment at a distinct growth stage, transgenic status, or fertilization regime (Japonica, Yanjing2, dehulled, dried, moderate N fertilization), value 826.0 -- collapsing onto the generic entry would erase the exact distinction this dataset exists to preserve. DRAFT -- confirm before sign-off. Flag for matching-rule review: pipeline reported zero candidates even though a same-genus generic entry exists (under a different name, in some cases)."
01010257:PHYTCPPI,"Rice, Japonica, Yanjing5, dehulled, dried, high N fertilization",PHYTCPPI,791.0,,,,no FDC candidate found for this source description,unresolved,,,unusable,,,"Generic catalog entry exists (""Rice bran, crude"" / ""Rice flour, brown"" (sr_legacy_food)) but this row is a specific breeding line/cultivar/processing-treatment at a distinct growth stage, transgenic status, or fertilization regime (Japonica, Yanjing5, dehulled, dried, high N fertilization), value 791.0 -- collapsing onto the generic entry would erase the exact distinction this dataset exists to preserve. DRAFT -- confirm before sign-off. Flag for matching-rule review: pipeline reported zero candidates even though a same-genus generic entry exists (under a different name, in some cases)."
01010258:PHYTCPPI,"Rice, Japonica, Yanjing5, dehulled, dried, high N fertilization",PHYTCPPI,738.0,,,,no FDC candidate found for this source description,unresolved,,,unusable,,,"Generic catalog entry exists (""Rice bran, crude"" / ""Rice flour, brown"" (sr_legacy_food)) but this row is a specific breeding line/cultivar/processing-treatment at a distinct growth stage, transgenic status, or fertilization regime (Japonica, Yanjing5, dehulled, dried, high N fertilization), value 738.0 -- collapsing onto the generic entry would erase the exact distinction this dataset exists to preserve. DRAFT -- confirm before sign-off. Flag for matching-rule review: pipeline reported zero candidates even though a same-genus generic entry exists (under a different name, in some cases)."
01010259:PHYTCPPI,"Rice, Japonica, Yanjing5, dehulled, dried, moderate N fertilization",PHYTCPPI,803.0,,,,no FDC candidate found for this source description,unresolved,,,unusable,,,"Generic catalog entry exists (""Rice bran, crude"" / ""Rice flour, brown"" (sr_legacy_food)) but this row is a specific breeding line/cultivar/processing-treatment at a distinct growth stage, transgenic status, or fertilization regime (Japonica, Yanjing5, dehulled, dried, moderate N fertilization), value 803.0 -- collapsing onto the generic entry would erase the exact distinction this dataset exists to preserve. DRAFT -- confirm before sign-off. Flag for matching-rule review: pipeline reported zero candidates even though a same-genus generic entry exists (under a different name, in some cases)."
01010260:PHYTCPPI,"Rice, Japonica, Yanjing5, dehulled, dried, moderate N fertilization",PHYTCPPI,821.0,,,,no FDC candidate found for this source description,unresolved,,,unusable,,,"Generic catalog entry exists (""Rice bran, crude"" / ""Rice flour, brown"" (sr_legacy_food)) but this row is a specific breeding line/cultivar/processing-treatment at a distinct growth stage, transgenic status, or fertilization regime (Japonica, Yanjing5, dehulled, dried, moderate N fertilization), value 821.0 -- collapsing onto the generic entry would erase the exact distinction this dataset exists to preserve. DRAFT -- confirm before sign-off. Flag for matching-rule review: pipeline reported zero candidates even though a same-genus generic entry exists (under a different name, in some cases)."
01010262:PHYTCPPI,"Rice, Japonica, Yanjing9, dehulled, dried, high N fertilization",PHYTCPPI,724.0,,,,no FDC candidate found for this source description,unresolved,,,unusable,,,"Generic catalog entry exists (""Rice bran, crude"" / ""Rice flour, brown"" (sr_legacy_food)) but this row is a specific breeding line/cultivar/processing-treatment at a distinct growth stage, transgenic status, or fertilization regime (Japonica, Yanjing9, dehulled, dried, high N fertilization), value 724.0 -- collapsing onto the generic entry would erase the exact distinction this dataset exists to preserve. DRAFT -- confirm before sign-off. Flag for matching-rule review: pipeline reported zero candidates even though a same-genus generic entry exists (under a different name, in some cases)."
01010263:PHYTCPPI,"Rice, Japonica, Yanjing9, dehulled, dried, high N fertilization",PHYTCPPI,712.0,,,,no FDC candidate found for this source description,unresolved,,,unusable,,,"Generic catalog entry exists (""Rice bran, crude"" / ""Rice flour, brown"" (sr_legacy_food)) but this row is a specific breeding line/cultivar/processing-treatment at a distinct growth stage, transgenic status, or fertilization regime (Japonica, Yanjing9, dehulled, dried, high N fertilization), value 712.0 -- collapsing onto the generic entry would erase the exact distinction this dataset exists to preserve. DRAFT -- confirm before sign-off. Flag for matching-rule review: pipeline reported zero candidates even though a same-genus generic entry exists (under a different name, in some cases)."
01010264:PHYTCPPI,"Rice, Japonica, Yanjing9, dehulled, dried, moderate N fertilization",PHYTCPPI,812.0,,,,no FDC candidate found for this source description,unresolved,,,unusable,,,"Generic catalog entry exists (""Rice bran, crude"" / ""Rice flour, brown"" (sr_legacy_food)) but this row is a specific breeding line/cultivar/processing-treatment at a distinct growth stage, transgenic status, or fertilization regime (Japonica, Yanjing9, dehulled, dried, moderate N fertilization), value 812.0 -- collapsing onto the generic entry would erase the exact distinction this dataset exists to preserve. DRAFT -- confirm before sign-off. Flag for matching-rule review: pipeline reported zero candidates even though a same-genus generic entry exists (under a different name, in some cases)."
01010265:PHYTCPPI,"Rice, Japonica, Yanjing9, dehulled, dried, moderate N fertilization",PHYTCPPI,729.0,,,,no FDC candidate found for this source description,unresolved,,,unusable,,,"Generic catalog entry exists (""Rice bran, crude"" / ""Rice flour, brown"" (sr_legacy_food)) but this row is a specific breeding line/cultivar/processing-treatment at a distinct growth stage, transgenic status, or fertilization regime (Japonica, Yanjing9, dehulled, dried, moderate N fertilization), value 729.0 -- collapsing onto the generic entry would erase the exact distinction this dataset exists to preserve. DRAFT -- confirm before sign-off. Flag for matching-rule review: pipeline reported zero candidates even though a same-genus generic entry exists (under a different name, in some cases)."
01010267:PHYTCPPI,"Rice, Japonica, Zaofeng9, dehulled, dried, high N fertilization",PHYTCPPI,758.0,,,,no FDC candidate found for this source description,unresolved,,,unusable,,,"Generic catalog entry exists (""Rice bran, crude"" / ""Rice flour, brown"" (sr_legacy_food)) but this row is a specific breeding line/cultivar/processing-treatment at a distinct growth stage, transgenic status, or fertilization regime (Japonica, Zaofeng9, dehulled, dried, high N fertilization), value 758.0 -- collapsing onto the generic entry would erase the exact distinction this dataset exists to preserve. DRAFT -- confirm before sign-off. Flag for matching-rule review: pipeline reported zero candidates even though a same-genus generic entry exists (under a different name, in some cases)."
01010268:PHYTCPPI,"Rice, Japonica, Zaofeng9, dehulled, dried, high N fertilization",PHYTCPPI,727.0,,,,no FDC candidate found for this source description,unresolved,,,unusable,,,"Generic catalog entry exists (""Rice bran, crude"" / ""Rice flour, brown"" (sr_legacy_food)) but this row is a specific breeding line/cultivar/processing-treatment at a distinct growth stage, transgenic status, or fertilization regime (Japonica, Zaofeng9, dehulled, dried, high N fertilization), value 727.0 -- collapsing onto the generic entry would erase the exact distinction this dataset exists to preserve. DRAFT -- confirm before sign-off. Flag for matching-rule review: pipeline reported zero candidates even though a same-genus generic entry exists (under a different name, in some cases)."
01010269:PHYTCPPI,"Rice, Japonica, Zaofeng9, dehulled, dried, moderate N fertilization",PHYTCPPI,800.0,,,,no FDC candidate found for this source description,unresolved,,,unusable,,,"Generic catalog entry exists (""Rice bran, crude"" / ""Rice flour, brown"" (sr_legacy_food)) but this row is a specific breeding line/cultivar/processing-treatment at a distinct growth stage, transgenic status, or fertilization regime (Japonica, Zaofeng9, dehulled, dried, moderate N fertilization), value 800.0 -- collapsing onto the generic entry would erase the exact distinction this dataset exists to preserve. DRAFT -- confirm before sign-off. Flag for matching-rule review: pipeline reported zero candidates even though a same-genus generic entry exists (under a different name, in some cases)."
01010270:PHYTCPPI,"Rice, Japonica, Zaofeng9, dehulled, dried, moderate N fertilization",PHYTCPPI,774.0,,,,no FDC candidate found for this source description,unresolved,,,unusable,,,"Generic catalog entry exists (""Rice bran, crude"" / ""Rice flour, brown"" (sr_legacy_food)) but this row is a specific breeding line/cultivar/processing-treatment at a distinct growth stage, transgenic status, or fertilization regime (Japonica, Zaofeng9, dehulled, dried, moderate N fertilization), value 774.0 -- collapsing onto the generic entry would erase the exact distinction this dataset exists to preserve. DRAFT -- confirm before sign-off. Flag for matching-rule review: pipeline reported zero candidates even though a same-genus generic entry exists (under a different name, in some cases)."
01010272:PHYTCPPI,"Rice, Japonica, Zhendao10, dehulled, dried, high N fertilization",PHYTCPPI,739.0,,,,no FDC candidate found for this source description,unresolved,,,unusable,,,"Generic catalog entry exists (""Rice bran, crude"" / ""Rice flour, brown"" (sr_legacy_food)) but this row is a specific breeding line/cultivar/processing-treatment at a distinct growth stage, transgenic status, or fertilization regime (Japonica, Zhendao10, dehulled, dried, high N fertilization), value 739.0 -- collapsing onto the generic entry would erase the exact distinction this dataset exists to preserve. DRAFT -- confirm before sign-off. Flag for matching-rule review: pipeline reported zero candidates even though a same-genus generic entry exists (under a different name, in some cases)."
01010273:PHYTCPPI,"Rice, Japonica, Zhendao10, dehulled, dried, high N fertilization",PHYTCPPI,677.0,,,,no FDC candidate found for this source description,unresolved,,,unusable,,,"Generic catalog entry exists (""Rice bran, crude"" / ""Rice flour, brown"" (sr_legacy_food)) but this row is a specific breeding line/cultivar/processing-treatment at a distinct growth stage, transgenic status, or fertilization regime (Japonica, Zhendao10, dehulled, dried, high N fertilization), value 677.0 -- collapsing onto the generic entry would erase the exact distinction this dataset exists to preserve. DRAFT -- confirm before sign-off. Flag for matching-rule review: pipeline reported zero candidates even though a same-genus generic entry exists (under a different name, in some cases)."
01010274:PHYTCPPI,"Rice, Japonica, Zhendao10, dehulled, dried, moderate N fertilization",PHYTCPPI,786.0,,,,no FDC candidate found for this source description,unresolved,,,unusable,,,"Generic catalog entry exists (""Rice bran, crude"" / ""Rice flour, brown"" (sr_legacy_food)) but this row is a specific breeding line/cultivar/processing-treatment at a distinct growth stage, transgenic status, or fertilization regime (Japonica, Zhendao10, dehulled, dried, moderate N fertilization), value 786.0 -- collapsing onto the generic entry would erase the exact distinction this dataset exists to preserve. DRAFT -- confirm before sign-off. Flag for matching-rule review: pipeline reported zero candidates even though a same-genus generic entry exists (under a different name, in some cases)."
01010275:PHYTCPPI,"Rice, Japonica, Zhendao10, dehulled, dried, moderate N fertilization",PHYTCPPI,796.0,,,,no FDC candidate found for this source description,unresolved,,,unusable,,,"Generic catalog entry exists (""Rice bran, crude"" / ""Rice flour, brown"" (sr_legacy_food)) but this row is a specific breeding line/cultivar/processing-treatment at a distinct growth stage, transgenic status, or fertilization regime (Japonica, Zhendao10, dehulled, dried, moderate N fertilization), value 796.0 -- collapsing onto the generic entry would erase the exact distinction this dataset exists to preserve. DRAFT -- confirm before sign-off. Flag for matching-rule review: pipeline reported zero candidates even though a same-genus generic entry exists (under a different name, in some cases)."
01010277:PHYTCPPI,"Rice, Japonica, Zhendao88, dehulled, dried, high N fertilization",PHYTCPPI,752.0,,,,no FDC candidate found for this source description,unresolved,,,unusable,,,"Generic catalog entry exists (""Rice bran, crude"" / ""Rice flour, brown"" (sr_legacy_food)) but this row is a specific breeding line/cultivar/processing-treatment at a distinct growth stage, transgenic status, or fertilization regime (Japonica, Zhendao88, dehulled, dried, high N fertilization), value 752.0 -- collapsing onto the generic entry would erase the exact distinction this dataset exists to preserve. DRAFT -- confirm before sign-off. Flag for matching-rule review: pipeline reported zero candidates even though a same-genus generic entry exists (under a different name, in some cases)."
01010278:PHYTCPPI,"Rice, Japonica, Zhendao88, dehulled, dried, high N fertilization",PHYTCPPI,754.0,,,,no FDC candidate found for this source description,unresolved,,,unusable,,,"Generic catalog entry exists (""Rice bran, crude"" / ""Rice flour, brown"" (sr_legacy_food)) but this row is a specific breeding line/cultivar/processing-treatment at a distinct growth stage, transgenic status, or fertilization regime (Japonica, Zhendao88, dehulled, dried, high N fertilization), value 754.0 -- collapsing onto the generic entry would erase the exact distinction this dataset exists to preserve. DRAFT -- confirm before sign-off. Flag for matching-rule review: pipeline reported zero candidates even though a same-genus generic entry exists (under a different name, in some cases)."
01010279:PHYTCPPI,"Rice, Japonica, Zhendao88, dehulled, dried, moderate N fertilization",PHYTCPPI,818.0,,,,no FDC candidate found for this source description,unresolved,,,unusable,,,"Generic catalog entry exists (""Rice bran, crude"" / ""Rice flour, brown"" (sr_legacy_food)) but this row is a specific breeding line/cultivar/processing-treatment at a distinct growth stage, transgenic status, or fertilization regime (Japonica, Zhendao88, dehulled, dried, moderate N fertilization), value 818.0 -- collapsing onto the generic entry would erase the exact distinction this dataset exists to preserve. DRAFT -- confirm before sign-off. Flag for matching-rule review: pipeline reported zero candidates even though a same-genus generic entry exists (under a different name, in some cases)."
01010280:PHYTCPPI,"Rice, Japonica, Zhendao88, dehulled, dried, moderate N fertilization",PHYTCPPI,810.0,,,,no FDC candidate found for this source description,unresolved,,,unusable,,,"Generic catalog entry exists (""Rice bran, crude"" / ""Rice flour, brown"" (sr_legacy_food)) but this row is a specific breeding line/cultivar/processing-treatment at a distinct growth stage, transgenic status, or fertilization regime (Japonica, Zhendao88, dehulled, dried, moderate N fertilization), value 810.0 -- collapsing onto the generic entry would erase the exact distinction this dataset exists to preserve. DRAFT -- confirm before sign-off. Flag for matching-rule review: pipeline reported zero candidates even though a same-genus generic entry exists (under a different name, in some cases)."
01010282:PHYTCPPI,"Rice, Japonica, Zhendao99, dehulled, dried, high N fertilization",PHYTCPPI,710.0,,,,no FDC candidate found for this source description,unresolved,,,unusable,,,"Generic catalog entry exists (""Rice bran, crude"" / ""Rice flour, brown"" (sr_legacy_food)) but this row is a specific breeding line/cultivar/processing-treatment at a distinct growth stage, transgenic status, or fertilization regime (Japonica, Zhendao99, dehulled, dried, high N fertilization), value 710.0 -- collapsing onto the generic entry would erase the exact distinction this dataset exists to preserve. DRAFT -- confirm before sign-off. Flag for matching-rule review: pipeline reported zero candidates even though a same-genus generic entry exists (under a different name, in some cases)."
01010283:PHYTCPPI,"Rice, Japonica, Zhendao99, dehulled, dried, high N fertilization",PHYTCPPI,686.0,,,,no FDC candidate found for this source description,unresolved,,,unusable,,,"Generic catalog entry exists (""Rice bran, crude"" / ""Rice flour, brown"" (sr_legacy_food)) but this row is a specific breeding line/cultivar/processing-treatment at a distinct growth stage, transgenic status, or fertilization regime (Japonica, Zhendao99, dehulled, dried, high N fertilization), value 686.0 -- collapsing onto the generic entry would erase the exact distinction this dataset exists to preserve. DRAFT -- confirm before sign-off. Flag for matching-rule review: pipeline reported zero candidates even though a same-genus generic entry exists (under a different name, in some cases)."
01010284:PHYTCPPI,"Rice, Japonica, Zhendao99, dehulled, dried, moderate N fertilization",PHYTCPPI,806.0,,,,no FDC candidate found for this source description,unresolved,,,unusable,,,"Generic catalog entry exists (""Rice bran, crude"" / ""Rice flour, brown"" (sr_legacy_food)) but this row is a specific breeding line/cultivar/processing-treatment at a distinct growth stage, transgenic status, or fertilization regime (Japonica, Zhendao99, dehulled, dried, moderate N fertilization), value 806.0 -- collapsing onto the generic entry would erase the exact distinction this dataset exists to preserve. DRAFT -- confirm before sign-off. Flag for matching-rule review: pipeline reported zero candidates even though a same-genus generic entry exists (under a different name, in some cases)."
01010285:PHYTCPPI,"Rice, Japonica, Zhendao99, dehulled, dried, moderate N fertilization",PHYTCPPI,852.0,,,,no FDC candidate found for this source description,unresolved,,,unusable,,,"Generic catalog entry exists (""Rice bran, crude"" / ""Rice flour, brown"" (sr_legacy_food)) but this row is a specific breeding line/cultivar/processing-treatment at a distinct growth stage, transgenic status, or fertilization regime (Japonica, Zhendao99, dehulled, dried, moderate N fertilization), value 852.0 -- collapsing onto the generic entry would erase the exact distinction this dataset exists to preserve. DRAFT -- confirm before sign-off. Flag for matching-rule review: pipeline reported zero candidates even though a same-genus generic entry exists (under a different name, in some cases)."
01020075:PHYTCPPD,"Maize, Bc 183 (1985), milky maturation stage, raw",PHYTCPPD,10.0,,,,no FDC candidate found for this source description,unresolved,,,unusable,,,"Generic catalog entry exists (""Corn grain, yellow/white"", sr_legacy_food -- FDC catalogs this under ""Corn"", not ""Maize"", which is why the pipeline's literal-genus search missed it too) but this row is Bc 183 (1985), milky maturation stage, raw, value 10.0 -- for the transgenic NK603-trait rows this is one half of a positive/negative-trait comparison pair; collapsing either half onto one generic entry would erase the comparison the data exists to support, and for the landrace rows it would erase the landrace/maturation-stage distinction. DRAFT -- confirm before sign-off. Flag for matching-rule review: a Corn synonym would likely fix this whole group."
01020076:PHYTCPPD,"Maize, Bc 183 (1985), milky maturation stage, raw",PHYTCPPD,190.0,,,,no FDC candidate found for this source description,unresolved,,,unusable,,,"Generic catalog entry exists (""Corn grain, yellow/white"", sr_legacy_food -- FDC catalogs this under ""Corn"", not ""Maize"", which is why the pipeline's literal-genus search missed it too) but this row is Bc 183 (1985), milky maturation stage, raw, value 190.0 -- for the transgenic NK603-trait rows this is one half of a positive/negative-trait comparison pair; collapsing either half onto one generic entry would erase the comparison the data exists to support, and for the landrace rows it would erase the landrace/maturation-stage distinction. DRAFT -- confirm before sign-off. Flag for matching-rule review: a Corn synonym would likely fix this whole group."
01020082:PHYTCPPD,"Maize, Bc 183 (1986), milky maturation stage, raw",PHYTCPPD,20.0,,,,no FDC candidate found for this source description,unresolved,,,unusable,,,"Generic catalog entry exists (""Corn grain, yellow/white"", sr_legacy_food -- FDC catalogs this under ""Corn"", not ""Maize"", which is why the pipeline's literal-genus search missed it too) but this row is Bc 183 (1986), milky maturation stage, raw, value 20.0 -- for the transgenic NK603-trait rows this is one half of a positive/negative-trait comparison pair; collapsing either half onto one generic entry would erase the comparison the data exists to support, and for the landrace rows it would erase the landrace/maturation-stage distinction. DRAFT -- confirm before sign-off. Flag for matching-rule review: a Corn synonym would likely fix this whole group."
01020083:PHYTCPPD,"Maize, Bc 183 (1986), milky maturation stage, raw",PHYTCPPD,140.0,,,,no FDC candidate found for this source description,unresolved,,,unusable,,,"Generic catalog entry exists (""Corn grain, yellow/white"", sr_legacy_food -- FDC catalogs this under ""Corn"", not ""Maize"", which is why the pipeline's literal-genus search missed it too) but this row is Bc 183 (1986), milky maturation stage, raw, value 140.0 -- for the transgenic NK603-trait rows this is one half of a positive/negative-trait comparison pair; collapsing either half onto one generic entry would erase the comparison the data exists to support, and for the landrace rows it would erase the landrace/maturation-stage distinction. DRAFT -- confirm before sign-off. Flag for matching-rule review: a Corn synonym would likely fix this whole group."
01020089:PHYTCPPD,"Maize, Bc 196 (1985), milky maturation stage, raw",PHYTCPPD,10.0,,,,no FDC candidate found for this source description,unresolved,,,unusable,,,"Generic catalog entry exists (""Corn grain, yellow/white"", sr_legacy_food -- FDC catalogs this under ""Corn"", not ""Maize"", which is why the pipeline's literal-genus search missed it too) but this row is Bc 196 (1985), milky maturation stage, raw, value 10.0 -- for the transgenic NK603-trait rows this is one half of a positive/negative-trait comparison pair; collapsing either half onto one generic entry would erase the comparison the data exists to support, and for the landrace rows it would erase the landrace/maturation-stage distinction. DRAFT -- confirm before sign-off. Flag for matching-rule review: a Corn synonym would likely fix this whole group."
01020090:PHYTCPPD,"Maize, Bc 196 (1985), milky maturation stage, raw",PHYTCPPD,180.0,,,,no FDC candidate found for this source description,unresolved,,,unusable,,,"Generic catalog entry exists (""Corn grain, yellow/white"", sr_legacy_food -- FDC catalogs this under ""Corn"", not ""Maize"", which is why the pipeline's literal-genus search missed it too) but this row is Bc 196 (1985), milky maturation stage, raw, value 180.0 -- for the transgenic NK603-trait rows this is one half of a positive/negative-trait comparison pair; collapsing either half onto one generic entry would erase the comparison the data exists to support, and for the landrace rows it would erase the landrace/maturation-stage distinction. DRAFT -- confirm before sign-off. Flag for matching-rule review: a Corn synonym would likely fix this whole group."
01020096:PHYTCPPD,"Maize, Bc 196 (1986), milky maturation stage, raw",PHYTCPPD,10.0,,,,no FDC candidate found for this source description,unresolved,,,unusable,,,"Generic catalog entry exists (""Corn grain, yellow/white"", sr_legacy_food -- FDC catalogs this under ""Corn"", not ""Maize"", which is why the pipeline's literal-genus search missed it too) but this row is Bc 196 (1986), milky maturation stage, raw, value 10.0 -- for the transgenic NK603-trait rows this is one half of a positive/negative-trait comparison pair; collapsing either half onto one generic entry would erase the comparison the data exists to support, and for the landrace rows it would erase the landrace/maturation-stage distinction. DRAFT -- confirm before sign-off. Flag for matching-rule review: a Corn synonym would likely fix this whole group."
01020097:PHYTCPPD,"Maize, Bc 196 (1986), milky maturation stage, raw",PHYTCPPD,120.0,,,,no FDC candidate found for this source description,unresolved,,,unusable,,,"Generic catalog entry exists (""Corn grain, yellow/white"", sr_legacy_food -- FDC catalogs this under ""Corn"", not ""Maize"", which is why the pipeline's literal-genus search missed it too) but this row is Bc 196 (1986), milky maturation stage, raw, value 120.0 -- for the transgenic NK603-trait rows this is one half of a positive/negative-trait comparison pair; collapsing either half onto one generic entry would erase the comparison the data exists to support, and for the landrace rows it would erase the landrace/maturation-stage distinction. DRAFT -- confirm before sign-off. Flag for matching-rule review: a Corn synonym would likely fix this whole group."
01020103:PHYTCPPD,"Maize, Bc 488 (1985), milky maturation stage, raw",PHYTCPPD,10.0,,,,no FDC candidate found for this source description,unresolved,,,unusable,,,"Generic catalog entry exists (""Corn grain, yellow/white"", sr_legacy_food -- FDC catalogs this under ""Corn"", not ""Maize"", which is why the pipeline's literal-genus search missed it too) but this row is Bc 488 (1985), milky maturation stage, raw, value 10.0 -- for the transgenic NK603-trait rows this is one half of a positive/negative-trait comparison pair; collapsing either half onto one generic entry would erase the comparison the data exists to support, and for the landrace rows it would erase the landrace/maturation-stage distinction. DRAFT -- confirm before sign-off. Flag for matching-rule review: a Corn synonym would likely fix this whole group."
01020104:PHYTCPPD,"Maize, Bc 488 (1985), milky maturation stage, raw",PHYTCPPD,50.0,,,,no FDC candidate found for this source description,unresolved,,,unusable,,,"Generic catalog entry exists (""Corn grain, yellow/white"", sr_legacy_food -- FDC catalogs this under ""Corn"", not ""Maize"", which is why the pipeline's literal-genus search missed it too) but this row is Bc 488 (1985), milky maturation stage, raw, value 50.0 -- for the transgenic NK603-trait rows this is one half of a positive/negative-trait comparison pair; collapsing either half onto one generic entry would erase the comparison the data exists to support, and for the landrace rows it would erase the landrace/maturation-stage distinction. DRAFT -- confirm before sign-off. Flag for matching-rule review: a Corn synonym would likely fix this whole group."
01020110:PHYTCPPD,"Maize, Bc 488 (1986), milky maturation stage, raw",PHYTCPPD,10.0,,,,no FDC candidate found for this source description,unresolved,,,unusable,,,"Generic catalog entry exists (""Corn grain, yellow/white"", sr_legacy_food -- FDC catalogs this under ""Corn"", not ""Maize"", which is why the pipeline's literal-genus search missed it too) but this row is Bc 488 (1986), milky maturation stage, raw, value 10.0 -- for the transgenic NK603-trait rows this is one half of a positive/negative-trait comparison pair; collapsing either half onto one generic entry would erase the comparison the data exists to support, and for the landrace rows it would erase the landrace/maturation-stage distinction. DRAFT -- confirm before sign-off. Flag for matching-rule review: a Corn synonym would likely fix this whole group."
01020111:PHYTCPPD,"Maize, Bc 488 (1986), milky maturation stage, raw",PHYTCPPD,60.0,,,,no FDC candidate found for this source description,unresolved,,,unusable,,,"Generic catalog entry exists (""Corn grain, yellow/white"", sr_legacy_food -- FDC catalogs this under ""Corn"", not ""Maize"", which is why the pipeline's literal-genus search missed it too) but this row is Bc 488 (1986), milky maturation stage, raw, value 60.0 -- for the transgenic NK603-trait rows this is one half of a positive/negative-trait comparison pair; collapsing either half onto one generic entry would erase the comparison the data exists to support, and for the landrace rows it would erase the landrace/maturation-stage distinction. DRAFT -- confirm before sign-off. Flag for matching-rule review: a Corn synonym would likely fix this whole group."
01020126:PHYTCPP,"Maize, T1A1 (hybrid), transgenic, negative trait expression (NK603: herbicide tolerance), raw",PHYTCPP,570.7520000000001,,,,no FDC candidate found for this source description,unresolved,,,unusable,,,"Generic catalog entry exists (""Corn grain, yellow/white"", sr_legacy_food -- FDC catalogs this under ""Corn"", not ""Maize"", which is why the pipeline's literal-genus search missed it too) but this row is T1A1 (hybrid), transgenic, negative trait expression (NK603: herbicide tolerance), raw, value 570.7520000000001 -- for the transgenic NK603-trait rows this is one half of a positive/negative-trait comparison pair; collapsing either half onto one generic entry would erase the comparison the data exists to support, and for the landrace rows it would erase the landrace/maturation-stage distinction. DRAFT -- confirm before sign-off. Flag for matching-rule review: a Corn synonym would likely fix this whole group."
01020127:PHYTCPP,"Maize, T1A1 (hybrid), transgenic, positive trait expression (NK603: herbicide tolerance), raw",PHYTCPP,570.56,,,,no FDC candidate found for this source description,unresolved,,,unusable,,,"Generic catalog entry exists (""Corn grain, yellow/white"", sr_legacy_food -- FDC catalogs this under ""Corn"", not ""Maize"", which is why the pipeline's literal-genus search missed it too) but this row is T1A1 (hybrid), transgenic, positive trait expression (NK603: herbicide tolerance), raw, value 570.56 -- for the transgenic NK603-trait rows this is one half of a positive/negative-trait comparison pair; collapsing either half onto one generic entry would erase the comparison the data exists to support, and for the landrace rows it would erase the landrace/maturation-stage distinction. DRAFT -- confirm before sign-off. Flag for matching-rule review: a Corn synonym would likely fix this whole group."
01020128:PHYTCPP,"Maize, T1A2 (hybrid), transgenic, negative trait expression (NK603: herbicide tolerance), raw",PHYTCPP,0.5437289,,,,no FDC candidate found for this source description,unresolved,,,unusable,,,"Generic catalog entry exists (""Corn grain, yellow/white"", sr_legacy_food -- FDC catalogs this under ""Corn"", not ""Maize"", which is why the pipeline's literal-genus search missed it too) but this row is T1A2 (hybrid), transgenic, negative trait expression (NK603: herbicide tolerance), raw, value 0.5437289 -- for the transgenic NK603-trait rows this is one half of a positive/negative-trait comparison pair; collapsing either half onto one generic entry would erase the comparison the data exists to support, and for the landrace rows it would erase the landrace/maturation-stage distinction. DRAFT -- confirm before sign-off. Flag for matching-rule review: a Corn synonym would likely fix this whole group."
01020129:PHYTCPP,"Maize, T1A2 (hybrid), transgenic, positive trait expression (NK603: herbicide tolerance), raw",PHYTCPP,596.568,,,,no FDC candidate found for this source description,unresolved,,,unusable,,,"Generic catalog entry exists (""Corn grain, yellow/white"", sr_legacy_food -- FDC catalogs this under ""Corn"", not ""Maize"", which is why the pipeline's literal-genus search missed it too) but this row is T1A2 (hybrid), transgenic, positive trait expression (NK603: herbicide tolerance), raw, value 596.568 -- for the transgenic NK603-trait rows this is one half of a positive/negative-trait comparison pair; collapsing either half onto one generic entry would erase the comparison the data exists to support, and for the landrace rows it would erase the landrace/maturation-stage distinction. DRAFT -- confirm before sign-off. Flag for matching-rule review: a Corn synonym would likely fix this whole group."
01020130:PHYTCPP,"Maize, T1B1 (hybrid), transgenic, negative trait expression (NK603: herbicide tolerance), raw",PHYTCPP,569.0880000000001,,,,no FDC candidate found for this source description,unresolved,,,unusable,,,"Generic catalog entry exists (""Corn grain, yellow/white"", sr_legacy_food -- FDC catalogs this under ""Corn"", not ""Maize"", which is why the pipeline's literal-genus search missed it too) but this row is T1B1 (hybrid), transgenic, negative trait expression (NK603: herbicide tolerance), raw, value 569.0880000000001 -- for the transgenic NK603-trait rows this is one half of a positive/negative-trait comparison pair; collapsing either half onto one generic entry would erase the comparison the data exists to support, and for the landrace rows it would erase the landrace/maturation-stage distinction. DRAFT -- confirm before sign-off. Flag for matching-rule review: a Corn synonym would likely fix this whole group."
01020131:PHYTCPP,"Maize, T1B1 (hybrid), transgenic, positive trait expression (NK603: herbicide tolerance), raw",PHYTCPP,560.7,,,,no FDC candidate found for this source description,unresolved,,,unusable,,,"Generic catalog entry exists (""Corn grain, yellow/white"", sr_legacy_food -- FDC catalogs this under ""Corn"", not ""Maize"", which is why the pipeline's literal-genus search missed it too) but this row is T1B1 (hybrid), transgenic, positive trait expression (NK603: herbicide tolerance), raw, value 560.7 -- for the transgenic NK603-trait rows this is one half of a positive/negative-trait comparison pair; collapsing either half onto one generic entry would erase the comparison the data exists to support, and for the landrace rows it would erase the landrace/maturation-stage distinction. DRAFT -- confirm before sign-off. Flag for matching-rule review: a Corn synonym would likely fix this whole group."
01020132:PHYTCPP,"Maize, T1B2 (hybrid), transgenic, negative trait expression (NK603: herbicide tolerance), raw",PHYTCPP,541.802,,,,no FDC candidate found for this source description,unresolved,,,unusable,,,"Generic catalog entry exists (""Corn grain, yellow/white"", sr_legacy_food -- FDC catalogs this under ""Corn"", not ""Maize"", which is why the pipeline's literal-genus search missed it too) but this row is T1B2 (hybrid), transgenic, negative trait expression (NK603: herbicide tolerance), raw, value 541.802 -- for the transgenic NK603-trait rows this is one half of a positive/negative-trait comparison pair; collapsing either half onto one generic entry would erase the comparison the data exists to support, and for the landrace rows it would erase the landrace/maturation-stage distinction. DRAFT -- confirm before sign-off. Flag for matching-rule review: a Corn synonym would likely fix this whole group."
01020133:PHYTCPP,"Maize, T1B2 (hybrid), transgenic, positive trait expression (NK603: herbicide tolerance), raw",PHYTCPP,577.98,,,,no FDC candidate found for this source description,unresolved,,,unusable,,,"Generic catalog entry exists (""Corn grain, yellow/white"", sr_legacy_food -- FDC catalogs this under ""Corn"", not ""Maize"", which is why the pipeline's literal-genus search missed it too) but this row is T1B2 (hybrid), transgenic, positive trait expression (NK603: herbicide tolerance), raw, value 577.98 -- for the transgenic NK603-trait rows this is one half of a positive/negative-trait comparison pair; collapsing either half onto one generic entry would erase the comparison the data exists to support, and for the landrace rows it would erase the landrace/maturation-stage distinction. DRAFT -- confirm before sign-off. Flag for matching-rule review: a Corn synonym would likely fix this whole group."
01050090:PHYTCPPD,"Foniopaddy, Finiba/Kassangara, raw, dehulled and milled",PHYTCPPD,590.076,,,,no FDC candidate found for this source description,unresolved,,,unusable,,,"Generic catalog match exists (""Fonio, grain, dry, raw"", foundation_food) but this row is a specific paddy-fonio landrace (Finiba/Kassangara), dehulled-and-milled prep state -- species/prep not confirmed equivalent to the generic entry, and this dataset exists specifically to preserve variety-level phytate differences. Approving the generic would silently overwrite that. DRAFT -- confirm before sign-off. Flag for matching-rule review: pipeline reported zero candidates even though a same-genus generic entry does exist."
03010061:PHYTCPPI,"Bean, 'Rhynchosia filipes', Thallaianai, raw",PHYTCPPI,400.827756,,,,no FDC candidate found for this source description,unresolved,,,unusable,,,"No real correspondence -- genus-word match is spurious. This row is a wild/minor legume species ('Rhynchosia filipes', Thallaianai, raw), not the common bean species (cannellini/snap/fava) that ""Bean"" substring-matched in the catalog. Different species entirely, not a category estimate. DRAFT -- confirm before sign-off."
03010063:PHYTCPPI,"Bean, 'Rhynchosia suaveolens', Papanasam, raw",PHYTCPPI,382.57487999999995,,,,no FDC candidate found for this source description,unresolved,,,unusable,,,"No real correspondence -- genus-word match is spurious. This row is a wild/minor legume species ('Rhynchosia suaveolens', Papanasam, raw), not the common bean species (cannellini/snap/fava) that ""Bean"" substring-matched in the catalog. Different species entirely, not a category estimate. DRAFT -- confirm before sign-off."
03010079:PHYTCPP,"Bean, 'Vigna unguiculata dekindtiana', TVnu 278, Brown, seed, raw",PHYTCPP,1489.0,,,,no FDC candidate found for this source description,unresolved,,,unusable,,,"No real correspondence -- genus-word match is spurious. This row is a wild/minor legume species ('Vigna unguiculata dekindtiana', TVnu 278, Brown, seed, raw), not the common bean species (cannellini/snap/fava) that ""Bean"" substring-matched in the catalog. Different species entirely, not a category estimate. DRAFT -- confirm before sign-off."
03010300:PHYTCPP,"Cowpea, Atchawe-tola, wrinkled, unpigmented, raw",PHYTCPP,1146.25,,,,no FDC candidate found for this source description,unresolved,,,unusable,,,"Generic catalog entry exists (""Cowpeas, catjang, mature seeds, raw"" (sr_legacy_food)) but this row is a specific cultivar/seed-coat-pattern variant (Atchawe-tola, wrinkled, unpigmented, raw), value 1146.25 -- collapsing onto the generic entry would erase the exact distinction this dataset exists to preserve. DRAFT -- confirm before sign-off. Flag for matching-rule review: pipeline reported zero candidates even though a same-genus generic entry exists (under a different name, in some cases)."
03010382:PHYTCPPI,"Faba bean, plant fertilized by 200 kg/ha P2O5 superphosphate and with 50 kg/ha sulphur, 1 irrigation/week, raw",PHYTCPPI,167.02200000000002,,,,no FDC candidate found for this source description,unresolved,,,unusable,,,"Generic catalog entry exists (""Broadbeans (fava beans), mature seeds, raw"" (sr_legacy_food) -- FDC catalogs this under ""Broadbeans""/""fava"", not ""Faba bean"", which is why the pipeline's literal-genus search missed it too) but this row is a specific agronomic-treatment (fertilizer/irrigation/mycorrhiza) or fermentation-cycle variant (plant fertilized by 200 kg/ha P2O5 superphosphate and with 50 kg/ha sulphur, 1 irrigation/week, raw), value 167.02200000000002 -- collapsing onto the generic entry would erase the exact distinction this dataset exists to preserve. DRAFT -- confirm before sign-off. Flag for matching-rule review: pipeline reported zero candidates even though a same-genus generic entry exists (under a different name, in some cases)."
03010383:PHYTCPPI,"Faba bean, plant fertilized by 200 kg/ha P2O5 superphosphate and with 50 kg/ha sulphur, 2 irrigation/week, raw",PHYTCPPI,158.559,,,,no FDC candidate found for this source description,unresolved,,,unusable,,,"Generic catalog entry exists (""Broadbeans (fava beans), mature seeds, raw"" (sr_legacy_food) -- FDC catalogs this under ""Broadbeans""/""fava"", not ""Faba bean"", which is why the pipeline's literal-genus search missed it too) but this row is a specific agronomic-treatment (fertilizer/irrigation/mycorrhiza) or fermentation-cycle variant (plant fertilized by 200 kg/ha P2O5 superphosphate and with 50 kg/ha sulphur, 2 irrigation/week, raw), value 158.559 -- collapsing onto the generic entry would erase the exact distinction this dataset exists to preserve. DRAFT -- confirm before sign-off. Flag for matching-rule review: pipeline reported zero candidates even though a same-genus generic entry exists (under a different name, in some cases)."
03010384:PHYTCPPI,"Faba bean, plant fertilized by 200 kg/ha P2O5 superphosphate, 1 irrigation/week, raw",PHYTCPPI,220.6498,,,,no FDC candidate found for this source description,unresolved,,,unusable,,,"Generic catalog entry exists (""Broadbeans (fava beans), mature seeds, raw"" (sr_legacy_food) -- FDC catalogs this under ""Broadbeans""/""fava"", not ""Faba bean"", which is why the pipeline's literal-genus search missed it too) but this row is a specific agronomic-treatment (fertilizer/irrigation/mycorrhiza) or fermentation-cycle variant (plant fertilized by 200 kg/ha P2O5 superphosphate, 1 irrigation/week, raw), value 220.6498 -- collapsing onto the generic entry would erase the exact distinction this dataset exists to preserve. DRAFT -- confirm before sign-off. Flag for matching-rule review: pipeline reported zero candidates even though a same-genus generic entry exists (under a different name, in some cases)."
03010385:PHYTCPPI,"Faba bean, plant fertilized by 200 kg/ha P2O5 superphosphate, 2 irrigation/week, raw",PHYTCPPI,210.4875,,,,no FDC candidate found for this source description,unresolved,,,unusable,,,"Generic catalog entry exists (""Broadbeans (fava beans), mature seeds, raw"" (sr_legacy_food) -- FDC catalogs this under ""Broadbeans""/""fava"", not ""Faba bean"", which is why the pipeline's literal-genus search missed it too) but this row is a specific agronomic-treatment (fertilizer/irrigation/mycorrhiza) or fermentation-cycle variant (plant fertilized by 200 kg/ha P2O5 superphosphate, 2 irrigation/week, raw), value 210.4875 -- collapsing onto the generic entry would erase the exact distinction this dataset exists to preserve. DRAFT -- confirm before sign-off. Flag for matching-rule review: pipeline reported zero candidates even though a same-genus generic entry exists (under a different name, in some cases)."
03010388:PHYTCPPI,"Faba bean, plant inoculated with mycorrhiza and fertilized by 200 kg/ha P2O5 superphosphate and with 50 kg/ha sulphur, 1 irrigation/week, raw",PHYTCPPI,251.98080000000002,,,,no FDC candidate found for this source description,unresolved,,,unusable,,,"Generic catalog entry exists (""Broadbeans (fava beans), mature seeds, raw"" (sr_legacy_food) -- FDC catalogs this under ""Broadbeans""/""fava"", not ""Faba bean"", which is why the pipeline's literal-genus search missed it too) but this row is a specific agronomic-treatment (fertilizer/irrigation/mycorrhiza) or fermentation-cycle variant (plant inoculated with mycorrhiza and fertilized by 200 kg/ha P2O5 superphosphate and with 50 kg/ha sulphur, 1 irrigation/week, raw), value 251.98080000000002 -- collapsing onto the generic entry would erase the exact distinction this dataset exists to preserve. DRAFT -- confirm before sign-off. Flag for matching-rule review: pipeline reported zero candidates even though a same-genus generic entry exists (under a different name, in some cases)."
03010389:PHYTCPPI,"Faba bean, plant inoculated with mycorrhiza and fertilized by 200 kg/ha P2O5 superphosphate and with 50 kg/ha sulphur, 2 irrigation/week, raw",PHYTCPPI,254.2928,,,,no FDC candidate found for this source description,unresolved,,,unusable,,,"Generic catalog entry exists (""Broadbeans (fava beans), mature seeds, raw"" (sr_legacy_food) -- FDC catalogs this under ""Broadbeans""/""fava"", not ""Faba bean"", which is why the pipeline's literal-genus search missed it too) but this row is a specific agronomic-treatment (fertilizer/irrigation/mycorrhiza) or fermentation-cycle variant (plant inoculated with mycorrhiza and fertilized by 200 kg/ha P2O5 superphosphate and with 50 kg/ha sulphur, 2 irrigation/week, raw), value 254.2928 -- collapsing onto the generic entry would erase the exact distinction this dataset exists to preserve. DRAFT -- confirm before sign-off. Flag for matching-rule review: pipeline reported zero candidates even though a same-genus generic entry exists (under a different name, in some cases)."
03010390:PHYTCPPI,"Faba bean, plant inoculated with mycorrhiza and fertilized by 200 kg/ha P2O5 superphosphate, 1 irrigation/week, raw",PHYTCPPI,110.3844,,,,no FDC candidate found for this source description,unresolved,,,unusable,,,"Generic catalog entry exists (""Broadbeans (fava beans), mature seeds, raw"" (sr_legacy_food) -- FDC catalogs this under ""Broadbeans""/""fava"", not ""Faba bean"", which is why the pipeline's literal-genus search missed it too) but this row is a specific agronomic-treatment (fertilizer/irrigation/mycorrhiza) or fermentation-cycle variant (plant inoculated with mycorrhiza and fertilized by 200 kg/ha P2O5 superphosphate, 1 irrigation/week, raw), value 110.3844 -- collapsing onto the generic entry would erase the exact distinction this dataset exists to preserve. DRAFT -- confirm before sign-off. Flag for matching-rule review: pipeline reported zero candidates even though a same-genus generic entry exists (under a different name, in some cases)."
03010391:PHYTCPPI,"Faba bean, plant inoculated with mycorrhiza and fertilized by 200 kg/ha P2O5 superphosphate, 2 irrigation/week, raw",PHYTCPPI,206.5466,,,,no FDC candidate found for this source description,unresolved,,,unusable,,,"Generic catalog entry exists (""Broadbeans (fava beans), mature seeds, raw"" (sr_legacy_food) -- FDC catalogs this under ""Broadbeans""/""fava"", not ""Faba bean"", which is why the pipeline's literal-genus search missed it too) but this row is a specific agronomic-treatment (fertilizer/irrigation/mycorrhiza) or fermentation-cycle variant (plant inoculated with mycorrhiza and fertilized by 200 kg/ha P2O5 superphosphate, 2 irrigation/week, raw), value 206.5466 -- collapsing onto the generic entry would erase the exact distinction this dataset exists to preserve. DRAFT -- confirm before sign-off. Flag for matching-rule review: pipeline reported zero candidates even though a same-genus generic entry exists (under a different name, in some cases)."
03010392:PHYTCPPI,"Faba bean, plant inoculated with mycorrhiza and fertilized with 50 kg/ha sulphur, 1 irrigation/week, raw",PHYTCPPI,166.878,,,,no FDC candidate found for this source description,unresolved,,,unusable,,,"Generic catalog entry exists (""Broadbeans (fava beans), mature seeds, raw"" (sr_legacy_food) -- FDC catalogs this under ""Broadbeans""/""fava"", not ""Faba bean"", which is why the pipeline's literal-genus search missed it too) but this row is a specific agronomic-treatment (fertilizer/irrigation/mycorrhiza) or fermentation-cycle variant (plant inoculated with mycorrhiza and fertilized with 50 kg/ha sulphur, 1 irrigation/week, raw), value 166.878 -- collapsing onto the generic entry would erase the exact distinction this dataset exists to preserve. DRAFT -- confirm before sign-off. Flag for matching-rule review: pipeline reported zero candidates even though a same-genus generic entry exists (under a different name, in some cases)."
03010393:PHYTCPPI,"Faba bean, plant inoculated with mycorrhiza and fertilized with 50 kg/ha sulphur, 2 irrigation/week, raw",PHYTCPPI,397.545,,,,no FDC candidate found for this source description,unresolved,,,unusable,,,"Generic catalog entry exists (""Broadbeans (fava beans), mature seeds, raw"" (sr_legacy_food) -- FDC catalogs this under ""Broadbeans""/""fava"", not ""Faba bean"", which is why the pipeline's literal-genus search missed it too) but this row is a specific agronomic-treatment (fertilizer/irrigation/mycorrhiza) or fermentation-cycle variant (plant inoculated with mycorrhiza and fertilized with 50 kg/ha sulphur, 2 irrigation/week, raw), value 397.545 -- collapsing onto the generic entry would erase the exact distinction this dataset exists to preserve. DRAFT -- confirm before sign-off. Flag for matching-rule review: pipeline reported zero candidates even though a same-genus generic entry exists (under a different name, in some cases)."
03010398:PHYTCPPI,"Faba bean, Qidou 2, autoclaved, water-soaked",PHYTCPPI,239.56799999999998,,,,no FDC candidate found for this source description,unresolved,,,unusable,,,"Generic catalog entry exists (""Broadbeans (fava beans), mature seeds, raw"" (sr_legacy_food) -- FDC catalogs this under ""Broadbeans""/""fava"", not ""Faba bean"", which is why the pipeline's literal-genus search missed it too) but this row is a specific agronomic-treatment (fertilizer/irrigation/mycorrhiza) or fermentation-cycle variant (Qidou 2, autoclaved, water-soaked), value 239.56799999999998 -- collapsing onto the generic entry would erase the exact distinction this dataset exists to preserve. DRAFT -- confirm before sign-off. Flag for matching-rule review: pipeline reported zero candidates even though a same-genus generic entry exists (under a different name, in some cases)."
03010401:PHYTCPPI,"Faba bean, Qidou 2, fermented (accelerated), one cycle of starter enrichment",PHYTCPPI,184.0986,,,,no FDC candidate found for this source description,unresolved,,,unusable,,,"Generic catalog entry exists (""Broadbeans (fava beans), mature seeds, raw"" (sr_legacy_food) -- FDC catalogs this under ""Broadbeans""/""fava"", not ""Faba bean"", which is why the pipeline's literal-genus search missed it too) but this row is a specific agronomic-treatment (fertilizer/irrigation/mycorrhiza) or fermentation-cycle variant (Qidou 2, fermented (accelerated), one cycle of starter enrichment), value 184.0986 -- collapsing onto the generic entry would erase the exact distinction this dataset exists to preserve. DRAFT -- confirm before sign-off. Flag for matching-rule review: pipeline reported zero candidates even though a same-genus generic entry exists (under a different name, in some cases)."
03010402:PHYTCPPI,"Faba bean, Qidou 2, fermented (accelerated), three cycles of starter enrichment",PHYTCPPI,70.96640000000001,,,,no FDC candidate found for this source description,unresolved,,,unusable,,,"Generic catalog entry exists (""Broadbeans (fava beans), mature seeds, raw"" (sr_legacy_food) -- FDC catalogs this under ""Broadbeans""/""fava"", not ""Faba bean"", which is why the pipeline's literal-genus search missed it too) but this row is a specific agronomic-treatment (fertilizer/irrigation/mycorrhiza) or fermentation-cycle variant (Qidou 2, fermented (accelerated), three cycles of starter enrichment), value 70.96640000000001 -- collapsing onto the generic entry would erase the exact distinction this dataset exists to preserve. DRAFT -- confirm before sign-off. Flag for matching-rule review: pipeline reported zero candidates even though a same-genus generic entry exists (under a different name, in some cases)."
03010403:PHYTCPPI,"Faba bean, Qidou 2, fermented (accelerated), two cycles of starter enrichment",PHYTCPPI,139.204,,,,no FDC candidate found for this source description,unresolved,,,unusable,,,"Generic catalog entry exists (""Broadbeans (fava beans), mature seeds, raw"" (sr_legacy_food) -- FDC catalogs this under ""Broadbeans""/""fava"", not ""Faba bean"", which is why the pipeline's literal-genus search missed it too) but this row is a specific agronomic-treatment (fertilizer/irrigation/mycorrhiza) or fermentation-cycle variant (Qidou 2, fermented (accelerated), two cycles of starter enrichment), value 139.204 -- collapsing onto the generic entry would erase the exact distinction this dataset exists to preserve. DRAFT -- confirm before sign-off. Flag for matching-rule review: pipeline reported zero candidates even though a same-genus generic entry exists (under a different name, in some cases)."
03010523:PHYTCPPD,"Lupin flour, alkaline thermal treatment",PHYTCPPD,179.05079999999998,,,,no FDC candidate found for this source description,unresolved,,,unusable,,,"Generic catalog entry exists (""Lupins, mature seeds, raw"" (sr_legacy_food) -- generic is whole seeds, not flour) but this row is a specific thermal-treatment variant (processing changes phytate directly, not just a naming/cultivar difference) (alkaline thermal treatment), value 179.05079999999998 -- collapsing onto the generic entry would erase the exact distinction this dataset exists to preserve. DRAFT -- confirm before sign-off. Flag for matching-rule review: pipeline reported zero candidates even though a same-genus generic entry exists (under a different name, in some cases)."
03010524:PHYTCPPD,"Lupin flour, alkaline thermal treatment",PHYTCPPD,177.2954,,,,no FDC candidate found for this source description,unresolved,,,unusable,,,"Generic catalog entry exists (""Lupins, mature seeds, raw"" (sr_legacy_food) -- generic is whole seeds, not flour) but this row is a specific thermal-treatment variant (processing changes phytate directly, not just a naming/cultivar difference) (alkaline thermal treatment), value 177.2954 -- collapsing onto the generic entry would erase the exact distinction this dataset exists to preserve. DRAFT -- confirm before sign-off. Flag for matching-rule review: pipeline reported zero candidates even though a same-genus generic entry exists (under a different name, in some cases)."
03010525:PHYTCPPD,"Lupin flour, aqueous thermal treatment",PHYTCPPD,168.5184,,,,no FDC candidate found for this source description,unresolved,,,unusable,,,"Generic catalog entry exists (""Lupins, mature seeds, raw"" (sr_legacy_food) -- generic is whole seeds, not flour) but this row is a specific thermal-treatment variant (processing changes phytate directly, not just a naming/cultivar difference) (aqueous thermal treatment), value 168.5184 -- collapsing onto the generic entry would erase the exact distinction this dataset exists to preserve. DRAFT -- confirm before sign-off. Flag for matching-rule review: pipeline reported zero candidates even though a same-genus generic entry exists (under a different name, in some cases)."
03010526:PHYTCPPD,"Lupin flour, aqueous thermal treatment",PHYTCPPD,166.763,,,,no FDC candidate found for this source description,unresolved,,,unusable,,,"Generic catalog entry exists (""Lupins, mature seeds, raw"" (sr_legacy_food) -- generic is whole seeds, not flour) but this row is a specific thermal-treatment variant (processing changes phytate directly, not just a naming/cultivar difference) (aqueous thermal treatment), value 166.763 -- collapsing onto the generic entry would erase the exact distinction this dataset exists to preserve. DRAFT -- confirm before sign-off. Flag for matching-rule review: pipeline reported zero candidates even though a same-genus generic entry exists (under a different name, in some cases)."
03020071:PHYTC-,"Soybean, Taiwan 75-M, dried, 150Gy irradiated",PHYTC-,259.6,,,,no FDC candidate found for this source description,unresolved,,,unusable,,,"Generic catalog entry exists (""Soybeans, mature seeds, raw"" / ""...dry roasted"" (sr_legacy_food)) but this row is a specific cultivar at a specific irradiation dose (Taiwan 75-M, dried, 150Gy irradiated), value 259.6 -- collapsing onto the generic entry would erase the exact distinction this dataset exists to preserve. DRAFT -- confirm before sign-off. Flag for matching-rule review: pipeline reported zero candidates even though a same-genus generic entry exists (under a different name, in some cases)."
03020072:PHYTC-,"Soybean, Taiwan 75-M, dried, 150Gy irradiated",PHYTC-,132.0,,,,no FDC candidate found for this source description,unresolved,,,unusable,,,"Generic catalog entry exists (""Soybeans, mature seeds, raw"" / ""...dry roasted"" (sr_legacy_food)) but this row is a specific cultivar at a specific irradiation dose (Taiwan 75-M, dried, 150Gy irradiated), value 132.0 -- collapsing onto the generic entry would erase the exact distinction this dataset exists to preserve. DRAFT -- confirm before sign-off. Flag for matching-rule review: pipeline reported zero candidates even though a same-genus generic entry exists (under a different name, in some cases)."
03020073:PHYTC-,"Soybean, Taiwan 75-P, dried, 150Gy irradiated",PHYTC-,444.4,,,,no FDC candidate found for this source description,unresolved,,,unusable,,,"Generic catalog entry exists (""Soybeans, mature seeds, raw"" / ""...dry roasted"" (sr_legacy_food)) but this row is a specific cultivar at a specific irradiation dose (Taiwan 75-P, dried, 150Gy irradiated), value 444.4 -- collapsing onto the generic entry would erase the exact distinction this dataset exists to preserve. DRAFT -- confirm before sign-off. Flag for matching-rule review: pipeline reported zero candidates even though a same-genus generic entry exists (under a different name, in some cases)."
03020074:PHYTC-,"Soybean, Taiwan 75-P, dried, 150Gy irradiated",PHYTC-,453.2,,,,no FDC candidate found for this source description,unresolved,,,unusable,,,"Generic catalog entry exists (""Soybeans, mature seeds, raw"" / ""...dry roasted"" (sr_legacy_food)) but this row is a specific cultivar at a specific irradiation dose (Taiwan 75-P, dried, 150Gy irradiated), value 453.2 -- collapsing onto the generic entry would erase the exact distinction this dataset exists to preserve. DRAFT -- confirm before sign-off. Flag for matching-rule review: pipeline reported zero candidates even though a same-genus generic entry exists (under a different name, in some cases)."
04010008:PHYT-,"Amaranth globe, AKS-33-EKPENE EDIENE x ABS-38-AWKA, dried",PHYT-,2.0460000000000003,,,,no FDC candidate found for this source description,unresolved,,,unusable,,,"Generic catalog entries exist (""Amaranth grain, cooked/uncooked"", ""Flour, amaranth"", ""Amaranth leaves..."") but this row is one of 9 specific breeding-line crosses (this cross: AKS-33-EKPENE EDIENE x ABS-38-AWKA), each carrying a distinct phytate value (2.0460000000000003) -- exactly the cultivar-level distinction this dataset exists to preserve. Collapsing any of the 9 onto one generic amaranth food id would conflate 9 different research values into one FDC entry. DRAFT -- confirm before sign-off. Flag for matching-rule review: pipeline reported zero candidates even though a same-genus generic entry exists."
04010012:PHYT-,"Amaranth globe, EBS-15-NKALAGU x ABS-38-AKWA, dried",PHYT-,3.088,,,,no FDC candidate found for this source description,unresolved,,,unusable,,,"Generic catalog entries exist (""Amaranth grain, cooked/uncooked"", ""Flour, amaranth"", ""Amaranth leaves..."") but this row is one of 9 specific breeding-line crosses (this cross: EBS-15-NKALAGU x ABS-38-AKWA), each carrying a distinct phytate value (3.088) -- exactly the cultivar-level distinction this dataset exists to preserve. Collapsing any of the 9 onto one generic amaranth food id would conflate 9 different research values into one FDC entry. DRAFT -- confirm before sign-off. Flag for matching-rule review: pipeline reported zero candidates even though a same-genus generic entry exists."
04010014:PHYT-,"Amaranth globe, EBS-15-NKALAGU x AKS-33-EKPENE EDIENE, dried",PHYT-,4.482,,,,no FDC candidate found for this source description,unresolved,,,unusable,,,"Generic catalog entries exist (""Amaranth grain, cooked/uncooked"", ""Flour, amaranth"", ""Amaranth leaves..."") but this row is one of 9 specific breeding-line crosses (this cross: EBS-15-NKALAGU x AKS-33-EKPENE EDIENE), each carrying a distinct phytate value (4.482) -- exactly the cultivar-level distinction this dataset exists to preserve. Collapsing any of the 9 onto one generic amaranth food id would conflate 9 different research values into one FDC entry. DRAFT -- confirm before sign-off. Flag for matching-rule review: pipeline reported zero candidates even though a same-genus generic entry exists."
04010016:PHYT-,"Amaranth globe, EBS-15-NKALAGU x IMS-20-NJIABA, dried",PHYT-,5.9245,,,,no FDC candidate found for this source description,unresolved,,,unusable,,,"Generic catalog entries exist (""Amaranth grain, cooked/uncooked"", ""Flour, amaranth"", ""Amaranth leaves..."") but this row is one of 9 specific breeding-line crosses (this cross: EBS-15-NKALAGU x IMS-20-NJIABA), each carrying a distinct phytate value (5.9245) -- exactly the cultivar-level distinction this dataset exists to preserve. Collapsing any of the 9 onto one generic amaranth food id would conflate 9 different research values into one FDC entry. DRAFT -- confirm before sign-off. Flag for matching-rule review: pipeline reported zero candidates even though a same-genus generic entry exists."
04010022:PHYT-,"Amaranth globe, ENS-08-MBU x AKS-33-EKPENE EDIENE, dried",PHYT-,1.422,,,,no FDC candidate found for this source description,unresolved,,,unusable,,,"Generic catalog entries exist (""Amaranth grain, cooked/uncooked"", ""Flour, amaranth"", ""Amaranth leaves..."") but this row is one of 9 specific breeding-line crosses (this cross: ENS-08-MBU x AKS-33-EKPENE EDIENE), each carrying a distinct phytate value (1.422) -- exactly the cultivar-level distinction this dataset exists to preserve. Collapsing any of the 9 onto one generic amaranth food id would conflate 9 different research values into one FDC entry. DRAFT -- confirm before sign-off. Flag for matching-rule review: pipeline reported zero candidates even though a same-genus generic entry exists."
04010024:PHYT-,"Amaranth globe, ENS-08-MBU x EBS-15-NKALAGU, dried",PHYT-,4.4275,,,,no FDC candidate found for this source description,unresolved,,,unusable,,,"Generic catalog entries exist (""Amaranth grain, cooked/uncooked"", ""Flour, amaranth"", ""Amaranth leaves..."") but this row is one of 9 specific breeding-line crosses (this cross: ENS-08-MBU x EBS-15-NKALAGU), each carrying a distinct phytate value (4.4275) -- exactly the cultivar-level distinction this dataset exists to preserve. Collapsing any of the 9 onto one generic amaranth food id would conflate 9 different research values into one FDC entry. DRAFT -- confirm before sign-off. Flag for matching-rule review: pipeline reported zero candidates even though a same-genus generic entry exists."
04010026:PHYT-,"Amaranth globe, ENS-08-MBU x IMS-20-NJIABA, dried",PHYT-,4.4159999999999995,,,,no FDC candidate found for this source description,unresolved,,,unusable,,,"Generic catalog entries exist (""Amaranth grain, cooked/uncooked"", ""Flour, amaranth"", ""Amaranth leaves..."") but this row is one of 9 specific breeding-line crosses (this cross: ENS-08-MBU x IMS-20-NJIABA), each carrying a distinct phytate value (4.4159999999999995) -- exactly the cultivar-level distinction this dataset exists to preserve. Collapsing any of the 9 onto one generic amaranth food id would conflate 9 different research values into one FDC entry. DRAFT -- confirm before sign-off. Flag for matching-rule review: pipeline reported zero candidates even though a same-genus generic entry exists."
04010030:PHYT-,"Amaranth globe, IMS-20-NJIABA x ABS-38-AWKA, dried",PHYT-,3.2445,,,,no FDC candidate found for this source description,unresolved,,,unusable,,,"Generic catalog entries exist (""Amaranth grain, cooked/uncooked"", ""Flour, amaranth"", ""Amaranth leaves..."") but this row is one of 9 specific breeding-line crosses (this cross: IMS-20-NJIABA x ABS-38-AWKA), each carrying a distinct phytate value (3.2445) -- exactly the cultivar-level distinction this dataset exists to preserve. Collapsing any of the 9 onto one generic amaranth food id would conflate 9 different research values into one FDC entry. DRAFT -- confirm before sign-off. Flag for matching-rule review: pipeline reported zero candidates even though a same-genus generic entry exists."
04010032:PHYT-,"Amaranth globe, IMS-20-NJIABA x AKS-33-EKPENE EDIENE, dried",PHYT-,4.2405,,,,no FDC candidate found for this source description,unresolved,,,unusable,,,"Generic catalog entries exist (""Amaranth grain, cooked/uncooked"", ""Flour, amaranth"", ""Amaranth leaves..."") but this row is one of 9 specific breeding-line crosses (this cross: IMS-20-NJIABA x AKS-33-EKPENE EDIENE), each carrying a distinct phytate value (4.2405) -- exactly the cultivar-level distinction this dataset exists to preserve. Collapsing any of the 9 onto one generic amaranth food id would conflate 9 different research values into one FDC entry. DRAFT -- confirm before sign-off. Flag for matching-rule review: pipeline reported zero candidates even though a same-genus generic entry exists."
08010002:PHYT-,Insect larva,PHYT-,1.02,,,,no FDC candidate found for this source description,unresolved,,,unusable,,,"No FDC entry for insect/larva foods at all -- ""insect"" and ""larva"" both return zero hits catalog-wide, not just for this description. Genuinely unmatchable, not a pipeline miss. DRAFT -- confirm before sign-off."
