row_identifier,food_description,compound_fraction,value,candidate,candidate_data_type,match_relationship,match_confidence,rationale,review_verdict,approved_fdc_food,rejection_reason,match_scope,reviewer,review_date,review_notes
01010009:PHYTCPP,"Cracker, rice-based",PHYTCPP,136.78,Rice crackers,sr_legacy_food,category_proxy,0.65,weak name match (confidence 0.65) taken as a coarse stand-in only,approve,Rice crackers,,category_estimate,Paul S,16/08/2026,Clean match.
01010023:PHYTCPPD,"Rice bran, extruded at 115ºC and 14%H20",PHYTCPPD,2076.0,"Rice bran, crude",sr_legacy_food,category_proxy,0.65,weak name match (confidence 0.65) taken as a coarse stand-in only,reject,,"EXTRUDED (processed) vs CRUDE (raw, unprocessed) -- established prep-state mismatch.",,Paul S,16/08/2026,
01010024:PHYTCPPD,"Rice bran, extruded at 115ºC and 17%H20",PHYTCPPD,1952.0,"Rice bran, crude",sr_legacy_food,category_proxy,0.65,weak name match (confidence 0.65) taken as a coarse stand-in only,reject,,"EXTRUDED (processed) vs CRUDE (raw, unprocessed) -- established prep-state mismatch.",,Paul S,16/08/2026,
01010025:PHYTCPPD,"Rice bran, extruded at 115ºC and 20%H20",PHYTCPPD,1948.0,"Rice bran, crude",sr_legacy_food,category_proxy,0.65,weak name match (confidence 0.65) taken as a coarse stand-in only,reject,,"EXTRUDED (processed) vs CRUDE (raw, unprocessed) -- established prep-state mismatch.",,Paul S,16/08/2026,
01010026:PHYTCPPD,"Rice bran, extruded at 140ºC and 14%H20",PHYTCPPD,1989.0,"Rice bran, crude",sr_legacy_food,category_proxy,0.65,weak name match (confidence 0.65) taken as a coarse stand-in only,reject,,"EXTRUDED (processed) vs CRUDE (raw, unprocessed) -- established prep-state mismatch.",,Paul S,16/08/2026,
01010027:PHYTCPPD,"Rice bran, extruded at 140ºC and 17%H20",PHYTCPPD,1957.0,"Rice bran, crude",sr_legacy_food,category_proxy,0.65,weak name match (confidence 0.65) taken as a coarse stand-in only,reject,,"EXTRUDED (processed) vs CRUDE (raw, unprocessed) -- established prep-state mismatch.",,Paul S,16/08/2026,
01010028:PHYTCPPD,"Rice bran, extruded at 140ºC and 20%H20",PHYTCPPD,1892.0,"Rice bran, crude",sr_legacy_food,category_proxy,0.65,weak name match (confidence 0.65) taken as a coarse stand-in only,reject,,"EXTRUDED (processed) vs CRUDE (raw, unprocessed) -- established prep-state mismatch.",,Paul S,16/08/2026,
01010029:PHYTCPPD,"Rice bran, extruded at 165ºC and 14%H20",PHYTCPPD,2026.0,"Rice bran, crude",sr_legacy_food,category_proxy,0.65,weak name match (confidence 0.65) taken as a coarse stand-in only,reject,,"EXTRUDED (processed) vs CRUDE (raw, unprocessed) -- established prep-state mismatch.",,Paul S,16/08/2026,
01010030:PHYTCPPD,"Rice bran, extruded at 165ºC and 17%H20",PHYTCPPD,2003.0,"Rice bran, crude",sr_legacy_food,category_proxy,0.65,weak name match (confidence 0.65) taken as a coarse stand-in only,reject,,"EXTRUDED (processed) vs CRUDE (raw, unprocessed) -- established prep-state mismatch.",,Paul S,16/08/2026,
01010050:PHYTCPP,"Rice bran, Starbonnet, full-fat, raw",PHYTCPP,3839.52,"Soy flour, full-fat, raw",sr_legacy_food,regional_equivalent,0.65,"name match with preparation state 'raw' confirmed present in 'Soy flour, full-fat, raw', and matching edible-portion basis — not human-verified, so capped below 'exact'",reject,,"Rice bran vs SOY flour -- wrong species entirely, coincidental ""full-fat, raw"" phrase overlap.",,Paul S,16/08/2026,
01010060:IP5,Rice flour,IP5,10.536,"Rice flour, brown",sr_legacy_food,close_analogue,0.85,"name-matched at confidence 0.85, but preparation state/moisture basis alignment could not be confirmed automatically",approve,"Rice flour, brown",,category_estimate,Paul S,16/08/2026,"Brown assumed for an unspecified ""Rice flour"" -- reasonable default, established pattern."
01010060:IP5_A_IP6,Rice flour,IP5_A_IP6,88.678,"Rice flour, brown",sr_legacy_food,close_analogue,0.85,"name-matched at confidence 0.85, but preparation state/moisture basis alignment could not be confirmed automatically",approve,"Rice flour, brown",,category_estimate,Paul S,16/08/2026,"Brown assumed for an unspecified ""Rice flour"" -- reasonable default, established pattern."
01010060:IP6,Rice flour,IP6,78.142,"Rice flour, brown",sr_legacy_food,close_analogue,0.85,"name-matched at confidence 0.85, but preparation state/moisture basis alignment could not be confirmed automatically",approve,"Rice flour, brown",,category_estimate,Paul S,16/08/2026,"Brown assumed for an unspecified ""Rice flour"" -- reasonable default, established pattern."
01010087:PHYTC-,"Rice, black, raw",PHYTC-,130.92,"Rice, black, unenriched, raw",foundation_food,regional_equivalent,0.65,"name match with preparation state 'raw' confirmed present in 'Rice, black, unenriched, raw', and matching edible-portion basis — not human-verified, so capped below 'exact'",approve,"Rice, black, unenriched, raw",,category_estimate,Paul S,16/08/2026,Clean match.
01010122:PP-,"Rice, IR 32, middle endosperm, raw",PP-,35.521472392638046,"Wild rice, raw",sr_legacy_food,regional_equivalent,0.65,"name match with preparation state 'raw' confirmed present in 'Wild rice, raw', and matching edible-portion basis — not human-verified, so capped below 'exact'",reject,,"Cultivar-specific standard rice vs WILD rice (a different genus, Zizania) -- wrong species.",,Paul S,16/08/2026,
01010317:IP5,"Rice, raw",IP5,37.506,"Wild rice, raw",sr_legacy_food,regional_equivalent,0.65,"name match with preparation state 'raw' confirmed present in 'Wild rice, raw', and matching edible-portion basis — not human-verified, so capped below 'exact'",reject,,"Plain rice vs WILD rice -- wrong species, established pattern.",,Paul S,16/08/2026,
01010317:IP5_A_IP6,"Rice, raw",IP5_A_IP6,219.678,"Wild rice, raw",sr_legacy_food,regional_equivalent,0.65,"name match with preparation state 'raw' confirmed present in 'Wild rice, raw', and matching edible-portion basis — not human-verified, so capped below 'exact'",reject,,"Plain rice vs WILD rice -- wrong species, established pattern.",,Paul S,16/08/2026,
01010317:IP6,"Rice, raw",IP6,182.172,"Wild rice, raw",sr_legacy_food,regional_equivalent,0.65,"name match with preparation state 'raw' confirmed present in 'Wild rice, raw', and matching edible-portion basis — not human-verified, so capped below 'exact'",reject,,"Plain rice vs WILD rice -- wrong species, established pattern.",,Paul S,16/08/2026,
01010319:PHYTCPPI,"Rice, raw",PHYTCPPI,251.43,"Wild rice, raw",sr_legacy_food,regional_equivalent,0.65,"name match with preparation state 'raw' confirmed present in 'Wild rice, raw', and matching edible-portion basis — not human-verified, so capped below 'exact'",reject,,"Plain rice vs WILD rice -- wrong species, established pattern.",,Paul S,16/08/2026,
01010332:PHYTCPP,"Rice, Thailand, raw",PHYTCPP,55.0,"Wild rice, raw",sr_legacy_food,regional_equivalent,0.65,"name match with preparation state 'raw' confirmed present in 'Wild rice, raw', and matching edible-portion basis — not human-verified, so capped below 'exact'",reject,,Same wrong-species mismatch.,,Paul S,16/08/2026,
01010340:PHYTCPP,"Rice, white, raw",PHYTCPP,139.36,"Wild rice, raw",sr_legacy_food,regional_equivalent,0.65,"name match with preparation state 'raw' confirmed present in 'Wild rice, raw', and matching edible-portion basis — not human-verified, so capped below 'exact'",reject,,"White rice vs WILD rice -- wrong species (wild rice is not typically ""white"").",,Paul S,16/08/2026,
01020008:IP5_A_IP6,"Bread, maize-based, unleavened",IP5_A_IP6,394.0,"Restaurant, Latino, arepa (unleavened cornmeal bread)",sr_legacy_food,category_proxy,0.65,weak name match (confidence 0.65) taken as a coarse stand-in only,approve,"Restaurant, Latino, arepa (unleavened cornmeal bread)",,category_estimate,Paul S,16/08/2026,Arepa genuinely is an unleavened cornmeal bread -- good match.
01020023:PHYTCPPI,"Corn, 12, raw",PHYTCPPI,239.872,"Cornsalad, raw",sr_legacy_food,regional_equivalent,0.65,"name match with preparation state 'raw' confirmed present in 'Cornsalad, raw', and matching edible-portion basis — not human-verified, so capped below 'exact'",reject,,Corn (maize) vs CORNSALAD (an unrelated leafy salad green) -- established false-cognate mismatch.,,Paul S,16/08/2026,
01020024:PHYTCPPI,"Corn, 14, raw",PHYTCPPI,261.423,"Cornsalad, raw",sr_legacy_food,regional_equivalent,0.65,"name match with preparation state 'raw' confirmed present in 'Cornsalad, raw', and matching edible-portion basis — not human-verified, so capped below 'exact'",reject,,Corn (maize) vs CORNSALAD (an unrelated leafy salad green) -- established false-cognate mismatch.,,Paul S,16/08/2026,
01020026:PHYTCPPI,"Corn, 35, raw",PHYTCPPI,407.45599999999996,"Cornsalad, raw",sr_legacy_food,regional_equivalent,0.65,"name match with preparation state 'raw' confirmed present in 'Cornsalad, raw', and matching edible-portion basis — not human-verified, so capped below 'exact'",reject,,Corn (maize) vs CORNSALAD (an unrelated leafy salad green) -- established false-cognate mismatch.,,Paul S,16/08/2026,
01020028:PHYTCPPI,"Corn, 37, raw",PHYTCPPI,323.745,"Cornsalad, raw",sr_legacy_food,regional_equivalent,0.65,"name match with preparation state 'raw' confirmed present in 'Cornsalad, raw', and matching edible-portion basis — not human-verified, so capped below 'exact'",reject,,Corn (maize) vs CORNSALAD (an unrelated leafy salad green) -- established false-cognate mismatch.,,Paul S,16/08/2026,
01020029:PHYTCPPI,"Corn, 41, raw",PHYTCPPI,365.2710000000001,"Cornsalad, raw",sr_legacy_food,regional_equivalent,0.65,"name match with preparation state 'raw' confirmed present in 'Cornsalad, raw', and matching edible-portion basis — not human-verified, so capped below 'exact'",reject,,Corn (maize) vs CORNSALAD (an unrelated leafy salad green) -- established false-cognate mismatch.,,Paul S,16/08/2026,
01020032:PHYTCPPI,"Corn, 91, raw",PHYTCPPI,387.09,"Cornsalad, raw",sr_legacy_food,regional_equivalent,0.65,"name match with preparation state 'raw' confirmed present in 'Cornsalad, raw', and matching edible-portion basis — not human-verified, so capped below 'exact'",reject,,Corn (maize) vs CORNSALAD (an unrelated leafy salad green) -- established false-cognate mismatch.,,Paul S,16/08/2026,
01020044:PP-,"Corn, raw",PP-,200.0,"Squash, winter, acorn, raw",foundation_food,regional_equivalent,0.65,"name match with preparation state 'raw' confirmed present in 'Squash, winter, acorn, raw', and matching edible-portion basis — not human-verified, so capped below 'exact'",reject,,"Corn vs ACORN squash -- wrong category, coincidental ""corn"" substring inside ""acorn"".",,Paul S,16/08/2026,
01020045:PHYTCPP,"Corn, raw",PHYTCPP,300.0,"Squash, winter, acorn, raw",foundation_food,regional_equivalent,0.65,"name match with preparation state 'raw' confirmed present in 'Squash, winter, acorn, raw', and matching edible-portion basis — not human-verified, so capped below 'exact'",reject,,"Corn vs ACORN squash -- wrong category, coincidental ""corn"" substring inside ""acorn"".",,Paul S,16/08/2026,
01020048:PHYTCPPI,"Corn, Texas 17W, raw",PHYTCPPI,743.544,"Cornsalad, raw",sr_legacy_food,regional_equivalent,0.65,"name match with preparation state 'raw' confirmed present in 'Cornsalad, raw', and matching edible-portion basis — not human-verified, so capped below 'exact'",reject,,Corn (maize) vs CORNSALAD (an unrelated leafy salad green) -- established false-cognate mismatch.,,Paul S,16/08/2026,
01020057:PHYTCPPD,"Maize bran, raw",PHYTCPPD,1089.0,"Oat bran, raw",sr_legacy_food,regional_equivalent,0.65,"name match with preparation state 'raw' confirmed present in 'Oat bran, raw', and matching edible-portion basis — not human-verified, so capped below 'exact'",reject,,Maize bran vs OAT bran -- wrong grain entirely.,,Paul S,16/08/2026,
01020073:PHYTCPPD,"Maize, Bc 183 (1985), full grain maturity, raw",PHYTCPPD,790.0,"Fonio, grain, dry, raw",foundation_food,regional_equivalent,0.65,"name match with preparation state 'raw' confirmed present in 'Fonio, grain, dry, raw', and matching edible-portion basis — not human-verified, so capped below 'exact'",reject,,"Maize vs FONIO -- completely different grain species, established false mismatch.",,Paul S,16/08/2026,
01020080:PHYTCPPD,"Maize, Bc 183 (1986), full grain maturity, raw",PHYTCPPD,630.0,"Fonio, grain, dry, raw",foundation_food,regional_equivalent,0.65,"name match with preparation state 'raw' confirmed present in 'Fonio, grain, dry, raw', and matching edible-portion basis — not human-verified, so capped below 'exact'",reject,,"Maize vs FONIO -- completely different grain species, established false mismatch.",,Paul S,16/08/2026,
01020109:PHYTCPPD,"Maize, Bc 488 (1986), full grain maturity, raw",PHYTCPPD,450.0,"Fonio, grain, dry, raw",foundation_food,regional_equivalent,0.65,"name match with preparation state 'raw' confirmed present in 'Fonio, grain, dry, raw', and matching edible-portion basis — not human-verified, so capped below 'exact'",reject,,"Maize vs FONIO -- completely different grain species, established false mismatch.",,Paul S,16/08/2026,
01020112:PHYTCPPI,"Maize, boiled",PHYTCPPI,344.0,"Chicken, feet, boiled",sr_legacy_food,category_proxy,0.65,weak name match (confidence 0.65) taken as a coarse stand-in only,reject,,"Maize (a plant) vs CHICKEN FEET (an animal product) -- wrong category entirely, absurd mismatch.",,Paul S,16/08/2026,
01020112:PPI,"Maize, boiled",PPI,97.52,"Chicken, feet, boiled",sr_legacy_food,category_proxy,0.65,weak name match (confidence 0.65) taken as a coarse stand-in only,reject,,"Maize (a plant) vs CHICKEN FEET (an animal product) -- wrong category entirely, absurd mismatch.",,Paul S,16/08/2026,
01020118:PHYTC-,"Maize, grain, raw",PHYTC-,204.838,"Fonio, grain, dry, raw",foundation_food,regional_equivalent,0.65,"name match with preparation state 'raw' confirmed present in 'Fonio, grain, dry, raw', and matching edible-portion basis — not human-verified, so capped below 'exact'",reject,,"Maize vs FONIO -- completely different grain species, established false mismatch.",,Paul S,16/08/2026,
01020119:PHYTCPP,"Maize, grain, raw",PHYTCPP,551.8620000000001,"Fonio, grain, dry, raw",foundation_food,regional_equivalent,0.65,"name match with preparation state 'raw' confirmed present in 'Fonio, grain, dry, raw', and matching edible-portion basis — not human-verified, so capped below 'exact'",reject,,"Maize vs FONIO -- completely different grain species, established false mismatch.",,Paul S,16/08/2026,
01020124:PHYTCPPI,"Maize, steamed, dried",PHYTCPPI,320.0,"Figs, dried, stewed",sr_legacy_food,category_proxy,0.65,weak name match (confidence 0.65) taken as a coarse stand-in only,reject,,"Maize vs FIGS -- wrong category entirely, coincidental ""dried""/""steamed-stewed"" word overlap.",,Paul S,16/08/2026,
01020149:IP6,"Taco shells, maize-based, Old El Paso",IP6,1073.0,"Taco shells, baked",sr_legacy_food,category_proxy,0.65,weak name match (confidence 0.65) taken as a coarse stand-in only,approve,"Taco shells, baked",,category_estimate,Paul S,16/08/2026,"Reasonable match, brand not captured but product type correct."
01030001:PHYTCPPI,"Bread, brown wheat-based, fine",PHYTCPPI,518.817,"Bread, wheat",sr_legacy_food,category_proxy,0.65,weak name match (confidence 0.65) taken as a coarse stand-in only,approve,"Bread, wheat",,category_estimate,Paul S,16/08/2026,Reasonable category match.
01030005:PHYTCPPD,"Bread, flat, white wheat flour",PHYTCPPD,249.461,"Bread, white wheat",sr_legacy_food,category_proxy,0.65,weak name match (confidence 0.65) taken as a coarse stand-in only,approve,"Bread, white wheat",,category_estimate,Paul S,16/08/2026,Reasonable category match (flat-bread form variant).
01030011:PHYTCPPD,"Bread, wheat-based",PHYTCPPD,1539.0,"Bread, wheat",sr_legacy_food,category_proxy,0.65,weak name match (confidence 0.65) taken as a coarse stand-in only,approve,"Bread, wheat",,category_estimate,Paul S,16/08/2026,Clean match.
01030012:PHYTCPPD,"Bread, wheat-based",PHYTCPPD,44.0,"Bread, wheat",sr_legacy_food,category_proxy,0.65,weak name match (confidence 0.65) taken as a coarse stand-in only,approve,"Bread, wheat",,category_estimate,Paul S,16/08/2026,Clean match.
01030013:PPI,"Bread, wheat-based",PPI,152.88,"Bread, wheat",sr_legacy_food,category_proxy,0.65,weak name match (confidence 0.65) taken as a coarse stand-in only,approve,"Bread, wheat",,category_estimate,Paul S,16/08/2026,Clean match.
01030014:PHYTCA,"Bread, wheat-based",PHYTCA,119.0,"Bread, wheat",sr_legacy_food,category_proxy,0.65,weak name match (confidence 0.65) taken as a coarse stand-in only,approve,"Bread, wheat",,category_estimate,Paul S,16/08/2026,Clean match.
01030015:PHYTCA,"Bread, wheat-based",PHYTCA,87.801105,"Bread, wheat",sr_legacy_food,category_proxy,0.65,weak name match (confidence 0.65) taken as a coarse stand-in only,approve,"Bread, wheat",,category_estimate,Paul S,16/08/2026,Clean match.
01030016:PHYTCA,"Bread, wheat-based",PHYTCA,49.25588,"Bread, wheat",sr_legacy_food,category_proxy,0.65,weak name match (confidence 0.65) taken as a coarse stand-in only,approve,"Bread, wheat",,category_estimate,Paul S,16/08/2026,Clean match.
01030017:PHYTCA,"Bread, wheat-based",PHYTCA,58.855470000000004,"Bread, wheat",sr_legacy_food,category_proxy,0.65,weak name match (confidence 0.65) taken as a coarse stand-in only,approve,"Bread, wheat",,category_estimate,Paul S,16/08/2026,Clean match.
01030018:PHYTCA,"Bread, wheat-based",PHYTCA,46.21275,"Bread, wheat",sr_legacy_food,category_proxy,0.65,weak name match (confidence 0.65) taken as a coarse stand-in only,approve,"Bread, wheat",,category_estimate,Paul S,16/08/2026,Clean match.
01030019:PHYTCA,"Bread, wheat-based",PHYTCA,58.87245,"Bread, wheat",sr_legacy_food,category_proxy,0.65,weak name match (confidence 0.65) taken as a coarse stand-in only,approve,"Bread, wheat",,category_estimate,Paul S,16/08/2026,Clean match.
01030020:PHYTCA,"Bread, wheat-based",PHYTCA,43.82894999999999,"Bread, wheat",sr_legacy_food,category_proxy,0.65,weak name match (confidence 0.65) taken as a coarse stand-in only,approve,"Bread, wheat",,category_estimate,Paul S,16/08/2026,Clean match.
01030021:PHYTCA,"Bread, wheat-based",PHYTCA,119.28168000000001,"Bread, wheat",sr_legacy_food,category_proxy,0.65,weak name match (confidence 0.65) taken as a coarse stand-in only,approve,"Bread, wheat",,category_estimate,Paul S,16/08/2026,Clean match.
01030023:PHYTCA,"Bread, wheat-based",PHYTCA,53.782785,"Bread, wheat",sr_legacy_food,category_proxy,0.65,weak name match (confidence 0.65) taken as a coarse stand-in only,approve,"Bread, wheat",,category_estimate,Paul S,16/08/2026,Clean match.
01030024:PHYTCA,"Bread, wheat-based",PHYTCA,64.20653000000001,"Bread, wheat",sr_legacy_food,category_proxy,0.65,weak name match (confidence 0.65) taken as a coarse stand-in only,approve,"Bread, wheat",,category_estimate,Paul S,16/08/2026,Clean match.
01030026:PHYTCA,"Bread, wheat-based",PHYTCA,51.156085000000004,"Bread, wheat",sr_legacy_food,category_proxy,0.65,weak name match (confidence 0.65) taken as a coarse stand-in only,approve,"Bread, wheat",,category_estimate,Paul S,16/08/2026,Clean match.
01030027:PHYTCA,"Bread, wheat-based",PHYTCA,44.910855,"Bread, wheat",sr_legacy_food,category_proxy,0.65,weak name match (confidence 0.65) taken as a coarse stand-in only,approve,"Bread, wheat",,category_estimate,Paul S,16/08/2026,Clean match.
01030028:PHYTCA,"Bread, wheat-based",PHYTCA,50.202749999999995,"Bread, wheat",sr_legacy_food,category_proxy,0.65,weak name match (confidence 0.65) taken as a coarse stand-in only,approve,"Bread, wheat",,category_estimate,Paul S,16/08/2026,Clean match.
01030029:PHYTCA,"Bread, wheat-based",PHYTCA,35.440464999999996,"Bread, wheat",sr_legacy_food,category_proxy,0.65,weak name match (confidence 0.65) taken as a coarse stand-in only,approve,"Bread, wheat",,category_estimate,Paul S,16/08/2026,Clean match.
01030030:PHYTC-,"Bread, wheat-based",PHYTC-,44.604175000000005,"Bread, wheat",sr_legacy_food,category_proxy,0.65,weak name match (confidence 0.65) taken as a coarse stand-in only,approve,"Bread, wheat",,category_estimate,Paul S,16/08/2026,Clean match.
01030044:PHYTC-,"Bread, wheaten, cracked wheat",PHYTC-,348.0,"Bread, cracked-wheat",sr_legacy_food,category_proxy,0.65,weak name match (confidence 0.65) taken as a coarse stand-in only,approve,"Bread, cracked-wheat",,category_estimate,Paul S,16/08/2026,Clean match.
01030047:PHYTC-,"Bread, wheaten, raisin wheat",PHYTC-,347.7,"Bread, wheat",sr_legacy_food,category_proxy,0.65,weak name match (confidence 0.65) taken as a coarse stand-in only,approve,"Bread, wheat",,category_estimate,Paul S,16/08/2026,"""Raisin wheat"" reads as a wheat cultivar/bread-type name here, not confirmed literal raisin content -- reasonable category estimate with that ambiguity noted."
01030051:PHYTCPPI,"Bread, white wheat-based",PHYTCPPI,105.672,"Bread, white wheat",sr_legacy_food,category_proxy,0.65,weak name match (confidence 0.65) taken as a coarse stand-in only,approve,"Bread, white wheat",,category_estimate,Paul S,16/08/2026,Clean match.
01030052:IP5,"Bread, white wheat-based",IP5,44.0,"Bread, white wheat",sr_legacy_food,category_proxy,0.65,weak name match (confidence 0.65) taken as a coarse stand-in only,approve,"Bread, white wheat",,category_estimate,Paul S,16/08/2026,Clean match.
01030052:IP5_A_IP6,"Bread, white wheat-based",IP5_A_IP6,69.0,"Bread, white wheat",sr_legacy_food,category_proxy,0.65,weak name match (confidence 0.65) taken as a coarse stand-in only,approve,"Bread, white wheat",,category_estimate,Paul S,16/08/2026,Clean match.
01030052:IP6,"Bread, white wheat-based",IP6,25.0,"Bread, white wheat",sr_legacy_food,category_proxy,0.65,weak name match (confidence 0.65) taken as a coarse stand-in only,approve,"Bread, white wheat",,category_estimate,Paul S,16/08/2026,Clean match.
01030052:PHYTCPP,"Bread, white wheat-based",PHYTCPP,93.0,"Bread, white wheat",sr_legacy_food,category_proxy,0.65,weak name match (confidence 0.65) taken as a coarse stand-in only,approve,"Bread, white wheat",,category_estimate,Paul S,16/08/2026,Clean match.
01030054:IP6,"Bread, white wheat-based",IP6,78.21,"Bread, white wheat",sr_legacy_food,category_proxy,0.65,weak name match (confidence 0.65) taken as a coarse stand-in only,approve,"Bread, white wheat",,category_estimate,Paul S,16/08/2026,Clean match.
01030055:PHYTCPP,"Bread, white wheat-based",PHYTCPP,20.0,"Bread, white wheat",sr_legacy_food,category_proxy,0.65,weak name match (confidence 0.65) taken as a coarse stand-in only,approve,"Bread, white wheat",,category_estimate,Paul S,16/08/2026,Clean match.
01030056:IP6,"Bread, white wheat-based, Arnold’s",IP6,277.0,"Bread, white wheat",sr_legacy_food,category_proxy,0.65,weak name match (confidence 0.65) taken as a coarse stand-in only,approve,"Bread, white wheat",,category_estimate,Paul S,16/08/2026,"Brand variant, category correct."
01030061:IP3,"Bread, whole and white wheat (50/50)",IP3,34.96348799999999,"Bread, white wheat",sr_legacy_food,category_proxy,0.65,weak name match (confidence 0.65) taken as a coarse stand-in only,reject,,A 50/50 whole-wheat/white-wheat blend matched to pure white-wheat bread -- missing half the whole-wheat (bran-retaining) component.,,Paul S,16/08/2026,
01030061:IP4,"Bread, whole and white wheat (50/50)",IP4,27.715999999999998,"Bread, white wheat",sr_legacy_food,category_proxy,0.65,weak name match (confidence 0.65) taken as a coarse stand-in only,reject,,A 50/50 whole-wheat/white-wheat blend matched to pure white-wheat bread -- missing half the whole-wheat (bran-retaining) component.,,Paul S,16/08/2026,
01030061:IP5,"Bread, whole and white wheat (50/50)",IP5,9.89248,"Bread, white wheat",sr_legacy_food,category_proxy,0.65,weak name match (confidence 0.65) taken as a coarse stand-in only,reject,,A 50/50 whole-wheat/white-wheat blend matched to pure white-wheat bread -- missing half the whole-wheat (bran-retaining) component.,,Paul S,16/08/2026,
01030061:IP6,"Bread, whole and white wheat (50/50)",IP6,26.280671999999996,"Bread, white wheat",sr_legacy_food,category_proxy,0.65,weak name match (confidence 0.65) taken as a coarse stand-in only,reject,,A 50/50 whole-wheat/white-wheat blend matched to pure white-wheat bread -- missing half the whole-wheat (bran-retaining) component.,,Paul S,16/08/2026,
01030070:PHYTCPPI,"Bread, whole wheat-based, Hard red winter, leavened",PHYTCPPI,127.148,"Wheat, hard red winter",sr_legacy_food,category_proxy,0.65,weak name match (confidence 0.65) taken as a coarse stand-in only,reject,,"BREAD (a baked product) vs raw WHEAT GRAIN -- wrong product form, established pattern.",,Paul S,16/08/2026,
01030073:PHYTCPPD,"Bread, whole wheat-based, toasted, industrialized",PHYTCPPD,302.0,"Bread, wheat, toasted",sr_legacy_food,category_proxy,0.65,weak name match (confidence 0.65) taken as a coarse stand-in only,approve,"Bread, wheat, toasted",,category_estimate,Paul S,16/08/2026,Toasted matches toasted -- reasonable.
01030084:IP5,"Breakfast cereal, wheat rings, ""Weetos"", containing cocoa and sugar",IP5,81.2,Rice and Wheat cereal bar,sr_legacy_food,category_proxy,0.65,weak name match (confidence 0.65) taken as a coarse stand-in only,reject,,"Cereal RINGS vs a cereal BAR -- different product form; ""Rice and Wheat"" implies a rice component not in source, and cocoa/sugar coating not captured.",,Paul S,16/08/2026,
01030084:IP6,"Breakfast cereal, wheat rings, ""Weetos"", containing cocoa and sugar",IP6,231.0,Rice and Wheat cereal bar,sr_legacy_food,category_proxy,0.65,weak name match (confidence 0.65) taken as a coarse stand-in only,reject,,"Cereal RINGS vs a cereal BAR -- different product form; ""Rice and Wheat"" implies a rice component not in source, and cocoa/sugar coating not captured.",,Paul S,16/08/2026,
01030090:IP5,"Coffee bread, wheat-based",IP5,85.8,"Bread, wheat",sr_legacy_food,category_proxy,0.65,weak name match (confidence 0.65) taken as a coarse stand-in only,reject,,"""Coffee bread"" is a distinct sweet bread type/product, not confirmed equivalent to a plain wheat bread entry.",,Paul S,16/08/2026,
01030100:PHYTCPPD,"Cracker, whole wheat-based",PHYTCPPD,588.0,"Crackers, whole-wheat",sr_legacy_food,category_proxy,0.65,weak name match (confidence 0.65) taken as a coarse stand-in only,approve,"Crackers, whole-wheat",,category_estimate,Paul S,16/08/2026,Clean match.
01030111:PHYTC-,Durum wheat semolina,PHYTC-,308.0,"DURUM WHEAT SEMOLINA PASTA MACARONI PRODUCT, SPAGHETTONI",branded_food,close_analogue,0.85,"name-matched at confidence 0.85, but preparation state/moisture basis alignment could not be confirmed automatically",reject,,Semolina (the flour/meal) vs an actual finished PASTA product made from it -- wrong product form.,,Paul S,16/08/2026,
01030117:PHYTCPP,"Noodle, wheat-based, uncooked",PHYTCPP,158.0,"Wheat, KAMUT khorasan, uncooked",sr_legacy_food,category_proxy,0.65,weak name match (confidence 0.65) taken as a coarse stand-in only,reject,,"A processed noodle vs raw KAMUT wheat grain -- wrong product form, established pattern.",,Paul S,16/08/2026,
01030123:IP4,"Pasta, commercial, uncooked",IP4,50.0,"Hummus, commercial",foundation_food,category_proxy,0.65,weak name match (confidence 0.65) taken as a coarse stand-in only,reject,,PASTA vs HUMMUS -- wrong category entirely.,,Paul S,16/08/2026,
01030123:IP5,"Pasta, commercial, uncooked",IP5,40.6,"Hummus, commercial",foundation_food,category_proxy,0.65,weak name match (confidence 0.65) taken as a coarse stand-in only,reject,,PASTA vs HUMMUS -- wrong category entirely.,,Paul S,16/08/2026,
01030123:IP6,"Pasta, commercial, uncooked",IP6,389.40000000000003,"Hummus, commercial",foundation_food,category_proxy,0.65,weak name match (confidence 0.65) taken as a coarse stand-in only,reject,,PASTA vs HUMMUS -- wrong category entirely.,,Paul S,16/08/2026,
01030124:IP5,"Pasta, commercial, uncooked",IP5,29.0,"Hummus, commercial",foundation_food,category_proxy,0.65,weak name match (confidence 0.65) taken as a coarse stand-in only,reject,,PASTA vs HUMMUS -- wrong category entirely.,,Paul S,16/08/2026,
01030124:IP6,"Pasta, commercial, uncooked",IP6,244.2,"Hummus, commercial",foundation_food,category_proxy,0.65,weak name match (confidence 0.65) taken as a coarse stand-in only,reject,,PASTA vs HUMMUS -- wrong category entirely.,,Paul S,16/08/2026,
01030125:IP5,"Pasta, dark, commercial, uncooked",IP5,81.2,"Hummus, commercial",foundation_food,category_proxy,0.65,weak name match (confidence 0.65) taken as a coarse stand-in only,reject,,Same wrong-category mismatch.,,Paul S,16/08/2026,
01030125:IP6,"Pasta, dark, commercial, uncooked",IP6,811.8000000000001,"Hummus, commercial",foundation_food,category_proxy,0.65,weak name match (confidence 0.65) taken as a coarse stand-in only,reject,,Same wrong-category mismatch.,,Paul S,16/08/2026,
01030134:IP6,"Wheat bran, Back Cross of Roshan, hydrothermaled, dried",IP6,355.00212,"Wheat bran, crude",sr_legacy_food,category_proxy,0.65,weak name match (confidence 0.65) taken as a coarse stand-in only,reject,,"Hydrothermal treatment is a real process not captured by a ""crude"" (unprocessed) candidate.",,Paul S,16/08/2026,
01030138:PHYTCPPD,"Wheat bran, extruded",PHYTCPPD,3578.0,"Wheat bran, crude",sr_legacy_food,category_proxy,0.65,weak name match (confidence 0.65) taken as a coarse stand-in only,reject,,"EXTRUDED (processed) vs CRUDE (raw, unprocessed) -- established prep-state mismatch.",,Paul S,16/08/2026,
01030139:PHYTCPPD,"Wheat bran, extruded at 115ºC and 14%H20",PHYTCPPD,1928.0,"Wheat bran, crude",sr_legacy_food,category_proxy,0.65,weak name match (confidence 0.65) taken as a coarse stand-in only,reject,,"EXTRUDED vs CRUDE -- established prep-state mismatch, extrusion significantly alters phytate.",,Paul S,16/08/2026,
01030140:PHYTCPPD,"Wheat bran, extruded at 115ºC and 17%H20",PHYTCPPD,1641.0,"Wheat bran, crude",sr_legacy_food,category_proxy,0.65,weak name match (confidence 0.65) taken as a coarse stand-in only,reject,,"EXTRUDED vs CRUDE -- established prep-state mismatch, extrusion significantly alters phytate.",,Paul S,16/08/2026,
01030141:PHYTCPPD,"Wheat bran, extruded at 115ºC and 20%H20",PHYTCPPD,1486.0,"Wheat bran, crude",sr_legacy_food,category_proxy,0.65,weak name match (confidence 0.65) taken as a coarse stand-in only,reject,,"EXTRUDED vs CRUDE -- established prep-state mismatch, extrusion significantly alters phytate.",,Paul S,16/08/2026,
01030142:PHYTCPPD,"Wheat bran, extruded at 140ºC and 14%H20",PHYTCPPD,2243.0,"Wheat bran, crude",sr_legacy_food,category_proxy,0.65,weak name match (confidence 0.65) taken as a coarse stand-in only,reject,,"EXTRUDED vs CRUDE -- established prep-state mismatch, extrusion significantly alters phytate.",,Paul S,16/08/2026,
01030143:PHYTCPPD,"Wheat bran, extruded at 140ºC and 17%H20",PHYTCPPD,1973.0,"Wheat bran, crude",sr_legacy_food,category_proxy,0.65,weak name match (confidence 0.65) taken as a coarse stand-in only,reject,,"EXTRUDED vs CRUDE -- established prep-state mismatch, extrusion significantly alters phytate.",,Paul S,16/08/2026,
01030144:PHYTCPPD,"Wheat bran, extruded at 140ºC and 20%H20",PHYTCPPD,1882.0,"Wheat bran, crude",sr_legacy_food,category_proxy,0.65,weak name match (confidence 0.65) taken as a coarse stand-in only,reject,,"EXTRUDED vs CRUDE -- established prep-state mismatch, extrusion significantly alters phytate.",,Paul S,16/08/2026,
01030145:PHYTCPPD,"Wheat bran, extruded at 165ºC and 14%H20",PHYTCPPD,2143.0,"Wheat bran, crude",sr_legacy_food,category_proxy,0.65,weak name match (confidence 0.65) taken as a coarse stand-in only,reject,,"EXTRUDED vs CRUDE -- established prep-state mismatch, extrusion significantly alters phytate.",,Paul S,16/08/2026,
01030146:PHYTCPPD,"Wheat bran, extruded at 165ºC and 17%H20",PHYTCPPD,2117.0,"Wheat bran, crude",sr_legacy_food,category_proxy,0.65,weak name match (confidence 0.65) taken as a coarse stand-in only,reject,,"EXTRUDED vs CRUDE -- established prep-state mismatch, extrusion significantly alters phytate.",,Paul S,16/08/2026,
01030147:PHYTCPPD,"Wheat bran, extruded at 165ºC and 20%H20",PHYTCPPD,1996.0,"Wheat bran, crude",sr_legacy_food,category_proxy,0.65,weak name match (confidence 0.65) taken as a coarse stand-in only,reject,,"EXTRUDED vs CRUDE -- established prep-state mismatch, extrusion significantly alters phytate.",,Paul S,16/08/2026,
01030216:IP6,"Wheat flour, whole grain, Pillsbury",IP6,1176.0,"Wheat flour, whole-grain, soft wheat",sr_legacy_food,category_proxy,0.65,weak name match (confidence 0.65) taken as a coarse stand-in only,approve,"Wheat flour, whole-grain, soft wheat",,category_estimate,Paul S,16/08/2026,"Brand not captured, otherwise a reasonable generic match."
01030220:PHYTCPP,"Wheat, Bobwhite, MON 71800 (glyphosate tolerant), raw",PHYTCPP,913.507,"Bread, white wheat",sr_legacy_food,category_proxy,0.65,weak name match (confidence 0.65) taken as a coarse stand-in only,reject,,Raw wheat GRAIN (a specific GM variety) vs BREAD (a baked product) -- wrong product form entirely.,,Paul S,16/08/2026,
01030221:PHYTCPP,"Wheat, Bobwhite, MON 71800 (glyphosate tolerant), raw",PHYTCPP,846.9119999999999,"Bread, white wheat",sr_legacy_food,category_proxy,0.65,weak name match (confidence 0.65) taken as a coarse stand-in only,reject,,Raw wheat GRAIN (a specific GM variety) vs BREAD (a baked product) -- wrong product form entirely.,,Paul S,16/08/2026,
01030226:PHYTCPPD,"Wheat, gluten, raw",PHYTCPPD,313.0,Vital wheat gluten,sr_legacy_food,category_proxy,0.65,weak name match (confidence 0.65) taken as a coarse stand-in only,approve,Vital wheat gluten,,category_estimate,Paul S,16/08/2026,"Gluten matches gluten -- reasonable match, ""vital"" just denotes a purified high-protein product."
01030234:PHYT-,"Wheat, whole grain, raw",PHYT-,2130.0,"Buckwheat, whole grain",foundation_food,category_proxy,0.65,weak name match (confidence 0.65) taken as a coarse stand-in only,reject,,"WHEAT vs BUCKWHEAT -- completely different species despite both being ""whole grain"".",,Paul S,16/08/2026,
01030235:PHYTCPP,"Wheat, whole grain, raw",PHYTCPP,638.0,"Buckwheat, whole grain",foundation_food,category_proxy,0.65,weak name match (confidence 0.65) taken as a coarse stand-in only,reject,,"WHEAT vs BUCKWHEAT -- completely different species despite both being ""whole grain"".",,Paul S,16/08/2026,
01030236:PHYTCPP,"Wheat, with gluten, fried",PHYTCPP,266.0,Vital wheat gluten,sr_legacy_food,category_proxy,0.65,weak name match (confidence 0.65) taken as a coarse stand-in only,reject,,"FRIED prep vs a raw/dry gluten product, and ""with gluten"" (a wheat product containing gluten) is a different thing from an isolated gluten product.",,Paul S,16/08/2026,
01030237:PHYTCPP,"Wheat, with gluten, raw",PHYTCPP,134.0,Vital wheat gluten,sr_legacy_food,category_proxy,0.65,weak name match (confidence 0.65) taken as a coarse stand-in only,reject,,"""With gluten"" (a wheat product containing its natural gluten) vs an isolated/extracted gluten protein powder -- different product form.",,Paul S,16/08/2026,
01040001:PHYTCPPI,"Bread, sorghum-based, unleavened",PHYTCPPI,296.0,"Restaurant, Latino, arepa (unleavened cornmeal bread)",sr_legacy_food,category_proxy,0.65,weak name match (confidence 0.65) taken as a coarse stand-in only,reject,,Sorghum-based vs arepa (specifically cornmeal/maize) -- wrong grain.,,Paul S,16/08/2026,
01040001:PPI,"Bread, sorghum-based, unleavened",PPI,82.84,"Restaurant, Latino, arepa (unleavened cornmeal bread)",sr_legacy_food,category_proxy,0.65,weak name match (confidence 0.65) taken as a coarse stand-in only,reject,,Sorghum-based vs arepa (specifically cornmeal/maize) -- wrong grain.,,Paul S,16/08/2026,
01040002:PHYTCPP,"Dough, white sorghum-based, cooked",PHYTCPP,57.07,"Sorghum bran, white, unenriched, dry, raw",foundation_food,category_proxy,0.65,weak name match (confidence 0.65) taken as a coarse stand-in only,reject,,COOKED DOUGH vs raw BRAN -- wrong prep state and wrong product fraction entirely.,,Paul S,16/08/2026,
01040007:PHYTCPP,"Jowar, raw",PHYTCPP,549.0,"Rowal, raw",sr_legacy_food,regional_equivalent,0.65,"name match with preparation state 'raw' confirmed present in 'Rowal, raw', and matching edible-portion basis — not human-verified, so capped below 'exact'",reject,,"""Jowar"" is the common name for sorghum; ""Rowal"" is an unrelated candidate name with no evident connection -- likely a spurious low-confidence match.",,Paul S,16/08/2026,
01040027:PHYTCPPI,"Sorghum flour, Dabar, whole grain, dried",PHYTCPPI,251.503,"Sorghum flour, whole-grain",sr_legacy_food,category_proxy,0.65,weak name match (confidence 0.65) taken as a coarse stand-in only,approve,"Sorghum flour, whole-grain",,category_estimate,Paul S,16/08/2026,"Cultivar-specific source, reasonable generic whole-grain sorghum-flour category estimate."
01040044:PHYTCPPI,"Sorghum flour, Karamaka, whole grain, dried",PHYTCPPI,257.176,"Sorghum flour, whole-grain",sr_legacy_food,category_proxy,0.65,weak name match (confidence 0.65) taken as a coarse stand-in only,approve,"Sorghum flour, whole-grain",,category_estimate,Paul S,16/08/2026,"Cultivar-specific source, reasonable generic whole-grain sorghum-flour category estimate."
01040061:PHYTCPPI,"Sorghum flour, Wad Ahmed, whole grain, dried",PHYTCPPI,253.39399999999998,"Sorghum flour, whole-grain",sr_legacy_food,category_proxy,0.65,weak name match (confidence 0.65) taken as a coarse stand-in only,approve,"Sorghum flour, whole-grain",,category_estimate,Paul S,16/08/2026,"Cultivar-specific source, reasonable generic whole-grain sorghum-flour category estimate."
01040064:PHYTCPPI,"Sorghum, boiled",PHYTCPPI,272.0,Sorghum grain,sr_legacy_food,category_proxy,0.65,weak name match (confidence 0.65) taken as a coarse stand-in only,reject,,BOILED vs raw GRAIN -- prep-state mismatch.,,Paul S,16/08/2026,
01040064:PPI,"Sorghum, boiled",PPI,77.08,Sorghum grain,sr_legacy_food,category_proxy,0.65,weak name match (confidence 0.65) taken as a coarse stand-in only,reject,,BOILED vs raw GRAIN -- prep-state mismatch.,,Paul S,16/08/2026,
01040067:PHYT-,"Sorghum, grain, white, raw",PHYT-,1930.0,"Sorghum, whole grain, white, dry, raw",foundation_food,regional_equivalent,0.65,"name match with preparation state 'raw' confirmed present in 'Sorghum, whole grain, white, dry, raw', and matching edible-portion basis — not human-verified, so capped below 'exact'",approve,"Sorghum, whole grain, white, dry, raw",,category_estimate,Paul S,16/08/2026,Clean match.
01040070:PHYTCPPI,"Sorghum, white, steamed",PHYTCPPI,40.0,"Corn, white, steamed (Navajo)",sr_legacy_food,category_proxy,0.65,weak name match (confidence 0.65) taken as a coarse stand-in only,reject,,"Sorghum vs CORN -- wrong grain species entirely, coincidental ""white, steamed"" phrase overlap.",,Paul S,16/08/2026,
01040071:PHYTCPPI,"Sorghum, white, steamed, dried",PHYTCPPI,310.0,"Egg, white, dried",sr_legacy_food,category_proxy,0.65,weak name match (confidence 0.65) taken as a coarse stand-in only,reject,,"Sorghum grain vs actual EGG WHITE -- wrong category entirely, coincidental ""white""/""dried"" word overlap.",,Paul S,16/08/2026,
01040073:IP6,"Sorghum, whole grain, red, raw",IP6,335.327,"Sorghum, whole grain, white, dry, raw",foundation_food,regional_equivalent,0.65,"name match with preparation state 'raw' confirmed present in 'Sorghum, whole grain, white, dry, raw', and matching edible-portion basis — not human-verified, so capped below 'exact'",reject,,RED vs WHITE -- direct color/variety contradiction.,,Paul S,16/08/2026,
01040074:IP6,"Sorghum, whole grain, white, raw",IP6,455.718,"Sorghum, whole grain, white, dry, raw",foundation_food,regional_equivalent,0.65,"name match with preparation state 'raw' confirmed present in 'Sorghum, whole grain, white, dry, raw', and matching edible-portion basis — not human-verified, so capped below 'exact'",approve,"Sorghum, whole grain, white, dry, raw",,category_estimate,Paul S,16/08/2026,Clean match.
01050102:PHYTCPPD,"Foxtail millet, raw, grounded",PHYTCPPD,191.1,"Millet, raw",sr_legacy_food,regional_equivalent,0.65,"name match with preparation state 'raw' confirmed present in 'Millet, raw', and matching edible-portion basis — not human-verified, so capped below 'exact'",approve,"Millet, raw",,category_estimate,Paul S,16/08/2026,"Specific millet species vs a generic millet candidate -- standard species-collapse caveat, reasonable category estimate."
01050102:PPD,"Foxtail millet, raw, grounded",PPD,53.69,"Millet, raw",sr_legacy_food,regional_equivalent,0.65,"name match with preparation state 'raw' confirmed present in 'Millet, raw', and matching edible-portion basis — not human-verified, so capped below 'exact'",approve,"Millet, raw",,category_estimate,Paul S,16/08/2026,"Specific millet species vs a generic millet candidate -- standard species-collapse caveat, reasonable category estimate."
01050103:PHYTCA,"Foxtail millet, PS-4, dehulled",PHYTCA,1058.85,"Millet, puffed",sr_legacy_food,category_proxy,0.65,weak name match (confidence 0.65) taken as a coarse stand-in only,reject,,Dehulled raw grain vs PUFFED (an extruded snack) -- wrong prep/product form.,,Paul S,16/08/2026,
01050104:PHYTCA,"Foxtail millet, PS-4, dehulled, polished",PHYTCA,172.33,"Millet, puffed",sr_legacy_food,category_proxy,0.65,weak name match (confidence 0.65) taken as a coarse stand-in only,reject,,Same wrong prep/product form mismatch.,,Paul S,16/08/2026,
01050105:PHYTCA,"Foxtail millet, PS-4, whole",PHYTCA,489.24,"Millet, whole grain",foundation_food,category_proxy,0.65,weak name match (confidence 0.65) taken as a coarse stand-in only,approve,"Millet, whole grain",,category_estimate,Paul S,16/08/2026,"Specific millet species vs a generic whole-grain millet candidate -- standard species-collapse caveat, reasonable category estimate."
01050106:PHYTCA,"Foxtail millet, raw",PHYTCA,817.554,"Millet, raw",sr_legacy_food,regional_equivalent,0.65,"name match with preparation state 'raw' confirmed present in 'Millet, raw', and matching edible-portion basis — not human-verified, so capped below 'exact'",approve,"Millet, raw",,category_estimate,Paul S,16/08/2026,"Specific millet species vs a generic millet candidate -- standard species-collapse caveat, reasonable category estimate."
01050109:PHYTCA,"Foxtail millet, SIA-3126, whole",PHYTCA,895.95,"Millet, whole grain",foundation_food,category_proxy,0.65,weak name match (confidence 0.65) taken as a coarse stand-in only,approve,"Millet, whole grain",,category_estimate,Paul S,16/08/2026,"Specific millet species vs a generic whole-grain millet candidate -- standard species-collapse caveat, reasonable category estimate."
01050110:PHYTCPPD,"Indian barnyard millet, raw, grounded",PHYTCPPD,373.5,"Millet, raw",sr_legacy_food,regional_equivalent,0.65,"name match with preparation state 'raw' confirmed present in 'Millet, raw', and matching edible-portion basis — not human-verified, so capped below 'exact'",approve,"Millet, raw",,category_estimate,Paul S,16/08/2026,"Specific millet species vs a generic millet candidate -- standard species-collapse caveat, reasonable category estimate."
01050115:PHYTCPPD,"Millet, instant fura flour",PHYTCPPD,416.0,Millet flour,sr_legacy_food,category_proxy,0.65,weak name match (confidence 0.65) taken as a coarse stand-in only,approve,Millet flour,,category_estimate,Paul S,16/08/2026,"""Instant fura"" is a flour-based product -- reasonable category match, fermentation/instant-prep detail not captured."
01050116:PHYTCPP,"Millet, raw",PHYTCPP,522.0,"Millet, raw",sr_legacy_food,regional_equivalent,0.85,"name match with preparation state 'raw' confirmed present in 'Millet, raw', and matching edible-portion basis — not human-verified, so capped below 'exact'",approve,"Millet, raw",,category_estimate,Paul S,16/08/2026,"Specific millet species vs a generic millet candidate -- standard species-collapse caveat, reasonable category estimate."
01050117:PHYTCPPD,"Millet, raw",PHYTCPPD,237.072,"Millet, raw",sr_legacy_food,close_analogue,0.85,"name-matched at confidence 0.85, but preparation state/moisture basis alignment could not be confirmed automatically",approve,"Millet, raw",,category_estimate,Paul S,16/08/2026,"Specific millet species vs a generic millet candidate -- standard species-collapse caveat, reasonable category estimate."
01050120:PHYTC-,"Millet, whole grain, flakes",PHYTC-,761.4,"Millet, whole grain",foundation_food,category_proxy,0.65,weak name match (confidence 0.65) taken as a coarse stand-in only,approve,"Millet, whole grain",,category_estimate,Paul S,16/08/2026,"Specific millet species vs a generic whole-grain millet candidate -- standard species-collapse caveat, reasonable category estimate."
01050121:IP6,"Millet, whole grain, raw",IP6,94.64,"Millet, whole grain",foundation_food,category_proxy,0.65,weak name match (confidence 0.65) taken as a coarse stand-in only,approve,"Millet, whole grain",,category_estimate,Paul S,16/08/2026,"Specific millet species vs a generic whole-grain millet candidate -- standard species-collapse caveat, reasonable category estimate."
01050126:PHYTCPPI,"Pearl millet flour, Ashana, dehulled seed, cooked, dried",PHYTCPPI,277.551525,"Millet, cooked",sr_legacy_food,category_proxy,0.65,weak name match (confidence 0.65) taken as a coarse stand-in only,reject,,"Source is FLOUR that's been cooked and dried; candidate implies whole grain cooked, not flour -- product-form mismatch.",,Paul S,16/08/2026,
01050135:PHYTCPPI,"Pearl millet flour, Ashana, whole seed",PHYTCPPI,726.342555,Millet flour,sr_legacy_food,category_proxy,0.65,weak name match (confidence 0.65) taken as a coarse stand-in only,approve,Millet flour,,category_estimate,Paul S,16/08/2026,Explicitly labeled flour in the source -- reasonable category match.
01050184:PHYTCPPI,"Pearl millet, B 2, gray, raw",PHYTCPPI,869.5500000000002,"Millet, raw",sr_legacy_food,regional_equivalent,0.65,"name match with preparation state 'raw' confirmed present in 'Millet, raw', and matching edible-portion basis — not human-verified, so capped below 'exact'",approve,"Millet, raw",,category_estimate,Paul S,16/08/2026,"Specific millet species vs a generic millet candidate -- standard species-collapse caveat, reasonable category estimate."
01050185:IP6,"Pearl millet, Gampela, whole, raw",IP6,663.84,"Millet, whole grain",foundation_food,category_proxy,0.65,weak name match (confidence 0.65) taken as a coarse stand-in only,approve,"Millet, whole grain",,category_estimate,Paul S,16/08/2026,"Specific millet species vs a generic whole-grain millet candidate -- standard species-collapse caveat, reasonable category estimate."
01050189:PHYTCPPI,"Pearl millet, IKMP 1, yellowish, raw",PHYTCPPI,872.03,"Peaches, yellow, raw",foundation_food,regional_equivalent,0.65,"name match with preparation state 'raw' confirmed present in 'Peaches, yellow, raw', and matching edible-portion basis — not human-verified, so capped below 'exact'",reject,,"Pearl millet (a grain) vs PEACHES (a fruit) -- wrong category, coincidental ""yellow"" color word.",,Paul S,16/08/2026,
01050190:PHYTCPPI,"Pearl millet, IKMP 2, gray yellow, raw",PHYTCPPI,761.04,"Peaches, yellow, raw",foundation_food,regional_equivalent,0.65,"name match with preparation state 'raw' confirmed present in 'Peaches, yellow, raw', and matching edible-portion basis — not human-verified, so capped below 'exact'",reject,,"Pearl millet (a grain) vs PEACHES (a fruit) -- wrong category, coincidental ""yellow"" color word.",,Paul S,16/08/2026,
01050192:PHYTCPPI,"Pearl millet, IKMP 5, gray light, raw",PHYTCPPI,809.01,"Millet, raw",sr_legacy_food,regional_equivalent,0.65,"name match with preparation state 'raw' confirmed present in 'Millet, raw', and matching edible-portion basis — not human-verified, so capped below 'exact'",approve,"Millet, raw",,category_estimate,Paul S,16/08/2026,"Specific millet species vs a generic millet candidate -- standard species-collapse caveat, reasonable category estimate."
01050194:PHYTCPPI,"Pearl millet, IKMV 8201, gray yellow, raw",PHYTCPPI,1054.5,"Peaches, yellow, raw",foundation_food,regional_equivalent,0.65,"name match with preparation state 'raw' confirmed present in 'Peaches, yellow, raw', and matching edible-portion basis — not human-verified, so capped below 'exact'",reject,,"Pearl millet (a grain) vs PEACHES (a fruit) -- wrong category, coincidental ""yellow"" color word.",,Paul S,16/08/2026,
01050196:PHYTCPPI,"Pearl millet, L. Nahartenga, yellow blade, raw",PHYTCPPI,711.36,"Peaches, yellow, raw",sr_legacy_food,regional_equivalent,0.65,"name match with preparation state 'raw' confirmed present in 'Peaches, yellow, raw', and matching edible-portion basis — not human-verified, so capped below 'exact'",reject,,"Pearl millet (a grain) vs PEACHES (a fruit) -- wrong category, coincidental ""yellow"" color word.",,Paul S,16/08/2026,
01050197:PHYTCPPI,"Pearl millet, L. Zatiib, gray yellow, raw",PHYTCPPI,1304.16,"Peaches, yellow, raw",foundation_food,regional_equivalent,0.65,"name match with preparation state 'raw' confirmed present in 'Peaches, yellow, raw', and matching edible-portion basis — not human-verified, so capped below 'exact'",reject,,"Pearl millet (a grain) vs PEACHES (a fruit) -- wrong category, coincidental ""yellow"" color word.",,Paul S,16/08/2026,
01050200:PHYTCPPI,"Pearl millet, raw",PHYTCPPI,709.56,"Millet, raw",sr_legacy_food,regional_equivalent,0.65,"name match with preparation state 'raw' confirmed present in 'Millet, raw', and matching edible-portion basis — not human-verified, so capped below 'exact'",approve,"Millet, raw",,category_estimate,Paul S,16/08/2026,"Specific millet species vs a generic millet candidate -- standard species-collapse caveat, reasonable category estimate."
01050201:IP6,"Pearl millet, raw",IP6,513.89,"Millet, raw",sr_legacy_food,regional_equivalent,0.65,"name match with preparation state 'raw' confirmed present in 'Millet, raw', and matching edible-portion basis — not human-verified, so capped below 'exact'",approve,"Millet, raw",,category_estimate,Paul S,16/08/2026,"Specific millet species vs a generic millet candidate -- standard species-collapse caveat, reasonable category estimate."
01050203:PHYTCPPI,"Pearl millet, SOSATC 88, gray yellow, raw",PHYTCPPI,1071.6,"Peaches, yellow, raw",foundation_food,regional_equivalent,0.65,"name match with preparation state 'raw' confirmed present in 'Peaches, yellow, raw', and matching edible-portion basis — not human-verified, so capped below 'exact'",reject,,"Pearl millet (a grain) vs PEACHES (a fruit) -- wrong category, coincidental ""yellow"" color word.",,Paul S,16/08/2026,
01050204:PHYTCPPI,"Pearl millet, TK, yellow, raw",PHYTCPPI,1156.2,"Peaches, yellow, raw",sr_legacy_food,regional_equivalent,0.65,"name match with preparation state 'raw' confirmed present in 'Peaches, yellow, raw', and matching edible-portion basis — not human-verified, so capped below 'exact'",reject,,"Pearl millet (a grain) vs PEACHES (a fruit) -- wrong category, coincidental ""yellow"" color word.",,Paul S,16/08/2026,
01050212:PHYTCA,"Proso millet, TNAU-145, whole",PHYTCA,648.7199999999999,"Millet, whole grain",foundation_food,category_proxy,0.65,weak name match (confidence 0.65) taken as a coarse stand-in only,approve,"Millet, whole grain",,category_estimate,Paul S,16/08/2026,"Specific millet species vs a generic whole-grain millet candidate -- standard species-collapse caveat, reasonable category estimate."
01050214:PHYTCPP,"Samai, raw",PHYTCPP,265.0,"Sapodilla, raw",sr_legacy_food,regional_equivalent,0.65,"name match with preparation state 'raw' confirmed present in 'Sapodilla, raw', and matching edible-portion basis — not human-verified, so capped below 'exact'",reject,,"""Samai"" (little millet, a grain) vs SAPODILLA (a fruit) -- wrong category entirely, coincidental ""Sa-"" prefix.",,Paul S,16/08/2026,
01060009:PHYTCPPD,"Barley bran, extruded at 115ºC and 14%H20",PHYTCPPD,1813.0,"Barley, hulled",sr_legacy_food,category_proxy,0.65,weak name match (confidence 0.65) taken as a coarse stand-in only,reject,,"BRAN (a byproduct fraction, extruded/processed) vs HULLED whole grain -- wrong milling fraction and wrong prep state.",,Paul S,16/08/2026,
01060010:PHYTCPPD,"Barley bran, extruded at 115ºC and 17%H20",PHYTCPPD,1782.0,"Barley, hulled",sr_legacy_food,category_proxy,0.65,weak name match (confidence 0.65) taken as a coarse stand-in only,reject,,"BRAN (a byproduct fraction, extruded/processed) vs HULLED whole grain -- wrong milling fraction and wrong prep state.",,Paul S,16/08/2026,
01060011:PHYTCPPD,"Barley bran, extruded at 115ºC and 20%H20",PHYTCPPD,1469.0,"Barley, hulled",sr_legacy_food,category_proxy,0.65,weak name match (confidence 0.65) taken as a coarse stand-in only,reject,,"BRAN (a byproduct fraction, extruded/processed) vs HULLED whole grain -- wrong milling fraction and wrong prep state.",,Paul S,16/08/2026,
01060013:PHYTCPPD,"Barley bran, extruded at 140ºC and 17%H20",PHYTCPPD,1773.0,"Barley, hulled",sr_legacy_food,category_proxy,0.65,weak name match (confidence 0.65) taken as a coarse stand-in only,reject,,"BRAN (a byproduct fraction, extruded/processed) vs HULLED whole grain -- wrong milling fraction and wrong prep state.",,Paul S,16/08/2026,
01060014:PHYTCPPD,"Barley bran, extruded at 140ºC and 20%H20",PHYTCPPD,1546.0,"Barley, hulled",sr_legacy_food,category_proxy,0.65,weak name match (confidence 0.65) taken as a coarse stand-in only,reject,,"BRAN (a byproduct fraction, extruded/processed) vs HULLED whole grain -- wrong milling fraction and wrong prep state.",,Paul S,16/08/2026,
01060015:PHYTCPPD,"Barley bran, extruded at 165ºC and 14%H20",PHYTCPPD,2140.0,"Barley, hulled",sr_legacy_food,category_proxy,0.65,weak name match (confidence 0.65) taken as a coarse stand-in only,reject,,"BRAN (a byproduct fraction, extruded/processed) vs HULLED whole grain -- wrong milling fraction and wrong prep state.",,Paul S,16/08/2026,
01060016:PHYTCPPD,"Barley bran, extruded at 165ºC and 17%H20",PHYTCPPD,1941.0,"Barley, hulled",sr_legacy_food,category_proxy,0.65,weak name match (confidence 0.65) taken as a coarse stand-in only,reject,,"BRAN (a byproduct fraction, extruded/processed) vs HULLED whole grain -- wrong milling fraction and wrong prep state.",,Paul S,16/08/2026,
01060017:PHYTCPPD,"Barley bran, extruded at 165ºC and 20%H20",PHYTCPPD,1773.0,"Barley, hulled",sr_legacy_food,category_proxy,0.65,weak name match (confidence 0.65) taken as a coarse stand-in only,reject,,"BRAN (a byproduct fraction, extruded/processed) vs HULLED whole grain -- wrong milling fraction and wrong prep state.",,Paul S,16/08/2026,
01060029:PHYTC-,Barley flour,PHYTC-,290.4,Barley flour or meal,sr_legacy_food,close_analogue,0.85,"name-matched at confidence 0.85, but preparation state/moisture basis alignment could not be confirmed automatically",approve,Barley flour or meal,,category_estimate,Paul S,16/08/2026,Clean match.
01060030:IP6,Barley flour,IP6,767.12,Barley flour or meal,sr_legacy_food,close_analogue,0.85,"name-matched at confidence 0.85, but preparation state/moisture basis alignment could not be confirmed automatically",approve,Barley flour or meal,,category_estimate,Paul S,16/08/2026,Clean match.
01060035:PP-,"Barley, dehulled",PP-,230.0,"Barley, hulled",sr_legacy_food,category_proxy,0.65,weak name match (confidence 0.65) taken as a coarse stand-in only,approve,"Barley, hulled",,category_estimate,Paul S,16/08/2026,"""Dehulled"" and ""hulled"" describe the same husk-removed state -- clean match."
01060036:IP3,"Barley, dried",IP3,1.8119999999999998,"Barley, hulled",sr_legacy_food,category_proxy,0.65,weak name match (confidence 0.65) taken as a coarse stand-in only,approve,"Barley, hulled",,category_estimate,Paul S,16/08/2026,"""Dried"" (unspecified milling) vs HULLED -- a common, minimally-processed form, reasonable default."
01060036:IP4,"Barley, dried",IP4,6.342,"Barley, hulled",sr_legacy_food,category_proxy,0.65,weak name match (confidence 0.65) taken as a coarse stand-in only,approve,"Barley, hulled",,category_estimate,Paul S,16/08/2026,"""Dried"" (unspecified milling) vs HULLED -- a common, minimally-processed form, reasonable default."
01060036:IP5,"Barley, dried",IP5,48.017999999999994,"Barley, hulled",sr_legacy_food,category_proxy,0.65,weak name match (confidence 0.65) taken as a coarse stand-in only,approve,"Barley, hulled",,category_estimate,Paul S,16/08/2026,"""Dried"" (unspecified milling) vs HULLED -- a common, minimally-processed form, reasonable default."
01060036:IPSUM,"Barley, dried",IPSUM,231.93599999999998,"Barley, hulled",sr_legacy_food,category_proxy,0.65,weak name match (confidence 0.65) taken as a coarse stand-in only,approve,"Barley, hulled",,category_estimate,Paul S,16/08/2026,"""Dried"" (unspecified milling) vs HULLED -- a common, minimally-processed form, reasonable default."
01060038:PHYTC-,"Barley, grain, raw",PHYTC-,739.5,"Barley, pearled, raw",sr_legacy_food,regional_equivalent,0.65,"name match with preparation state 'raw' confirmed present in 'Barley, pearled, raw', and matching edible-portion basis — not human-verified, so capped below 'exact'",reject,,"Source doesn't confirm pearled (bran-removed) milling state -- unconfirmed, phytate-relevant assumption, established concern.",,Paul S,16/08/2026,
01060039:PP-,"Barley, M955, dehulled",PP-,20.0,"Barley, hulled",sr_legacy_food,category_proxy,0.65,weak name match (confidence 0.65) taken as a coarse stand-in only,approve,"Barley, hulled",,category_estimate,Paul S,16/08/2026,"Cultivar-specific, dehulled matches hulled -- clean match."
01060045:PHYTCPP,"Barley, raw",PHYTCPP,386.0,"Barley, pearled, raw",sr_legacy_food,regional_equivalent,0.65,"name match with preparation state 'raw' confirmed present in 'Barley, pearled, raw', and matching edible-portion basis — not human-verified, so capped below 'exact'",reject,,"Source doesn't confirm pearled (bran-removed) milling state -- unconfirmed, phytate-relevant assumption, established concern.",,Paul S,16/08/2026,
01060050:IP4,"Barley, Sunnita, raw",IP4,55.46875,"Barley, pearled, raw",sr_legacy_food,regional_equivalent,0.65,"name match with preparation state 'raw' confirmed present in 'Barley, pearled, raw', and matching edible-portion basis — not human-verified, so capped below 'exact'",reject,,"Source doesn't confirm pearled (bran-removed) milling state -- unconfirmed, phytate-relevant assumption, established concern.",,Paul S,16/08/2026,
01060050:IP5,"Barley, Sunnita, raw",IP5,48.90125,"Barley, pearled, raw",sr_legacy_food,regional_equivalent,0.65,"name match with preparation state 'raw' confirmed present in 'Barley, pearled, raw', and matching edible-portion basis — not human-verified, so capped below 'exact'",reject,,"Source doesn't confirm pearled (bran-removed) milling state -- unconfirmed, phytate-relevant assumption, established concern.",,Paul S,16/08/2026,
01060050:IP6,"Barley, Sunnita, raw",IP6,569.93475,"Barley, pearled, raw",sr_legacy_food,regional_equivalent,0.65,"name match with preparation state 'raw' confirmed present in 'Barley, pearled, raw', and matching edible-portion basis — not human-verified, so capped below 'exact'",reject,,"Source doesn't confirm pearled (bran-removed) milling state -- unconfirmed, phytate-relevant assumption, established concern.",,Paul S,16/08/2026,
01060069:IP3,"Bread, mixed flour, wheat and oat",IP3,46.20000000000001,"Wheat flour, white, bread, enriched",sr_legacy_food,category_proxy,0.65,weak name match (confidence 0.65) taken as a coarse stand-in only,reject,,"BREAD vs FLOUR (wrong product form), and the oat component is missing entirely.",,Paul S,16/08/2026,
01060069:IP4,"Bread, mixed flour, wheat and oat",IP4,35.0,"Wheat flour, white, bread, enriched",sr_legacy_food,category_proxy,0.65,weak name match (confidence 0.65) taken as a coarse stand-in only,reject,,"BREAD vs FLOUR (wrong product form), and the oat component is missing entirely.",,Paul S,16/08/2026,
01060069:IP5,"Bread, mixed flour, wheat and oat",IP5,52.2,"Wheat flour, white, bread, enriched",sr_legacy_food,category_proxy,0.65,weak name match (confidence 0.65) taken as a coarse stand-in only,reject,,"BREAD vs FLOUR (wrong product form), and the oat component is missing entirely.",,Paul S,16/08/2026,
01060069:IP6,"Bread, mixed flour, wheat and oat",IP6,191.4,"Wheat flour, white, bread, enriched",sr_legacy_food,category_proxy,0.65,weak name match (confidence 0.65) taken as a coarse stand-in only,reject,,"BREAD vs FLOUR (wrong product form), and the oat component is missing entirely.",,Paul S,16/08/2026,
01060070:IP3,"Bread, mixed flour, wheat and potato",IP3,37.8,"Wheat flour, white, bread, enriched",sr_legacy_food,category_proxy,0.65,weak name match (confidence 0.65) taken as a coarse stand-in only,reject,,"BREAD vs FLOUR (wrong product form), and the potato component is missing entirely.",,Paul S,16/08/2026,
01060070:IP4,"Bread, mixed flour, wheat and potato",IP4,50.0,"Wheat flour, white, bread, enriched",sr_legacy_food,category_proxy,0.65,weak name match (confidence 0.65) taken as a coarse stand-in only,reject,,"BREAD vs FLOUR (wrong product form), and the potato component is missing entirely.",,Paul S,16/08/2026,
01060070:IP6,"Bread, mixed flour, wheat and potato",IP6,19.8,"Wheat flour, white, bread, enriched",sr_legacy_food,category_proxy,0.65,weak name match (confidence 0.65) taken as a coarse stand-in only,reject,,"BREAD vs FLOUR (wrong product form), and the potato component is missing entirely.",,Paul S,16/08/2026,
01060077:PHYTCPPD,"Bread, rye-based",PHYTCPPD,77.0,"Bread, rye",sr_legacy_food,category_proxy,0.65,weak name match (confidence 0.65) taken as a coarse stand-in only,approve,"Bread, rye",,category_estimate,Paul S,16/08/2026,Clean match.
01060080:PHYTC-,"Bread, rye-based, RySoy",PHYTC-,377.6,"Bread, rye",sr_legacy_food,category_proxy,0.65,weak name match (confidence 0.65) taken as a coarse stand-in only,reject,,"""RySoy"" suggests a rye+soy blend -- the soy component is missing from a plain rye-bread candidate.",,Paul S,16/08/2026,
01060082:PHYTC-,"Bread, rye-based, swiss rye",PHYTC-,330.6,"Bread, rye",sr_legacy_food,category_proxy,0.65,weak name match (confidence 0.65) taken as a coarse stand-in only,approve,"Bread, rye",,category_estimate,Paul S,16/08/2026,"""Swiss rye"" reads as a rye-bread style/brand -- category correct, reasonable estimate."
01060083:IP6,"Bread, sour buckwheat-based",IP6,26.4,"Flour, buckwheat",foundation_food,category_proxy,0.65,weak name match (confidence 0.65) taken as a coarse stand-in only,reject,,"BREAD (a baked, fermented product) vs raw FLOUR -- wrong product form.",,Paul S,16/08/2026,
01060108:PHYTCPPD,"Buckwheat bran, dried",PHYTCPPD,1012.0,Buckwheat,sr_legacy_food,category_proxy,0.65,weak name match (confidence 0.65) taken as a coarse stand-in only,reject,,"BRAN (a specific milling fraction) vs unspecified whole ""Buckwheat"" -- product-form mismatch.",,Paul S,16/08/2026,
01060111:PHYTCPPD,"Buckwheat flour, wholemeal dried",PHYTCPPD,1810.0,"Buckwheat flour, whole-groat",sr_legacy_food,category_proxy,0.65,weak name match (confidence 0.65) taken as a coarse stand-in only,approve,"Buckwheat flour, whole-groat",,category_estimate,Paul S,16/08/2026,"""Wholemeal"" and ""whole-groat"" describe comparable milling states -- reasonable match."
01060116:IP4,"Buckwheat, Kora, raw",IP4,8.78,Buckwheat,sr_legacy_food,category_proxy,0.65,weak name match (confidence 0.65) taken as a coarse stand-in only,approve,Buckwheat,,category_estimate,Paul S,16/08/2026,"Cultivar-specific, reasonable generic buckwheat category estimate."
01060116:IP5,"Buckwheat, Kora, raw",IP5,17.56,Buckwheat,sr_legacy_food,category_proxy,0.65,weak name match (confidence 0.65) taken as a coarse stand-in only,approve,Buckwheat,,category_estimate,Paul S,16/08/2026,"Cultivar-specific, reasonable generic buckwheat category estimate."
01060116:IP6,"Buckwheat, Kora, raw",IP6,1518.94,Buckwheat,sr_legacy_food,category_proxy,0.65,weak name match (confidence 0.65) taken as a coarse stand-in only,approve,Buckwheat,,category_estimate,Paul S,16/08/2026,"Cultivar-specific, reasonable generic buckwheat category estimate."
01060117:PHYTCPPD,"Buckwheat, whole grain, dried",PHYTCPPD,1696.7,"Buckwheat, whole grain",foundation_food,category_proxy,0.65,weak name match (confidence 0.65) taken as a coarse stand-in only,approve,"Buckwheat, whole grain",,category_estimate,Paul S,16/08/2026,"Clean match, dried is a minor caveat."
01060126:PHYTCPP,"Injera bread, barley and wheat",PHYTCPP,16.512000000000004,"Bread, wheat",sr_legacy_food,category_proxy,0.65,weak name match (confidence 0.65) taken as a coarse stand-in only,reject,,"Injera (a fermented Ethiopian flatbread) vs a plain wheat bread entry -- wrong traditional product, and the barley component is missing entirely.",,Paul S,16/08/2026,
01060134:PHYTCPP,"Injera flour, barley and wheat",PHYTCPP,1017.2820000000002,"Flour, barley",foundation_food,category_proxy,0.65,weak name match (confidence 0.65) taken as a coarse stand-in only,reject,,Missing the wheat component entirely -- established injera mixed-grain concern.,,Paul S,16/08/2026,
01060135:PHYTCPP,"Injera flour, teff and white sorghum",PHYTCPP,1201.698,"Flour, sorghum",foundation_food,category_proxy,0.65,weak name match (confidence 0.65) taken as a coarse stand-in only,reject,,"Missing the teff component -- teff is actually the primary traditional injera grain, a significant omission.",,Paul S,16/08/2026,
01060136:PHYTCPP,"Injera flour, wheat and red sorghum",PHYTCPP,909.7109999999999,"Flour, sorghum",foundation_food,category_proxy,0.65,weak name match (confidence 0.65) taken as a coarse stand-in only,reject,,"Missing the wheat component entirely, plus an unconfirmed red/white sorghum-color mismatch.",,Paul S,16/08/2026,
01060176:PHYTCPPD,"Oat bran, raw",PHYTCPPD,2769.0,"Oat bran, raw",sr_legacy_food,regional_equivalent,0.85,"name match with preparation state 'raw' confirmed present in 'Oat bran, raw', and matching edible-portion basis — not human-verified, so capped below 'exact'",approve,"Oat bran, raw",,category_estimate,Paul S,16/08/2026,Exact match.
01060177:PHYTCPPD,"Oat bran, raw",PHYTCPPD,2769.0,"Oat bran, raw",sr_legacy_food,regional_equivalent,0.85,"name match with preparation state 'raw' confirmed present in 'Oat bran, raw', and matching edible-portion basis — not human-verified, so capped below 'exact'",approve,"Oat bran, raw",,category_estimate,Paul S,16/08/2026,Exact match.
01060187:PHYTCPPD,"Oat fiber, raw",PHYTCPPD,80.0,"Oat bran, raw",sr_legacy_food,regional_equivalent,0.65,"name match with preparation state 'raw' confirmed present in 'Oat bran, raw', and matching edible-portion basis — not human-verified, so capped below 'exact'",reject,,"""Fiber"" (an isolated fraction) vs BRAN (a different milling fraction) -- different product.",,Paul S,16/08/2026,
01060188:PHYTCPP,"Oat flake, raw",PHYTCPP,871.0,"Oat bran, raw",sr_legacy_food,regional_equivalent,0.65,"name match with preparation state 'raw' confirmed present in 'Oat bran, raw', and matching edible-portion basis — not human-verified, so capped below 'exact'",reject,,FLAKE (rolled whole-oat product) vs BRAN (a milling fraction) -- different product form.,,Paul S,16/08/2026,
01060189:PHYTCA,Oat flour,PHYTCA,270.0,"Oat flour, partially debranned",sr_legacy_food,close_analogue,0.85,"name-matched at confidence 0.85, but preparation state/moisture basis alignment could not be confirmed automatically",approve,"Oat flour, partially debranned",,category_estimate,Paul S,16/08/2026,"Reasonable default, no better plain-oat-flour candidate evident."
01060206:IP4,"Porridge formula, oatmeal, commercial, ""Ahaa"" small flakes",IP4,35.0,"Cookies, oatmeal, commercially prepared, regular",sr_legacy_food,category_proxy,0.65,weak name match (confidence 0.65) taken as a coarse stand-in only,reject,,"A porridge FORMULA vs COOKIES (a baked snack) -- wrong product form, established pattern.",,Paul S,16/08/2026,
01060206:IP5,"Porridge formula, oatmeal, commercial, ""Ahaa"" small flakes",IP5,220.4,"Cookies, oatmeal, commercially prepared, regular",sr_legacy_food,category_proxy,0.65,weak name match (confidence 0.65) taken as a coarse stand-in only,reject,,"A porridge FORMULA vs COOKIES (a baked snack) -- wrong product form, established pattern.",,Paul S,16/08/2026,
01060221:IP6,"Quinoa, boiled",IP6,554.1400000000001,"Quinoa, cooked",sr_legacy_food,category_proxy,0.65,weak name match (confidence 0.65) taken as a coarse stand-in only,approve,"Quinoa, cooked",,category_estimate,Paul S,16/08/2026,Clean match (boiled/cooked equivalent).
01060222:PHYTCPP,"Quinoa, raw",PHYTCPP,120.0,"Quinces, raw",sr_legacy_food,regional_equivalent,0.65,"name match with preparation state 'raw' confirmed present in 'Quinces, raw', and matching edible-portion basis — not human-verified, so capped below 'exact'",reject,,"Quinoa (a grain) vs QUINCES (a fruit) -- wrong category, coincidental ""Quin-"" prefix.",,Paul S,16/08/2026,
01060226:PHYTC-,"Rye, grain, raw",PHYTC-,161.08820000000003,Rye grain,sr_legacy_food,category_proxy,0.65,weak name match (confidence 0.65) taken as a coarse stand-in only,approve,Rye grain,,category_estimate,Paul S,16/08/2026,Clean match.
01060228:IP5_A_IP6,"Teff dough, unfermented, raw",IP5_A_IP6,139.0,"Teff, uncooked",sr_legacy_food,category_proxy,0.65,weak name match (confidence 0.65) taken as a coarse stand-in only,approve,"Teff, uncooked",,category_estimate,Paul S,16/08/2026,"Dough form vs whole/ground grain is a product-form gap, but no better candidate is evident and ""uncooked""/""unfermented"" align -- reasonable category estimate."
01060233:PHYTCPP,"Teff, whole grain, dried",PHYTCPP,1371.072,"Egg, whole, dried",sr_legacy_food,regional_equivalent,0.65,"name match with preparation state 'dried' confirmed present in 'Egg, whole, dried', and matching edible-portion basis — not human-verified, so capped below 'exact'",reject,,"Teff (a grain) vs EGG (an animal product) -- wrong category entirely, coincidental ""whole""/""dried"" word overlap.",,Paul S,16/08/2026,
02010012:IP6,"Potato, french fries (McDonald's)",IP6,106.0,"McDONALD'S, french fries",sr_legacy_food,category_proxy,0.65,weak name match (confidence 0.65) taken as a coarse stand-in only,approve,"McDONALD'S, french fries",,category_estimate,Paul S,16/08/2026,Exact brand match.
02010014:IP6,"Potato, Imilla, boiled",IP6,19.865999999999996,"Sweet potato, cooked, boiled, without skin",sr_legacy_food,category_proxy,0.65,weak name match (confidence 0.65) taken as a coarse stand-in only,reject,,"Potato vs SWEET potato -- different plant family, established species mismatch.",,Paul S,16/08/2026,
02010016:IP6,"Potato, Kennebec, raw, unpeeled",IP6,35.0,"Potatoes, raw, skin",sr_legacy_food,regional_equivalent,0.65,"name match with preparation state 'raw' confirmed present in 'Potatoes, raw, skin', and matching edible-portion basis — not human-verified, so capped below 'exact'",approve,"Potatoes, raw, skin",,category_estimate,Paul S,16/08/2026,"""Unpeeled"" matches the candidate's ""with skin"" -- good match, cultivar not preserved."
02010017:IP6,"Potato, mashed flakes, dehydrated, Hungry Jack®",IP6,205.0,"Potatoes, mashed, dehydrated, flakes without milk, dry form",sr_legacy_food,category_proxy,0.65,weak name match (confidence 0.65) taken as a coarse stand-in only,approve,"Potatoes, mashed, dehydrated, flakes without milk, dry form",,category_estimate,Paul S,16/08/2026,"Good product match, brand not captured but reasonable."
02010022:PHYTCPP,"Potato, red skin, raw",PHYTCPP,59.74,"Potatoes, raw, skin",sr_legacy_food,regional_equivalent,0.65,"name match with preparation state 'raw' confirmed present in 'Potatoes, raw, skin', and matching edible-portion basis — not human-verified, so capped below 'exact'",approve,"Potatoes, raw, skin",,category_estimate,Paul S,16/08/2026,Skin-on matches candidate; specific red-skin variety not captured -- reasonable category estimate.
02010023:IP6,"Potato, red skin, raw",IP6,51.0,"Potatoes, raw, skin",sr_legacy_food,regional_equivalent,0.65,"name match with preparation state 'raw' confirmed present in 'Potatoes, raw, skin', and matching edible-portion basis — not human-verified, so capped below 'exact'",approve,"Potatoes, raw, skin",,category_estimate,Paul S,16/08/2026,Skin-on matches candidate; specific red-skin variety not captured -- reasonable category estimate.
02010026:IP6,"Potato, Russet Norkotah, raw, unpeeled",IP6,47.0,"Potatoes, russet, without skin, raw",foundation_food,regional_equivalent,0.65,"name match with preparation state 'raw' confirmed present in 'Potatoes, russet, without skin, raw', and matching edible-portion basis — not human-verified, so capped below 'exact'",reject,,"UNPEELED (with skin) vs candidate explicitly ""WITHOUT skin"" -- direct contradiction.",,Paul S,16/08/2026,
02010029:IP6,"Potato, Superior, raw, unpeeled",IP6,44.0,"Potatoes, raw, skin",sr_legacy_food,regional_equivalent,0.65,"name match with preparation state 'raw' confirmed present in 'Potatoes, raw, skin', and matching edible-portion basis — not human-verified, so capped below 'exact'",approve,"Potatoes, raw, skin",,category_estimate,Paul S,16/08/2026,Same reasoning as the Kennebec row.
02010033:PHYTCPPI,"Potato, white skin and flesh, peeled, boiled",PHYTCPPI,4.818072,"Potatoes, white, flesh and skin, baked",sr_legacy_food,category_proxy,0.65,weak name match (confidence 0.65) taken as a coarse stand-in only,reject,,"BOILED vs BAKED (different cooking method) and PEELED vs ""flesh and skin"" (skin-inclusion contradiction) -- double mismatch.",,Paul S,16/08/2026,
02010045:PHYTCPP,"Sweet potato, fried in coconut oil",PHYTCPP,7.0,Adidas Ag ORGANIC REFINED COCONUT OIL,branded_food,close_analogue,0.95,"name-matched at confidence 0.95, but preparation state/moisture basis alignment could not be confirmed automatically",reject,,"A fried sweet-potato dish matched to plain coconut oil from a sportswear company -- wrong category/product entirely, missing the sweet-potato component.",,Paul S,16/08/2026,
02010052:PP-,"Sweet potato, red, raw, peeled",PP-,6.215999999999999,"Sweet potato leaves, raw",sr_legacy_food,regional_equivalent,0.65,"name match with preparation state 'raw' confirmed present in 'Sweet potato leaves, raw', and matching edible-portion basis — not human-verified, so capped below 'exact'",reject,,"Root (tuber) vs LEAVES -- wrong plant part, established pattern.",,Paul S,16/08/2026,
02020008:PHYTCPPI,"Cassava, boiled",PHYTCPPI,60.0,"Cassava, raw",sr_legacy_food,category_proxy,0.65,weak name match (confidence 0.65) taken as a coarse stand-in only,reject,,BOILED vs RAW -- meaningful prep-state mismatch.,,Paul S,16/08/2026,
02020009:IP6,"Cassava, boiled",IP6,61.69,"Cassava, raw",sr_legacy_food,category_proxy,0.65,weak name match (confidence 0.65) taken as a coarse stand-in only,reject,,BOILED vs RAW -- meaningful prep-state mismatch.,,Paul S,16/08/2026,
02020014:PHYTCPPD,"Cassava, Kello 44/72, roots, boiled",PHYTCPPD,129.0844,"Cassava, raw",sr_legacy_food,category_proxy,0.65,weak name match (confidence 0.65) taken as a coarse stand-in only,reject,,BOILED vs RAW -- meaningful prep-state mismatch.,,Paul S,16/08/2026,
02020017:PP-,"Cassava, raw, peeled",PP-,2.6208,"Cassava, raw",sr_legacy_food,regional_equivalent,0.65,"name match with preparation state 'raw' confirmed present in 'Cassava, raw', and matching edible-portion basis — not human-verified, so capped below 'exact'",approve,"Cassava, raw",,category_estimate,Paul S,16/08/2026,"Peeling is a minor caveat, still raw -- reasonable category estimate."
02020020:PHYTCPPD,"Cassava, Quelle 104/72, roots, raw",PHYTCPPD,492.456,"Cassava, raw",sr_legacy_food,regional_equivalent,0.65,"name match with preparation state 'raw' confirmed present in 'Cassava, raw', and matching edible-portion basis — not human-verified, so capped below 'exact'",approve,"Cassava, raw",,category_estimate,Paul S,16/08/2026,"Cultivar-specific, raw matches raw -- clean match."
02020021:IP6,"Cassava, raw",IP6,133.0,"Cassava, raw",sr_legacy_food,regional_equivalent,0.85,"name match with preparation state 'raw' confirmed present in 'Cassava, raw', and matching edible-portion basis — not human-verified, so capped below 'exact'",approve,"Cassava, raw",,category_estimate,Paul S,16/08/2026,Exact match.
02020022:PHYTCPP,"Cassava, root, boiled",PHYTCPP,54.0,"Cassava, raw",sr_legacy_food,category_proxy,0.65,weak name match (confidence 0.65) taken as a coarse stand-in only,reject,,BOILED vs RAW -- meaningful prep-state mismatch.,,Paul S,16/08/2026,
02020024:PHYTCPPD,"Cassava, tuber, boiled",PHYTCPPD,59.0,"Cassava, raw",sr_legacy_food,category_proxy,0.65,weak name match (confidence 0.65) taken as a coarse stand-in only,reject,,BOILED vs RAW -- meaningful prep-state mismatch.,,Paul S,16/08/2026,
02020025:PHYT-,"Cassava, tuber, boiled",PHYT-,54.0,"Cassava, raw",sr_legacy_food,category_proxy,0.65,weak name match (confidence 0.65) taken as a coarse stand-in only,reject,,BOILED vs RAW -- meaningful prep-state mismatch.,,Paul S,16/08/2026,
02020027:IP6,"Cocoyam, raw",IP6,83.0,"Yam, raw",sr_legacy_food,regional_equivalent,0.65,"name match with preparation state 'raw' confirmed present in 'Yam, raw', and matching edible-portion basis — not human-verified, so capped below 'exact'",reject,,"Cocoyam (typically Colocasia/Xanthosoma, the taro family) is botanically different from true yam (Dioscorea) despite the common nickname -- same false-cognate caution as sweet-potato-vs-potato.",,Paul S,16/08/2026,
02020033:PHYTCPP,"Tapioca, raw",PHYTCPP,64.42,"Taro, raw",sr_legacy_food,regional_equivalent,0.65,"name match with preparation state 'raw' confirmed present in 'Taro, raw', and matching edible-portion basis — not human-verified, so capped below 'exact'",reject,,"Tapioca is a starch product derived from cassava, not taro at all -- wrong category, coincidental ""Ta-"" prefix.",,Paul S,16/08/2026,
02030002:PHYTC-,"Cocoyam, corm, wild, washed, unpeeled, dried",PHYTC-,893.0419999999999,"Nuts, chestnuts, european, dried, unpeeled",sr_legacy_food,regional_equivalent,0.65,"name match with preparation state 'dried' confirmed present in 'Nuts, chestnuts, european, dried, unpeeled', and matching edible-portion basis — not human-verified, so capped below 'exact'",reject,,"A root-vegetable corm vs CHESTNUTS (a tree nut) -- wrong category entirely, coincidental ""unpeeled, dried"" phrase overlap.",,Paul S,16/08/2026,
02030015:IP6,"Taro, raw",IP6,169.0,"Taro, raw",sr_legacy_food,regional_equivalent,0.85,"name match with preparation state 'raw' confirmed present in 'Taro, raw', and matching edible-portion basis — not human-verified, so capped below 'exact'",approve,"Taro, raw",,category_estimate,Paul S,16/08/2026,Exact match.
02040001:PHYTCPP,"Taro (eddoe), raw",PHYTCPP,13.57,"Taro, raw",sr_legacy_food,regional_equivalent,0.65,"name match with preparation state 'raw' confirmed present in 'Taro, raw', and matching edible-portion basis — not human-verified, so capped below 'exact'",approve,"Taro, raw",,category_estimate,Paul S,16/08/2026,"Eddoe (Colocasia antiquorum) is a taro variety, same genus -- reasonable category estimate."
02040006:PHYTCPP,"Yam, Elephant, raw",PHYTCPP,16.23,"Yam, raw",sr_legacy_food,regional_equivalent,0.65,"name match with preparation state 'raw' confirmed present in 'Yam, raw', and matching edible-portion basis — not human-verified, so capped below 'exact'",approve,"Yam, raw",,category_estimate,Paul S,16/08/2026,"Explicitly labeled ""Yam"" in the source (unlike Cocoyam above) -- reasonable category estimate despite Elephant yam (Amorphophallus) sometimes being classified separately."
02040012:PHYTCPP,"Yam, ordinary, raw",PHYTCPP,20.99,"Yam, raw",sr_legacy_food,regional_equivalent,0.65,"name match with preparation state 'raw' confirmed present in 'Yam, raw', and matching edible-portion basis — not human-verified, so capped below 'exact'",approve,"Yam, raw",,category_estimate,Paul S,16/08/2026,Clean match.
02040021:PP-,"Yam, yellow, raw, peeled",PP-,4.554,"Peaches, yellow, raw",sr_legacy_food,regional_equivalent,0.65,"name match with preparation state 'raw' confirmed present in 'Peaches, yellow, raw', and matching edible-portion basis — not human-verified, so capped below 'exact'",reject,,"Yam (a tuber) vs PEACHES (a fruit) -- wrong category, coincidental ""yellow"" color word.",,Paul S,16/08/2026,
02050007:PHYTCPPD,"Anchote, roots, whole, raw",PHYTCPPD,249.6,"Nuts, almonds, whole, raw",foundation_food,regional_equivalent,0.65,"name match with preparation state 'raw' confirmed present in 'Nuts, almonds, whole, raw', and matching edible-portion basis — not human-verified, so capped below 'exact'",reject,,"Anchote (an Ethiopian root vegetable) vs ALMONDS -- wrong category entirely, coincidental ""whole, raw"" phrase overlap.",,Paul S,16/08/2026,
02050009:IP6,"Beet, red beet, raw",IP6,5.0,"Beets, raw",foundation_food,regional_equivalent,0.65,"name match with preparation state 'raw' confirmed present in 'Beets, raw', and matching edible-portion basis — not human-verified, so capped below 'exact'",approve,"Beets, raw",,category_estimate,Paul S,16/08/2026,Clean match.
02050016:IP6,"Jerusalem artichoke, raw",IP6,46.0,"Jerusalem-artichokes, raw",sr_legacy_food,regional_equivalent,0.65,"name match with preparation state 'raw' confirmed present in 'Jerusalem-artichokes, raw', and matching edible-portion basis — not human-verified, so capped below 'exact'",approve,"Jerusalem-artichokes, raw",,category_estimate,Paul S,16/08/2026,Exact match.
02050017:PHYTCPP,Lotus root starch,PHYTCPP,0.0,"Lotus root, raw",sr_legacy_food,category_proxy,0.65,weak name match (confidence 0.65) taken as a coarse stand-in only,reject,,"STARCH (an extracted, refined product) vs the RAW ROOT -- wrong product form, established starch-extraction reasoning.",,Paul S,16/08/2026,
02050018:PHYTCPP,"Lotus root, raw",PHYTCPP,7.84,"Lotus root, raw",sr_legacy_food,regional_equivalent,0.85,"name match with preparation state 'raw' confirmed present in 'Lotus root, raw', and matching edible-portion basis — not human-verified, so capped below 'exact'",approve,"Lotus root, raw",,category_estimate,Paul S,16/08/2026,Exact match.
02050021:IP6,"Parsnip, raw",IP6,61.0,"Parsnips, raw",foundation_food,regional_equivalent,0.65,"name match with preparation state 'raw' confirmed present in 'Parsnips, raw', and matching edible-portion basis — not human-verified, so capped below 'exact'",approve,"Parsnips, raw",,category_estimate,Paul S,16/08/2026,Exact match.
02050029:IP6,"Turnip, raw",IP6,2.16,"Turnips, raw",foundation_food,regional_equivalent,0.65,"name match with preparation state 'raw' confirmed present in 'Turnips, raw', and matching edible-portion basis — not human-verified, so capped below 'exact'",approve,"Turnips, raw",,category_estimate,Paul S,16/08/2026,Exact match.
02060001:IP6,"Plantain, boiled",IP6,6.225999999999999,"Plantains, green, boiled",sr_legacy_food,category_proxy,0.65,weak name match (confidence 0.65) taken as a coarse stand-in only,reject,,"Ripeness stage unconfirmed by source -- candidate assumes green/unripe, an unconfirmed assumption with a real compositional effect.",,Paul S,16/08/2026,
02060010:PHYTCPP,"Plantain, green, raw",PHYTCPP,40.44,"Plantains, green, raw",sr_legacy_food,regional_equivalent,0.65,"name match with preparation state 'raw' confirmed present in 'Plantains, green, raw', and matching edible-portion basis — not human-verified, so capped below 'exact'",approve,"Plantains, green, raw",,category_estimate,Paul S,16/08/2026,Exact match.
02060012:PHYTCPP,"Plantain, ripe, boiled",PHYTCPP,0.0,"Plantains, green, boiled",sr_legacy_food,category_proxy,0.65,weak name match (confidence 0.65) taken as a coarse stand-in only,reject,,"RIPE vs GREEN -- direct contradiction, established mismatch.",,Paul S,16/08/2026,
03010002:PHYTC-,"African faba bean, seed, raw",PHYTC-,313.335,"Broadbeans (fava beans), mature seeds, raw",sr_legacy_food,regional_equivalent,0.65,"name match with preparation state 'raw' confirmed present in 'Broadbeans (fava beans), mature seeds, raw', and matching edible-portion basis — not human-verified, so capped below 'exact'",approve,"Broadbeans (fava beans), mature seeds, raw",,category_estimate,Paul S,16/08/2026,"African faba bean is genuinely Vicia faba grown in Africa -- same species, good match."
03010015:PHYTCPPI,"African locust bean, raw",PHYTCPPI,1023.5579999999999,"Yardlong bean, raw",sr_legacy_food,regional_equivalent,0.65,"name match with preparation state 'raw' confirmed present in 'Yardlong bean, raw', and matching edible-portion basis — not human-verified, so capped below 'exact'",reject,,African locust bean (Parkia biglobosa) vs yardlong bean -- different species.,,Paul S,16/08/2026,
03010031:PHYTCPP,"Bambara groundnut, Ci12, raw",PHYTCPP,1100.0,"Lamb, ground, raw",sr_legacy_food,regional_equivalent,0.65,"name match with preparation state 'raw' confirmed present in 'Lamb, ground, raw', and matching edible-portion basis — not human-verified, so capped below 'exact'",reject,,"Bambara groundnut (a legume) vs LAMB (an animal product) -- wrong category, coincidental ""ground(nut)""/""ground (lamb)"" word overlap, established pattern.",,Paul S,16/08/2026,
03010035:PHYTCPPD,"Bambara groundnut, seed, boiled for 120 min, dried",PHYTCPPD,5.777200000000001,"Seeds, breadnut tree seeds, dried",sr_legacy_food,category_proxy,0.65,weak name match (confidence 0.65) taken as a coarse stand-in only,reject,,"Bambara groundnut vs breadnut tree seeds -- different species, and boiled-then-dried prep not matched by the candidate's presumed raw-dried state.",,Paul S,16/08/2026,
03010036:PHYTCPPD,"Bambara groundnut, seed, boiled for 30 min, dried",PHYTCPPD,10.30334,"Seeds, breadnut tree seeds, dried",sr_legacy_food,category_proxy,0.65,weak name match (confidence 0.65) taken as a coarse stand-in only,reject,,"Bambara groundnut vs breadnut tree seeds -- different species, and boiled-then-dried prep not matched by the candidate's presumed raw-dried state.",,Paul S,16/08/2026,
03010038:PHYTCPPD,"Bambara groundnut, seed, boiled for 90 min, dried",PHYTCPPD,7.387830000000001,"Seeds, breadnut tree seeds, dried",sr_legacy_food,category_proxy,0.65,weak name match (confidence 0.65) taken as a coarse stand-in only,reject,,"Bambara groundnut vs breadnut tree seeds -- different species, and boiled-then-dried prep not matched by the candidate's presumed raw-dried state.",,Paul S,16/08/2026,
03010039:PHYTCPPD,"Bambara groundnut, seed, raw",PHYTCPPD,12.3363,"Lamb, ground, raw",foundation_food,regional_equivalent,0.65,"name match with preparation state 'raw' confirmed present in 'Lamb, ground, raw', and matching edible-portion basis — not human-verified, so capped below 'exact'",reject,,Same absurd groundnut-vs-lamb mismatch.,,Paul S,16/08/2026,
03010042:PHYTCPPI,"Bambara groundnut, water-boiled, dried",PHYTCPPI,980.6111900000001,"Lamb, ground, cooked, broiled",sr_legacy_food,category_proxy,0.65,weak name match (confidence 0.65) taken as a coarse stand-in only,reject,,"Same absurd mismatch, plus boiled-then-dried vs broiled prep mismatch too.",,Paul S,16/08/2026,
03010044:PHYT-,"Bambara groundnut, seed, raw",PHYT-,294.0,"Lamb, ground, raw",foundation_food,regional_equivalent,0.65,"name match with preparation state 'raw' confirmed present in 'Lamb, ground, raw', and matching edible-portion basis — not human-verified, so capped below 'exact'",reject,,Same absurd groundnut-vs-lamb mismatch.,,Paul S,16/08/2026,
03010052:PHYTCPPI,"Bean, green, split, raw",PHYTCPPI,970.92,"Beans, snap, green, raw",foundation_food,regional_equivalent,0.65,"name match with preparation state 'raw' confirmed present in 'Beans, snap, green, raw', and matching edible-portion basis — not human-verified, so capped below 'exact'",reject,,"""Split"" implies a dal/split-pulse product, not whole snap beans -- different product form.",,Paul S,16/08/2026,
03010066:PHYTCPP,"Bean, 'Vigna ambacensis', TVnu 306, Cream, seed, raw",PHYTCPP,430.0,"Beans, cranberry (roman), mature seeds, raw",sr_legacy_food,regional_equivalent,0.65,"name match with preparation state 'raw' confirmed present in 'Beans, cranberry (roman), mature seeds, raw', and matching edible-portion basis — not human-verified, so capped below 'exact'",reject,,Vigna ambacensis (a wild African legume) vs cranberry/roman beans (Phaseolus vulgaris) -- different species.,,Paul S,16/08/2026,
03010068:PHYTCPP,"Bean, 'Vigna luteola', TVnu 24, Brown, seed, raw",PHYTCPP,953.9999999999999,"Broadbeans (fava beans), mature seeds, raw",sr_legacy_food,regional_equivalent,0.65,"name match with preparation state 'raw' confirmed present in 'Broadbeans (fava beans), mature seeds, raw', and matching edible-portion basis — not human-verified, so capped below 'exact'",reject,,"Vigna luteola vs Vicia faba -- different species, established pattern.",,Paul S,16/08/2026,
03010084:PHYTCPP,"Bean, 'Vigna vexillata macrosperma', TVnu 72, Green-brown, seed, raw",PHYTCPP,1365.0,"Beans, snap, green, raw",foundation_food,regional_equivalent,0.65,"name match with preparation state 'raw' confirmed present in 'Beans, snap, green, raw', and matching edible-portion basis — not human-verified, so capped below 'exact'",reject,,A wild Vigna species vs snap bean (Phaseolus vulgaris) -- different species.,,Paul S,16/08/2026,
03010090:PHYTCPPI,"Bean, White, California small white, raw",PHYTCPPI,879.798,"Grapefruit, raw, white, California",sr_legacy_food,regional_equivalent,0.65,"name match with preparation state 'raw' confirmed present in 'Grapefruit, raw, white, California', and matching edible-portion basis — not human-verified, so capped below 'exact'",reject,,"A bean vs GRAPEFRUIT -- wrong category entirely, coincidental ""White, California"" word overlap.",,Paul S,16/08/2026,
03010142:PHYT-,"Chickpea, Desi, seed, raw",PHYT-,237.6,"Chia seeds, dry, raw",foundation_food,regional_equivalent,0.65,"name match with preparation state 'raw' confirmed present in 'Chia seeds, dry, raw', and matching edible-portion basis — not human-verified, so capped below 'exact'",reject,,Chickpea vs CHIA SEEDS -- established coincidence-trap mismatch.,,Paul S,16/08/2026,
03010144:PHYTCPPI,"Chickpea, Kabuli, Giza 1, boiled",PHYTCPPI,268.28,"Chicken, feet, boiled",sr_legacy_food,category_proxy,0.65,weak name match (confidence 0.65) taken as a coarse stand-in only,reject,,"Chickpea vs CHICKEN FEET -- wrong category entirely, coincidental ""Chick-"" word-fragment overlap.",,Paul S,16/08/2026,
03010146:PHYTCPPI,"Chickpea, Kabuli, Giza 1, whole, dried",PHYTCPPI,885.9,"Egg, whole, dried",sr_legacy_food,regional_equivalent,0.65,"name match with preparation state 'dried' confirmed present in 'Egg, whole, dried', and matching edible-portion basis — not human-verified, so capped below 'exact'",reject,,"Chickpea vs EGG -- wrong category entirely, coincidental ""whole""/""dried"" word overlap.",,Paul S,16/08/2026,
03010147:PHYTCPPI,"Chickpea, Kabuli, Giza 2-L, boiled",PHYTCPPI,213.285,"Chicken, feet, boiled",sr_legacy_food,category_proxy,0.65,weak name match (confidence 0.65) taken as a coarse stand-in only,reject,,"Chickpea vs CHICKEN FEET -- wrong category entirely, coincidental ""Chick-"" word-fragment overlap.",,Paul S,16/08/2026,
03010149:PHYTCPPI,"Chickpea, Kabuli, Giza 2-L, whole, dried",PHYTCPPI,759.0239999999999,"Egg, whole, dried",sr_legacy_food,regional_equivalent,0.65,"name match with preparation state 'dried' confirmed present in 'Egg, whole, dried', and matching edible-portion basis — not human-verified, so capped below 'exact'",reject,,"Chickpea vs EGG -- wrong category entirely, coincidental ""whole""/""dried"" word overlap.",,Paul S,16/08/2026,
03010150:PHYTCPPI,"Chickpea, Kabuli, Giza 2-U, boiled",PHYTCPPI,134.02599999999998,"Chicken, feet, boiled",sr_legacy_food,category_proxy,0.65,weak name match (confidence 0.65) taken as a coarse stand-in only,reject,,"Chickpea vs CHICKEN FEET -- wrong category entirely, coincidental ""Chick-"" word-fragment overlap.",,Paul S,16/08/2026,
03010152:PHYTCPPI,"Chickpea, Kabuli, Giza 2-U, whole, dried",PHYTCPPI,524.9,"Egg, whole, dried",sr_legacy_food,regional_equivalent,0.65,"name match with preparation state 'dried' confirmed present in 'Egg, whole, dried', and matching edible-portion basis — not human-verified, so capped below 'exact'",reject,,"Chickpea vs EGG -- wrong category entirely, coincidental ""whole""/""dried"" word overlap.",,Paul S,16/08/2026,
03010167:PHYTCPPI,"Chickpea, seed, raw",PHYTCPPI,108.4765,"Chia seeds, dry, raw",foundation_food,regional_equivalent,0.65,"name match with preparation state 'raw' confirmed present in 'Chia seeds, dry, raw', and matching edible-portion basis — not human-verified, so capped below 'exact'",reject,,Chickpea vs CHIA SEEDS -- established coincidence-trap mismatch.,,Paul S,16/08/2026,
03010176:IP3,"Chickpea, var. Sinaloa, seed, raw",IP3,17.0,"Chia seeds, dry, raw",foundation_food,regional_equivalent,0.65,"name match with preparation state 'raw' confirmed present in 'Chia seeds, dry, raw', and matching edible-portion basis — not human-verified, so capped below 'exact'",reject,,Chickpea vs CHIA SEEDS -- established coincidence-trap mismatch.,,Paul S,16/08/2026,
03010176:IP4,"Chickpea, var. Sinaloa, seed, raw",IP4,45.0,"Chia seeds, dry, raw",foundation_food,regional_equivalent,0.65,"name match with preparation state 'raw' confirmed present in 'Chia seeds, dry, raw', and matching edible-portion basis — not human-verified, so capped below 'exact'",reject,,Chickpea vs CHIA SEEDS -- established coincidence-trap mismatch.,,Paul S,16/08/2026,
03010176:IP6,"Chickpea, var. Sinaloa, seed, raw",IP6,560.0,"Chia seeds, dry, raw",foundation_food,regional_equivalent,0.65,"name match with preparation state 'raw' confirmed present in 'Chia seeds, dry, raw', and matching edible-portion basis — not human-verified, so capped below 'exact'",reject,,Chickpea vs CHIA SEEDS -- established coincidence-trap mismatch.,,Paul S,16/08/2026,
03010187:PHYTCPPD,"Common bean flour, BRS pontal (carioca)",PHYTCPPD,733.5006,Carob flour,sr_legacy_food,category_proxy,0.65,weak name match (confidence 0.65) taken as a coarse stand-in only,reject,,"Common bean flour vs CAROB flour -- wrong species entirely, likely a spurious low-confidence match.",,Paul S,16/08/2026,
03010237:IP4,"Common bean, Pink-mottled cream, seed, raw",IP4,23.0,"Beans, pink, mature seeds, raw",sr_legacy_food,regional_equivalent,0.65,"name match with preparation state 'raw' confirmed present in 'Beans, pink, mature seeds, raw', and matching edible-portion basis — not human-verified, so capped below 'exact'",approve,"Beans, pink, mature seeds, raw",,category_estimate,Paul S,16/08/2026,"Same species (Phaseolus vulgaris) as the named candidate -- cultivar specificity not preserved, standard category-estimate caveat."
03010237:IP5,"Common bean, Pink-mottled cream, seed, raw",IP5,80.0,"Beans, pink, mature seeds, raw",sr_legacy_food,regional_equivalent,0.65,"name match with preparation state 'raw' confirmed present in 'Beans, pink, mature seeds, raw', and matching edible-portion basis — not human-verified, so capped below 'exact'",approve,"Beans, pink, mature seeds, raw",,category_estimate,Paul S,16/08/2026,"Same species (Phaseolus vulgaris) as the named candidate -- cultivar specificity not preserved, standard category-estimate caveat."
03010237:IP6,"Common bean, Pink-mottled cream, seed, raw",IP6,1212.0,"Beans, pink, mature seeds, raw",sr_legacy_food,regional_equivalent,0.65,"name match with preparation state 'raw' confirmed present in 'Beans, pink, mature seeds, raw', and matching edible-portion basis — not human-verified, so capped below 'exact'",approve,"Beans, pink, mature seeds, raw",,category_estimate,Paul S,16/08/2026,"Same species (Phaseolus vulgaris) as the named candidate -- cultivar specificity not preserved, standard category-estimate caveat."
03010275:PHYTCPPI,"Cowpea flour, White",PHYTCPPI,1164.24,"Corn flour, whole-grain, white",sr_legacy_food,category_proxy,0.65,weak name match (confidence 0.65) taken as a coarse stand-in only,reject,,"Cowpea vs CORN -- wrong species entirely, coincidental ""White"" color word.",,Paul S,16/08/2026,
03010283:PHYTCPP,"Cowpea, 12 AK, raw",PHYTCPP,673.792,"Cowpeas, leafy tips, raw",sr_legacy_food,regional_equivalent,0.65,"name match with preparation state 'raw' confirmed present in 'Cowpeas, leafy tips, raw', and matching edible-portion basis — not human-verified, so capped below 'exact'",reject,,"Mature cowpea seeds (cultivar-comparison research) matched to LEAFY TIPS -- wrong plant part, established pattern.",,Paul S,16/08/2026,
03010297:PHYTCPP,"Cowpea, Adjohoun, smooth, brown, raw",PHYTCPP,682.5,"Cowpeas, young pods with seeds, raw",sr_legacy_food,regional_equivalent,0.65,"name match with preparation state 'raw' confirmed present in 'Cowpeas, young pods with seeds, raw', and matching edible-portion basis — not human-verified, so capped below 'exact'",reject,,A mature-seed cultivar vs YOUNG PODS -- wrong maturity/plant-part state.,,Paul S,16/08/2026,
03010298:PHYTCPP,"Cowpea, Aiglo, wrinkled, unpigmented, raw",PHYTCPP,778.75,"Cowpeas, leafy tips, raw",sr_legacy_food,regional_equivalent,0.65,"name match with preparation state 'raw' confirmed present in 'Cowpeas, leafy tips, raw', and matching edible-portion basis — not human-verified, so capped below 'exact'",reject,,"Mature cowpea seeds (cultivar-comparison research) matched to LEAFY TIPS -- wrong plant part, established pattern.",,Paul S,16/08/2026,
03010304:PHYTCPPI,"Cowpea, brown cowpea, CS-46, raw",PHYTCPPI,710.42328,"Cowpeas, leafy tips, raw",sr_legacy_food,regional_equivalent,0.65,"name match with preparation state 'raw' confirmed present in 'Cowpeas, leafy tips, raw', and matching edible-portion basis — not human-verified, so capped below 'exact'",reject,,"Mature cowpea seeds (cultivar-comparison research) matched to LEAFY TIPS -- wrong plant part, established pattern.",,Paul S,16/08/2026,
03010305:PHYTCPPI,"Cowpea, brown cowpea, CS-88, raw",PHYTCPPI,826.250425,"Cowpeas, leafy tips, raw",sr_legacy_food,regional_equivalent,0.65,"name match with preparation state 'raw' confirmed present in 'Cowpeas, leafy tips, raw', and matching edible-portion basis — not human-verified, so capped below 'exact'",reject,,"Mature cowpea seeds (cultivar-comparison research) matched to LEAFY TIPS -- wrong plant part, established pattern.",,Paul S,16/08/2026,
03010314:PPI,"Cowpea, CL367, raw",PPI,8.5899,"Cowpeas, leafy tips, raw",sr_legacy_food,regional_equivalent,0.65,"name match with preparation state 'raw' confirmed present in 'Cowpeas, leafy tips, raw', and matching edible-portion basis — not human-verified, so capped below 'exact'",reject,,"Mature cowpea seeds (cultivar-comparison research) matched to LEAFY TIPS -- wrong plant part, established pattern.",,Paul S,16/08/2026,
03010317:PHYTCPP,"Cowpea, H 113-4, raw",PHYTCPP,456.144,"Cowpeas, leafy tips, raw",sr_legacy_food,regional_equivalent,0.65,"name match with preparation state 'raw' confirmed present in 'Cowpeas, leafy tips, raw', and matching edible-portion basis — not human-verified, so capped below 'exact'",reject,,"Mature cowpea seeds (cultivar-comparison research) matched to LEAFY TIPS -- wrong plant part, established pattern.",,Paul S,16/08/2026,
03010318:PHYTCPP,"Cowpea, IFE BIMPE, raw",PHYTCPP,769.6798,"Cowpeas, leafy tips, raw",sr_legacy_food,regional_equivalent,0.65,"name match with preparation state 'raw' confirmed present in 'Cowpeas, leafy tips, raw', and matching edible-portion basis — not human-verified, so capped below 'exact'",reject,,"Mature cowpea seeds (cultivar-comparison research) matched to LEAFY TIPS -- wrong plant part, established pattern.",,Paul S,16/08/2026,
03010319:PHYTCPP,"Cowpea, IFE BROWN, raw",PHYTCPP,644.8698,"Cowpeas, leafy tips, raw",sr_legacy_food,regional_equivalent,0.65,"name match with preparation state 'raw' confirmed present in 'Cowpeas, leafy tips, raw', and matching edible-portion basis — not human-verified, so capped below 'exact'",reject,,"Mature cowpea seeds (cultivar-comparison research) matched to LEAFY TIPS -- wrong plant part, established pattern.",,Paul S,16/08/2026,
03010320:PHYTCPP,"Cowpea, IFH 101, raw",PHYTCPP,658.7388,"Cowpeas, leafy tips, raw",sr_legacy_food,regional_equivalent,0.65,"name match with preparation state 'raw' confirmed present in 'Cowpeas, leafy tips, raw', and matching edible-portion basis — not human-verified, so capped below 'exact'",reject,,"Mature cowpea seeds (cultivar-comparison research) matched to LEAFY TIPS -- wrong plant part, established pattern.",,Paul S,16/08/2026,
03010329:PHYTCPPI,"Cowpea, IT84S-2246-4, raw",PHYTCPPI,186.48399999999998,"Cowpeas, leafy tips, raw",sr_legacy_food,regional_equivalent,0.65,"name match with preparation state 'raw' confirmed present in 'Cowpeas, leafy tips, raw', and matching edible-portion basis — not human-verified, so capped below 'exact'",reject,,"Mature cowpea seeds (cultivar-comparison research) matched to LEAFY TIPS -- wrong plant part, established pattern.",,Paul S,16/08/2026,
03010330:PHYTCPP,"Cowpea, IT85F/3106, raw",PHYTCPP,668.5574,"Cowpeas, leafy tips, raw",sr_legacy_food,regional_equivalent,0.65,"name match with preparation state 'raw' confirmed present in 'Cowpeas, leafy tips, raw', and matching edible-portion basis — not human-verified, so capped below 'exact'",reject,,"Mature cowpea seeds (cultivar-comparison research) matched to LEAFY TIPS -- wrong plant part, established pattern.",,Paul S,16/08/2026,
03010338:PHYTCPP,"Cowpea, L25, raw",PHYTCPP,915.6732,"Cowpeas, leafy tips, raw",sr_legacy_food,regional_equivalent,0.65,"name match with preparation state 'raw' confirmed present in 'Cowpeas, leafy tips, raw', and matching edible-portion basis — not human-verified, so capped below 'exact'",reject,,"Mature cowpea seeds (cultivar-comparison research) matched to LEAFY TIPS -- wrong plant part, established pattern.",,Paul S,16/08/2026,
03010346:PHYTCPPI,"Cowpea, PL-1, raw",PHYTCPPI,287.489847,"Cowpeas, leafy tips, raw",sr_legacy_food,regional_equivalent,0.65,"name match with preparation state 'raw' confirmed present in 'Cowpeas, leafy tips, raw', and matching edible-portion basis — not human-verified, so capped below 'exact'",reject,,"Mature cowpea seeds (cultivar-comparison research) matched to LEAFY TIPS -- wrong plant part, established pattern.",,Paul S,16/08/2026,
03010355:IP6,"Cowpea, seed, white, whole, raw",IP6,227.908,"Corn, sweet, white, raw",sr_legacy_food,regional_equivalent,0.65,"name match with preparation state 'raw' confirmed present in 'Corn, sweet, white, raw', and matching edible-portion basis — not human-verified, so capped below 'exact'",reject,,"Cowpea vs CORN -- wrong species, coincidental ""white, whole/sweet"" word overlap.",,Paul S,16/08/2026,
03010357:PHYTCPP,"Cowpea, Sokan, smooth, maroon, raw",PHYTCPP,586.25,"Cowpeas, catjang, mature seeds, raw",sr_legacy_food,regional_equivalent,0.65,"name match with preparation state 'raw' confirmed present in 'Cowpeas, catjang, mature seeds, raw', and matching edible-portion basis — not human-verified, so capped below 'exact'",approve,"Cowpeas, catjang, mature seeds, raw",,category_estimate,Paul S,16/08/2026,"""Catjang"" is itself a cowpea subspecies (Vigna unguiculata subsp. cylindrica) -- same species broadly, reasonable category estimate."
03010364:PHYTCPP,"Cowpea, Vohounvo, smooth, brown, raw",PHYTCPP,962.5,"Cowpeas, young pods with seeds, raw",sr_legacy_food,regional_equivalent,0.65,"name match with preparation state 'raw' confirmed present in 'Cowpeas, young pods with seeds, raw', and matching edible-portion basis — not human-verified, so capped below 'exact'",reject,,Same young-pods-vs-mature-seed mismatch as the Adjohoun row.,,Paul S,16/08/2026,
03010373:PHYTCPPI,"Faba bean, Big Qinpi, raw",PHYTCPPI,710.8375,"Beans, fava, in pod, raw",sr_legacy_food,regional_equivalent,0.65,"name match with preparation state 'raw' confirmed present in 'Beans, fava, in pod, raw', and matching edible-portion basis — not human-verified, so capped below 'exact'",approve,"Beans, fava, in pod, raw",,category_estimate,Paul S,16/08/2026,"""Fava"" is faba bean -- same species, reasonable match."
03010396:PHYTCPP,"Faba bean, Polo, whole seed, raw",PHYTCPP,1024.65,"Beans, white, mature seeds, raw",sr_legacy_food,regional_equivalent,0.65,"name match with preparation state 'raw' confirmed present in 'Beans, white, mature seeds, raw', and matching edible-portion basis — not human-verified, so capped below 'exact'",reject,,Established faba-bean-vs-generic-white-bean species uncertainty caution.,,Paul S,16/08/2026,
03010416:PHYTC-,"Faba bean, raw",PHYTC-,443.7,"Yardlong bean, raw",sr_legacy_food,regional_equivalent,0.65,"name match with preparation state 'raw' confirmed present in 'Yardlong bean, raw', and matching edible-portion basis — not human-verified, so capped below 'exact'",reject,,Faba bean (Vicia faba) vs yardlong bean -- different species.,,Paul S,16/08/2026,
03010417:PHYTCPPI,"Faba bean, raw",PHYTCPPI,488.64200000000005,"Yardlong bean, raw",sr_legacy_food,regional_equivalent,0.65,"name match with preparation state 'raw' confirmed present in 'Yardlong bean, raw', and matching edible-portion basis — not human-verified, so capped below 'exact'",reject,,Faba bean (Vicia faba) vs yardlong bean -- different species.,,Paul S,16/08/2026,
03010436:PHYTCPP,"Feathertree bean, raw",PHYTCPP,920.5140000000001,"Yardlong bean, raw",sr_legacy_food,regional_equivalent,0.65,"name match with preparation state 'raw' confirmed present in 'Yardlong bean, raw', and matching edible-portion basis — not human-verified, so capped below 'exact'",reject,,Feathertree bean vs yardlong bean -- different species.,,Paul S,16/08/2026,
03010451:PHYTCPPD,"Grass pea, dried",PHYTCPPD,1547.0,"Pepeao, dried",sr_legacy_food,regional_equivalent,0.65,"name match with preparation state 'dried' confirmed present in 'Pepeao, dried', and matching edible-portion basis — not human-verified, so capped below 'exact'",reject,,Pea vs a wood-ear mushroom -- established coincidence-trap pattern from earlier in this review.,,Paul S,16/08/2026,
03010470:PHYT-,"Lablab bean, raw",PHYT-,999.768,"Yardlong bean, raw",sr_legacy_food,regional_equivalent,0.65,"name match with preparation state 'raw' confirmed present in 'Yardlong bean, raw', and matching edible-portion basis — not human-verified, so capped below 'exact'",reject,,Lablab bean (Lablab purpureus) vs yardlong bean -- different species.,,Paul S,16/08/2026,
03010483:PHYTCPP,"Lentil, dal",PHYTCPP,218.0,"Lentils, dry",foundation_food,category_proxy,0.65,weak name match (confidence 0.65) taken as a coarse stand-in only,approve,"Lentils, dry",,category_estimate,Paul S,16/08/2026,"""Dal"" (split/dried lentils) reasonably matches dry lentils."
03010488:PHYTCPPD,"Lentil, raw",PHYTCPPD,235.8648,"Lentils, raw",sr_legacy_food,regional_equivalent,0.65,"name match with preparation state 'raw' confirmed present in 'Lentils, raw', and matching edible-portion basis — not human-verified, so capped below 'exact'",approve,"Lentils, raw",,category_estimate,Paul S,16/08/2026,"Clean match, color/type variety a minor caveat."
03010489:PHYTCPPD,"Lentil, raw",PHYTCPPD,1550.4,"Lentils, raw",sr_legacy_food,regional_equivalent,0.65,"name match with preparation state 'raw' confirmed present in 'Lentils, raw', and matching edible-portion basis — not human-verified, so capped below 'exact'",approve,"Lentils, raw",,category_estimate,Paul S,16/08/2026,"Clean match, color/type variety a minor caveat."
03010490:PHYTCPP,"Lentil, raw",PHYTCPP,133.0,"Lentils, raw",sr_legacy_food,regional_equivalent,0.65,"name match with preparation state 'raw' confirmed present in 'Lentils, raw', and matching edible-portion basis — not human-verified, so capped below 'exact'",approve,"Lentils, raw",,category_estimate,Paul S,16/08/2026,"Clean match, color/type variety a minor caveat."
03010491:PHYTCPPD,"Lentil, raw",PHYTCPPD,47.32,"Lentils, raw",sr_legacy_food,regional_equivalent,0.65,"name match with preparation state 'raw' confirmed present in 'Lentils, raw', and matching edible-portion basis — not human-verified, so capped below 'exact'",approve,"Lentils, raw",,category_estimate,Paul S,16/08/2026,"Clean match, color/type variety a minor caveat."
03010492:PHYTCPPI,"Lentil, raw",PHYTCPPI,899.91,"Lentils, raw",sr_legacy_food,regional_equivalent,0.65,"name match with preparation state 'raw' confirmed present in 'Lentils, raw', and matching edible-portion basis — not human-verified, so capped below 'exact'",approve,"Lentils, raw",,category_estimate,Paul S,16/08/2026,"Clean match, color/type variety a minor caveat."
03010493:PHYTCPPD,"Lentil, raw",PHYTCPPD,1036.84,"Lentils, raw",sr_legacy_food,regional_equivalent,0.65,"name match with preparation state 'raw' confirmed present in 'Lentils, raw', and matching edible-portion basis — not human-verified, so capped below 'exact'",approve,"Lentils, raw",,category_estimate,Paul S,16/08/2026,"Clean match, color/type variety a minor caveat."
03010494:PHYTCPP,"Lentil, raw",PHYTCPP,3760.239,"Lentils, raw",sr_legacy_food,regional_equivalent,0.65,"name match with preparation state 'raw' confirmed present in 'Lentils, raw', and matching edible-portion basis — not human-verified, so capped below 'exact'",approve,"Lentils, raw",,category_estimate,Paul S,16/08/2026,"Clean match, color/type variety a minor caveat."
03010499:PHYTCPP,"Lentil, whole, brown, raw",PHYTCPP,564.0,"Lentils, raw",sr_legacy_food,regional_equivalent,0.65,"name match with preparation state 'raw' confirmed present in 'Lentils, raw', and matching edible-portion basis — not human-verified, so capped below 'exact'",approve,"Lentils, raw",,category_estimate,Paul S,16/08/2026,"Clean match, color/type variety a minor caveat."
03010500:PHYTCPP,"Lentil, whole, yellowish, raw",PHYTCPP,585.0,"Lentils, raw",sr_legacy_food,regional_equivalent,0.65,"name match with preparation state 'raw' confirmed present in 'Lentils, raw', and matching edible-portion basis — not human-verified, so capped below 'exact'",approve,"Lentils, raw",,category_estimate,Paul S,16/08/2026,"Clean match, color/type variety a minor caveat."
03010520:PHYTCPPI,"Longleaf Milkpea, dried",PHYTCPPI,169.524,"Longans, dried",sr_legacy_food,regional_equivalent,0.65,"name match with preparation state 'dried' confirmed present in 'Longans, dried', and matching edible-portion basis — not human-verified, so capped below 'exact'",reject,,"Milkpea (a legume) vs LONGAN (a tropical fruit) -- wrong category, coincidental ""Long-"" prefix.",,Paul S,16/08/2026,
03010531:PHYTCPPI,"Lupin, Bitter, seed, raw",PHYTCPPI,770.8320000000001,"Lupins, mature seeds, raw",sr_legacy_food,regional_equivalent,0.65,"name match with preparation state 'raw' confirmed present in 'Lupins, mature seeds, raw', and matching edible-portion basis — not human-verified, so capped below 'exact'",approve,"Lupins, mature seeds, raw",,category_estimate,Paul S,16/08/2026,"Clean species match, ""bitter"" variety detail not captured."
03010531:PPI,"Lupin, Bitter, seed, raw",PPI,217.3419,"Lupins, mature seeds, raw",sr_legacy_food,regional_equivalent,0.65,"name match with preparation state 'raw' confirmed present in 'Lupins, mature seeds, raw', and matching edible-portion basis — not human-verified, so capped below 'exact'",approve,"Lupins, mature seeds, raw",,category_estimate,Paul S,16/08/2026,"Clean species match, ""bitter"" variety detail not captured."
03010539:PHYTCPPI,"Milletia, seed, dehulled",PHYTCPPI,3.6643859999999995,"Seeds, hemp seed, hulled",sr_legacy_food,category_proxy,0.65,weak name match (confidence 0.65) taken as a coarse stand-in only,reject,,"Milletia (a legume tree) vs HEMP SEED -- wrong species entirely, coincidental ""dehulled/hulled"" word.",,Paul S,16/08/2026,
03010545:PHYTCPP,"Moth bean, raw",PHYTCPP,609.0,"Yardlong bean, raw",sr_legacy_food,regional_equivalent,0.65,"name match with preparation state 'raw' confirmed present in 'Yardlong bean, raw', and matching edible-portion basis — not human-verified, so capped below 'exact'",reject,,Moth bean (Vigna aconitifolia) vs yardlong bean -- different species.,,Paul S,16/08/2026,
03010555:PHYTCPPD,"Mung bean, Asha, raw",PHYTCPPD,679.184,"Mung beans, mature seeds, raw",sr_legacy_food,regional_equivalent,0.65,"name match with preparation state 'raw' confirmed present in 'Mung beans, mature seeds, raw', and matching edible-portion basis — not human-verified, so capped below 'exact'",approve,"Mung beans, mature seeds, raw",,category_estimate,Paul S,16/08/2026,"Cultivar-specific source, reasonable generic mung-bean category estimate."
03010557:PHYTCPPD,"Mung bean, MH 124, raw",PHYTCPPD,720.357,"Mung beans, mature seeds, raw",sr_legacy_food,regional_equivalent,0.65,"name match with preparation state 'raw' confirmed present in 'Mung beans, mature seeds, raw', and matching edible-portion basis — not human-verified, so capped below 'exact'",approve,"Mung beans, mature seeds, raw",,category_estimate,Paul S,16/08/2026,"Cultivar-specific source, reasonable generic mung-bean category estimate."
03010559:PHYTCPPD,"Mung bean, MH 318, raw",PHYTCPPD,728.7209999999999,"Mung beans, mature seeds, raw",sr_legacy_food,regional_equivalent,0.65,"name match with preparation state 'raw' confirmed present in 'Mung beans, mature seeds, raw', and matching edible-portion basis — not human-verified, so capped below 'exact'",approve,"Mung beans, mature seeds, raw",,category_estimate,Paul S,16/08/2026,"Cultivar-specific source, reasonable generic mung-bean category estimate."
03010560:PHYTCPPD,"Mung bean, MH 421, raw",PHYTCPPD,697.68,"Mung beans, mature seeds, raw",sr_legacy_food,regional_equivalent,0.65,"name match with preparation state 'raw' confirmed present in 'Mung beans, mature seeds, raw', and matching edible-portion basis — not human-verified, so capped below 'exact'",approve,"Mung beans, mature seeds, raw",,category_estimate,Paul S,16/08/2026,"Cultivar-specific source, reasonable generic mung-bean category estimate."
03010561:PHYTCPPD,"Mung bean, MH 539, raw",PHYTCPPD,716.0459999999999,"Mung beans, mature seeds, raw",sr_legacy_food,regional_equivalent,0.65,"name match with preparation state 'raw' confirmed present in 'Mung beans, mature seeds, raw', and matching edible-portion basis — not human-verified, so capped below 'exact'",approve,"Mung beans, mature seeds, raw",,category_estimate,Paul S,16/08/2026,"Cultivar-specific source, reasonable generic mung-bean category estimate."
03010562:PHYTCPPD,"Mung bean, MH 560, raw",PHYTCPPD,741.52,"Mung beans, mature seeds, raw",sr_legacy_food,regional_equivalent,0.65,"name match with preparation state 'raw' confirmed present in 'Mung beans, mature seeds, raw', and matching edible-portion basis — not human-verified, so capped below 'exact'",approve,"Mung beans, mature seeds, raw",,category_estimate,Paul S,16/08/2026,"Cultivar-specific source, reasonable generic mung-bean category estimate."
03010563:PHYTCPPD,"Mung bean, MH 564, raw",PHYTCPPD,687.8,"Mung beans, mature seeds, raw",sr_legacy_food,regional_equivalent,0.65,"name match with preparation state 'raw' confirmed present in 'Mung beans, mature seeds, raw', and matching edible-portion basis — not human-verified, so capped below 'exact'",approve,"Mung beans, mature seeds, raw",,category_estimate,Paul S,16/08/2026,"Cultivar-specific source, reasonable generic mung-bean category estimate."
03010572:PHYTCPPD,"Mung bean, Muskan, raw",PHYTCPPD,662.802,"Mung beans, mature seeds, raw",sr_legacy_food,regional_equivalent,0.65,"name match with preparation state 'raw' confirmed present in 'Mung beans, mature seeds, raw', and matching edible-portion basis — not human-verified, so capped below 'exact'",approve,"Mung beans, mature seeds, raw",,category_estimate,Paul S,16/08/2026,"Cultivar-specific source, reasonable generic mung-bean category estimate."
03010579:PPI,"Mung bean, PAU911, raw",PPI,128.59519999999998,"Mung beans, mature seeds, raw",sr_legacy_food,regional_equivalent,0.65,"name match with preparation state 'raw' confirmed present in 'Mung beans, mature seeds, raw', and matching edible-portion basis — not human-verified, so capped below 'exact'",approve,"Mung beans, mature seeds, raw",,category_estimate,Paul S,16/08/2026,"Cultivar-specific source, reasonable generic mung-bean category estimate."
03010590:PHYTCPPI,"Mung bean, var. Giza-1, seed, whole, raw",PHYTCPPI,523.45,"Mung beans, mature seeds, raw",sr_legacy_food,regional_equivalent,0.65,"name match with preparation state 'raw' confirmed present in 'Mung beans, mature seeds, raw', and matching edible-portion basis — not human-verified, so capped below 'exact'",approve,"Mung beans, mature seeds, raw",,category_estimate,Paul S,16/08/2026,"Cultivar-specific source, reasonable generic mung-bean category estimate."
03010591:PHYTCPPD,"Pea fiber, raw",PHYTCPPD,21.0,"Pears, raw",sr_legacy_food,regional_equivalent,0.65,"name match with preparation state 'raw' confirmed present in 'Pears, raw', and matching edible-portion basis — not human-verified, so capped below 'exact'",reject,,"Pea FIBER (an extracted ingredient) vs PEARS (a fruit) -- wrong category entirely, coincidental ""Pea""/""Pear"" spelling similarity.",,Paul S,16/08/2026,
03010598:PHYTC-,"Pea, Ametyst, dried",PHYTC-,681.112,"Pepeao, dried",sr_legacy_food,regional_equivalent,0.65,"name match with preparation state 'dried' confirmed present in 'Pepeao, dried', and matching edible-portion basis — not human-verified, so capped below 'exact'",reject,,Pea vs a wood-ear mushroom -- established coincidence-trap pattern from earlier in this review.,,Paul S,16/08/2026,
03010599:PHYTC-,"Pea, Diament, dried",PHYTC-,871.002,"Pepeao, dried",sr_legacy_food,regional_equivalent,0.65,"name match with preparation state 'dried' confirmed present in 'Pepeao, dried', and matching edible-portion basis — not human-verified, so capped below 'exact'",reject,,Pea vs a wood-ear mushroom -- established coincidence-trap pattern from earlier in this review.,,Paul S,16/08/2026,
03010600:PHYTCPPD,"Pea, dried",PHYTCPPD,785.8224,"Pepeao, dried",sr_legacy_food,regional_equivalent,0.65,"name match with preparation state 'dried' confirmed present in 'Pepeao, dried', and matching edible-portion basis — not human-verified, so capped below 'exact'",reject,,Pea vs a wood-ear mushroom -- established coincidence-trap pattern from earlier in this review.,,Paul S,16/08/2026,
03010601:PHYTCPP,"Pea, dried",PHYTCPP,377.0,"Pepeao, dried",sr_legacy_food,regional_equivalent,0.65,"name match with preparation state 'dried' confirmed present in 'Pepeao, dried', and matching edible-portion basis — not human-verified, so capped below 'exact'",reject,,Pea vs a wood-ear mushroom -- established coincidence-trap pattern from earlier in this review.,,Paul S,16/08/2026,
03010602:IP3,"Pea, dried",IP3,8.738,"Pepeao, dried",sr_legacy_food,regional_equivalent,0.65,"name match with preparation state 'dried' confirmed present in 'Pepeao, dried', and matching edible-portion basis — not human-verified, so capped below 'exact'",reject,,Pea vs a wood-ear mushroom -- established coincidence-trap pattern from earlier in this review.,,Paul S,16/08/2026,
03010602:IP5,"Pea, dried",IP5,96.118,"Pepeao, dried",sr_legacy_food,regional_equivalent,0.65,"name match with preparation state 'dried' confirmed present in 'Pepeao, dried', and matching edible-portion basis — not human-verified, so capped below 'exact'",reject,,Pea vs a wood-ear mushroom -- established coincidence-trap pattern from earlier in this review.,,Paul S,16/08/2026,
03010602:IP6,"Pea, dried",IP6,305.83,"Pepeao, dried",sr_legacy_food,regional_equivalent,0.65,"name match with preparation state 'dried' confirmed present in 'Pepeao, dried', and matching edible-portion basis — not human-verified, so capped below 'exact'",reject,,Pea vs a wood-ear mushroom -- established coincidence-trap pattern from earlier in this review.,,Paul S,16/08/2026,
03010602:IPSUM,"Pea, dried",IPSUM,445.638,"Pepeao, dried",sr_legacy_food,regional_equivalent,0.65,"name match with preparation state 'dried' confirmed present in 'Pepeao, dried', and matching edible-portion basis — not human-verified, so capped below 'exact'",reject,,Pea vs a wood-ear mushroom -- established coincidence-trap pattern from earlier in this review.,,Paul S,16/08/2026,
03010607:PHYTC-,"Pea, Ergo, dried",PHYTC-,663.3480000000001,"Pepeao, dried",sr_legacy_food,regional_equivalent,0.65,"name match with preparation state 'dried' confirmed present in 'Pepeao, dried', and matching edible-portion basis — not human-verified, so capped below 'exact'",reject,,Pea vs a wood-ear mushroom -- established coincidence-trap pattern from earlier in this review.,,Paul S,16/08/2026,
03010610:PHYTC-,"Pea, Hermes, dried",PHYTC-,639.9848,"Pepeao, dried",sr_legacy_food,regional_equivalent,0.65,"name match with preparation state 'dried' confirmed present in 'Pepeao, dried', and matching edible-portion basis — not human-verified, so capped below 'exact'",reject,,Pea vs a wood-ear mushroom -- established coincidence-trap pattern from earlier in this review.,,Paul S,16/08/2026,
03010613:PHYTC-,"Pea, Koral, dried",PHYTC-,781.898,"Pepeao, dried",sr_legacy_food,regional_equivalent,0.65,"name match with preparation state 'dried' confirmed present in 'Pepeao, dried', and matching edible-portion basis — not human-verified, so capped below 'exact'",reject,,Pea vs a wood-ear mushroom -- established coincidence-trap pattern from earlier in this review.,,Paul S,16/08/2026,
03010614:PHYTC-,"Pea, Kwestor, dried",PHYTC-,1180.356,"Pepeao, dried",sr_legacy_food,regional_equivalent,0.65,"name match with preparation state 'dried' confirmed present in 'Pepeao, dried', and matching edible-portion basis — not human-verified, so capped below 'exact'",reject,,Pea vs a wood-ear mushroom -- established coincidence-trap pattern from earlier in this review.,,Paul S,16/08/2026,
03010616:PHYTC-,"Pea, Rodan, dried",PHYTC-,576.2576,"Pepeao, dried",sr_legacy_food,regional_equivalent,0.65,"name match with preparation state 'dried' confirmed present in 'Pepeao, dried', and matching edible-portion basis — not human-verified, so capped below 'exact'",reject,,Pea vs a wood-ear mushroom -- established coincidence-trap pattern from earlier in this review.,,Paul S,16/08/2026,
03010618:PHYTC-,"Pea, Rubin, dried",PHYTC-,635.0203999999999,"Pepeao, dried",sr_legacy_food,regional_equivalent,0.65,"name match with preparation state 'dried' confirmed present in 'Pepeao, dried', and matching edible-portion basis — not human-verified, so capped below 'exact'",reject,,Pea vs a wood-ear mushroom -- established coincidence-trap pattern from earlier in this review.,,Paul S,16/08/2026,
03010621:PHYTC-,"Pea, Szafir, dried",PHYTC-,719.386,"Pepeao, dried",sr_legacy_food,regional_equivalent,0.65,"name match with preparation state 'dried' confirmed present in 'Pepeao, dried', and matching edible-portion basis — not human-verified, so capped below 'exact'",reject,,Pea vs a wood-ear mushroom -- established coincidence-trap pattern from earlier in this review.,,Paul S,16/08/2026,
03010622:PHYTC-,"Pea, Tegma, dried",PHYTC-,1063.8856,"Pepeao, dried",sr_legacy_food,regional_equivalent,0.65,"name match with preparation state 'dried' confirmed present in 'Pepeao, dried', and matching edible-portion basis — not human-verified, so capped below 'exact'",reject,,Pea vs a wood-ear mushroom -- established coincidence-trap pattern from earlier in this review.,,Paul S,16/08/2026,
03010633:PHYTCPP,"Rajmah, brown, raw",PHYTCPP,481.0,"Broccoli, raw",sr_legacy_food,regional_equivalent,0.65,"name match with preparation state 'raw' confirmed present in 'Broccoli, raw', and matching edible-portion basis — not human-verified, so capped below 'exact'",reject,,"""Rajmah"" (kidney bean) vs BROCCOLI -- wrong category entirely, no evident relation.",,Paul S,16/08/2026,
03010634:PHYTCPP,"Rajmah, red, raw",PHYTCPP,465.0,"Radishes, red, raw",foundation_food,regional_equivalent,0.65,"name match with preparation state 'raw' confirmed present in 'Radishes, red, raw', and matching edible-portion basis — not human-verified, so capped below 'exact'",reject,,"""Rajmah"" (kidney bean) vs RADISHES -- wrong category, coincidental ""red""/""Ra-"" overlap.",,Paul S,16/08/2026,
03010637:PHYTCPP,"Red gram, split, raw",PHYTCPP,674.0,"Grapes, red, seedless, raw",foundation_food,regional_equivalent,0.65,"name match with preparation state 'raw' confirmed present in 'Grapes, red, seedless, raw', and matching edible-portion basis — not human-verified, so capped below 'exact'",reject,,"""Red gram"" (pigeon pea) vs GRAPES -- established coincidental ""red"" color-word mismatch.",,Paul S,16/08/2026,
03010656:PHYTCPPD,"Rice bean, RBL-4, seed, brown, pressure cooked, drained",PHYTCPPD,1177.856,"Winged bean, immature seeds, cooked, boiled, drained, with salt",sr_legacy_food,category_proxy,0.65,weak name match (confidence 0.65) taken as a coarse stand-in only,reject,,"Rice bean vs winged bean -- different species, established compound-bean caution; also pressure-cooked vs boiled-with-salt prep mismatch.",,Paul S,16/08/2026,
03010664:PHYTCPPD,"Sesbania, raw",PHYTCPPD,1898.505,"Sesbania flower, raw",sr_legacy_food,regional_equivalent,0.65,"name match with preparation state 'raw' confirmed present in 'Sesbania flower, raw', and matching edible-portion basis — not human-verified, so capped below 'exact'",reject,,Source doesn't specify plant part; candidate assumes specifically the FLOWER -- unconfirmed part assumption.,,Paul S,16/08/2026,
03010665:PHYTCPPD,"Sesbania, raw",PHYTCPPD,1396.4720000000002,"Sesbania flower, raw",sr_legacy_food,regional_equivalent,0.65,"name match with preparation state 'raw' confirmed present in 'Sesbania flower, raw', and matching edible-portion basis — not human-verified, so capped below 'exact'",reject,,Source doesn't specify plant part; candidate assumes specifically the FLOWER -- unconfirmed part assumption.,,Paul S,16/08/2026,
03010666:PHYTCPPD,"Sesbania, raw",PHYTCPPD,1778.783,"Sesbania flower, raw",sr_legacy_food,regional_equivalent,0.65,"name match with preparation state 'raw' confirmed present in 'Sesbania flower, raw', and matching edible-portion basis — not human-verified, so capped below 'exact'",reject,,Source doesn't specify plant part; candidate assumes specifically the FLOWER -- unconfirmed part assumption.,,Paul S,16/08/2026,
03010687:PPI,"Stink bean, raw",PPI,12.90366,"Yardlong bean, raw",sr_legacy_food,regional_equivalent,0.65,"name match with preparation state 'raw' confirmed present in 'Yardlong bean, raw', and matching edible-portion basis — not human-verified, so capped below 'exact'",reject,,"Stink bean (Parkia speciosa) vs yardlong bean -- different species, established pattern.",,Paul S,16/08/2026,
03010700:PHYTCPPD,"Velvet bean, Black, whole seed, raw",PHYTCPPD,773.5672,"Beans, black, mature seeds, raw",sr_legacy_food,regional_equivalent,0.65,"name match with preparation state 'raw' confirmed present in 'Beans, black, mature seeds, raw', and matching edible-portion basis — not human-verified, so capped below 'exact'",reject,,"Velvet bean (Mucuna pruriens) vs generic ""black beans"" (typically Phaseolus vulgaris) -- different species, coincidental ""Black"" color-word overlap.",,Paul S,16/08/2026,
03020015:PHYTCPP,"Soybean curd, diced, fried",PHYTCPP,819.0,"Soybean, curd cheese",sr_legacy_food,category_proxy,0.65,weak name match (confidence 0.65) taken as a coarse stand-in only,reject,,FRIED vs candidate's unspecified (presumably unfried) prep -- prep-state mismatch.,,Paul S,16/08/2026,
03020017:PHYTCPP,"Soybean curd, smoked",PHYTCPP,769.0,"Soybean, curd cheese",sr_legacy_food,category_proxy,0.65,weak name match (confidence 0.65) taken as a coarse stand-in only,reject,,SMOKED vs candidate's unspecified prep -- prep-state mismatch.,,Paul S,16/08/2026,
03020018:PHYTCPPI,Soybean flour,PHYTCPPI,1044.532,"Soy flour, low-fat",sr_legacy_food,category_proxy,0.65,weak name match (confidence 0.65) taken as a coarse stand-in only,reject,,Established unconfirmed low-fat assumption.,,Paul S,16/08/2026,
03020023:PHYTCPPD,"Soybean flour, defatted",PHYTCPPD,1551.0,"Soy flour, defatted",sr_legacy_food,category_proxy,0.65,weak name match (confidence 0.65) taken as a coarse stand-in only,approve,"Soy flour, defatted",,category_estimate,Paul S,16/08/2026,"""Defatted"" is explicitly stated in the source and matches the candidate -- clean match."
03020029:PHYTCPPD,"Soybean, Asmara, begining seed (1 week), raw",PHYTCPPD,35.179,"Soybeans, mature seeds, raw",sr_legacy_food,regional_equivalent,0.65,"name match with preparation state 'raw' confirmed present in 'Soybeans, mature seeds, raw', and matching edible-portion basis — not human-verified, so capped below 'exact'",reject,,"Explicitly IMMATURE/early-stage seed vs candidate specifically ""MATURE seeds"" -- direct contradiction, maturity stage materially affects composition.",,Paul S,16/08/2026,
03020030:PHYTCPPD,"Soybean, Asmara, begining seed (2 weeks), raw",PHYTCPPD,157.08499999999998,"Soybeans, mature seeds, raw",sr_legacy_food,regional_equivalent,0.65,"name match with preparation state 'raw' confirmed present in 'Soybeans, mature seeds, raw', and matching edible-portion basis — not human-verified, so capped below 'exact'",reject,,"Explicitly IMMATURE/early-stage seed vs candidate specifically ""MATURE seeds"" -- direct contradiction, maturity stage materially affects composition.",,Paul S,16/08/2026,
03020033:PHYTCPPD,"Soybean, Asmara, inmature full green size seed (3 weeks), raw",PHYTCPPD,259.94,"Soybeans, mature seeds, raw",sr_legacy_food,regional_equivalent,0.65,"name match with preparation state 'raw' confirmed present in 'Soybeans, mature seeds, raw', and matching edible-portion basis — not human-verified, so capped below 'exact'",reject,,"Explicitly IMMATURE/early-stage seed vs candidate specifically ""MATURE seeds"" -- direct contradiction, maturity stage materially affects composition.",,Paul S,16/08/2026,
03020035:PHYTCPP,"Soybean, brown, raw",PHYTCPP,443.0,"Soybeans, green, raw",sr_legacy_food,regional_equivalent,0.65,"name match with preparation state 'raw' confirmed present in 'Soybeans, green, raw', and matching edible-portion basis — not human-verified, so capped below 'exact'",reject,,BROWN vs GREEN -- direct color/maturity-stage contradiction.,,Paul S,16/08/2026,
03020037:PHYTCPP,"Soybean, Crawford, dehulled",PHYTCPP,316.9998,"Soybean, curd cheese",sr_legacy_food,category_proxy,0.65,weak name match (confidence 0.65) taken as a coarse stand-in only,reject,,Dehulled RAW BEAN vs CURD CHEESE (a fermented/processed product) -- wrong prep/product form entirely.,,Paul S,16/08/2026,
03020039:PHYTCPP,"Soybean, curd slab",PHYTCPP,592.0,"Soybean, curd cheese",sr_legacy_food,category_proxy,0.65,weak name match (confidence 0.65) taken as a coarse stand-in only,approve,"Soybean, curd cheese",,category_estimate,Paul S,16/08/2026,Both are soybean-curd products in comparable unflavored form -- reasonable category estimate.
03020040:PHYTCPP,"Soybean, curd slab, flavoured",PHYTCPP,889.0,"Soybean, curd cheese",sr_legacy_food,category_proxy,0.65,weak name match (confidence 0.65) taken as a coarse stand-in only,reject,,FLAVOURED not captured by the candidate -- compositional gap.,,Paul S,16/08/2026,
03020042:PHYTCPP,"Soybean, curd strip",PHYTCPP,987.0,"Soybean, curd cheese",sr_legacy_food,category_proxy,0.65,weak name match (confidence 0.65) taken as a coarse stand-in only,reject,,"""Curd strip"" (a dried/pressed form) is a different processed form from ""curd cheese"" -- product-form mismatch.",,Paul S,16/08/2026,
03020051:IP6,"Soybean, Glyphosate-Tolerant Soybean 40-3-2, raw",IP6,1107.054,"Soybeans, green, raw",sr_legacy_food,regional_equivalent,0.65,"name match with preparation state 'raw' confirmed present in 'Soybeans, green, raw', and matching edible-portion basis — not human-verified, so capped below 'exact'",reject,,"GM variety, maturity/color stage not confirmed as green -- unconfirmed assumption.",,Paul S,16/08/2026,
03020053:PHYTCPPD,"Soybean, Mooncake, begining seed (1 week), raw",PHYTCPPD,61.77,"Soybeans, mature seeds, raw",sr_legacy_food,regional_equivalent,0.65,"name match with preparation state 'raw' confirmed present in 'Soybeans, mature seeds, raw', and matching edible-portion basis — not human-verified, so capped below 'exact'",reject,,"Explicitly IMMATURE/early-stage seed vs candidate specifically ""MATURE seeds"" -- direct contradiction, maturity stage materially affects composition.",,Paul S,16/08/2026,
03020054:PHYTCPPD,"Soybean, Mooncake, begining seed (3 weeks), raw",PHYTCPPD,152.68500000000003,"Soybeans, mature seeds, raw",sr_legacy_food,regional_equivalent,0.65,"name match with preparation state 'raw' confirmed present in 'Soybeans, mature seeds, raw', and matching edible-portion basis — not human-verified, so capped below 'exact'",reject,,"Explicitly IMMATURE/early-stage seed vs candidate specifically ""MATURE seeds"" -- direct contradiction, maturity stage materially affects composition.",,Paul S,16/08/2026,
03020085:PHYTCPPD,"Soybeans, Bragg, raw",PHYTCPPD,248.87689999999998,"Soybeans, green, raw",sr_legacy_food,regional_equivalent,0.65,"name match with preparation state 'raw' confirmed present in 'Soybeans, green, raw', and matching edible-portion basis — not human-verified, so capped below 'exact'",reject,,Cultivar not confirmed as green-stage; Bragg is typically grown to maturity -- unconfirmed assumption.,,Paul S,16/08/2026,
03020088:PHYTCPPD,"Soybeans, Punja-1, raw",PHYTCPPD,274.1454,"Soybeans, green, raw",sr_legacy_food,regional_equivalent,0.65,"name match with preparation state 'raw' confirmed present in 'Soybeans, green, raw', and matching edible-portion basis — not human-verified, so capped below 'exact'",reject,,Same unconfirmed green-stage assumption.,,Paul S,16/08/2026,
03020154:IP5,Tempeh,IP5,11.544,Tempeh,sr_legacy_food,close_analogue,0.85,"name-matched at confidence 0.85, but preparation state/moisture basis alignment could not be confirmed automatically",approve,Tempeh,,category_estimate,Paul S,16/08/2026,Exact match.
03020154:IP5_A_IP6,Tempeh,IP5_A_IP6,73.632,Tempeh,sr_legacy_food,close_analogue,0.85,"name-matched at confidence 0.85, but preparation state/moisture basis alignment could not be confirmed automatically",approve,Tempeh,,category_estimate,Paul S,16/08/2026,Exact match.
03020154:IP6,Tempeh,IP6,62.088,Tempeh,sr_legacy_food,close_analogue,0.85,"name-matched at confidence 0.85, but preparation state/moisture basis alignment could not be confirmed automatically",approve,Tempeh,,category_estimate,Paul S,16/08/2026,Exact match.
03020155:IP5,Tempeh,IP5,43.885,Tempeh,sr_legacy_food,close_analogue,0.85,"name-matched at confidence 0.85, but preparation state/moisture basis alignment could not be confirmed automatically",approve,Tempeh,,category_estimate,Paul S,16/08/2026,Exact match.
03020155:IP6,Tempeh,IP6,78.725,Tempeh,sr_legacy_food,close_analogue,0.85,"name-matched at confidence 0.85, but preparation state/moisture basis alignment could not be confirmed automatically",approve,Tempeh,,category_estimate,Paul S,16/08/2026,Exact match.
03020159:IP5_A_IP6,"Tofu, boiled",IP5_A_IP6,217.77800000000005,"Tofu, fried",sr_legacy_food,category_proxy,0.65,weak name match (confidence 0.65) taken as a coarse stand-in only,reject,,BOILED vs FRIED -- established prep-state mismatch.,,Paul S,16/08/2026,
03020159:IP6,"Tofu, boiled",IP6,212.76200000000006,"Tofu, fried",sr_legacy_food,category_proxy,0.65,weak name match (confidence 0.65) taken as a coarse stand-in only,reject,,BOILED vs FRIED -- established prep-state mismatch.,,Paul S,16/08/2026,
03020165:IP6,"Tofu, fried",IP6,301.024,"Tofu, fried",sr_legacy_food,close_analogue,0.85,"name-matched at confidence 0.85, but preparation state/moisture basis alignment could not be confirmed automatically",approve,"Tofu, fried",,category_estimate,Paul S,16/08/2026,Exact match.
04010001:PHYTCPP,"African eggplant, leaves, raw",PHYTCPP,0.6015,"Eggplant, raw",sr_legacy_food,regional_equivalent,0.65,"name match with preparation state 'raw' confirmed present in 'Eggplant, raw', and matching edible-portion basis — not human-verified, so capped below 'exact'",reject,,LEAVES specifically vs the eggplant FRUIT entry -- wrong plant part.,,Paul S,16/08/2026,
04010007:PHYT-,"Amaranth globe, ABS-38-AWKA, raw",PHYT-,1.3719999999999997,"Amaranth leaves, raw",sr_legacy_food,regional_equivalent,0.65,"name match with preparation state 'raw' confirmed present in 'Amaranth leaves, raw', and matching edible-portion basis — not human-verified, so capped below 'exact'",reject,,Source is a grain-amaranth breeding-line cross (seed research); candidate is the LEAVES entry -- wrong plant part.,,Paul S,16/08/2026,
04010011:PHYT-,"Amaranth globe, AKS-33-EKPENE EDIENE, raw",PHYT-,1.6769999999999998,"Amaranth leaves, raw",sr_legacy_food,regional_equivalent,0.65,"name match with preparation state 'raw' confirmed present in 'Amaranth leaves, raw', and matching edible-portion basis — not human-verified, so capped below 'exact'",reject,,Source is a grain-amaranth breeding-line cross (seed research); candidate is the LEAVES entry -- wrong plant part.,,Paul S,16/08/2026,
04010013:PHYT-,"Amaranth globe, EBS-15-NKALAGU x ABS-38-AKWA, raw",PHYT-,1.3679999999999999,"Amaranth leaves, raw",sr_legacy_food,regional_equivalent,0.65,"name match with preparation state 'raw' confirmed present in 'Amaranth leaves, raw', and matching edible-portion basis — not human-verified, so capped below 'exact'",reject,,Source is a grain-amaranth breeding-line cross (seed research); candidate is the LEAVES entry -- wrong plant part.,,Paul S,16/08/2026,
04010019:PHYT-,"Amaranth globe, EBS-15-NKALAGU, raw",PHYT-,1.4775000000000003,"Amaranth leaves, raw",sr_legacy_food,regional_equivalent,0.65,"name match with preparation state 'raw' confirmed present in 'Amaranth leaves, raw', and matching edible-portion basis — not human-verified, so capped below 'exact'",reject,,Source is a grain-amaranth breeding-line cross (seed research); candidate is the LEAVES entry -- wrong plant part.,,Paul S,16/08/2026,
04010021:PHYT-,"Amaranth globe, ENS-08-MBU x ABS-38-AWKA, raw",PHYT-,1.7520000000000004,"Amaranth leaves, raw",sr_legacy_food,regional_equivalent,0.65,"name match with preparation state 'raw' confirmed present in 'Amaranth leaves, raw', and matching edible-portion basis — not human-verified, so capped below 'exact'",reject,,Source is a grain-amaranth breeding-line cross (seed research); candidate is the LEAVES entry -- wrong plant part.,,Paul S,16/08/2026,
04010025:PHYT-,"Amaranth globe, ENS-08-MBU x EBS-15-NKALAGU, raw",PHYT-,0.585,"Amaranth leaves, raw",sr_legacy_food,regional_equivalent,0.65,"name match with preparation state 'raw' confirmed present in 'Amaranth leaves, raw', and matching edible-portion basis — not human-verified, so capped below 'exact'",reject,,Source is a grain-amaranth breeding-line cross (seed research); candidate is the LEAVES entry -- wrong plant part.,,Paul S,16/08/2026,
04010029:PHYT-,"Amaranth globe, ENS-08-MBU, raw",PHYT-,0.8819999999999998,"Amaranth leaves, raw",sr_legacy_food,regional_equivalent,0.65,"name match with preparation state 'raw' confirmed present in 'Amaranth leaves, raw', and matching edible-portion basis — not human-verified, so capped below 'exact'",reject,,Source is a grain-amaranth breeding-line cross (seed research); candidate is the LEAVES entry -- wrong plant part.,,Paul S,16/08/2026,
04010031:PHYT-,"Amaranth globe, IMS-20-NJIABA x ABS-38-AWKA, raw",PHYT-,1.6440000000000003,"Amaranth leaves, raw",sr_legacy_food,regional_equivalent,0.65,"name match with preparation state 'raw' confirmed present in 'Amaranth leaves, raw', and matching edible-portion basis — not human-verified, so capped below 'exact'",reject,,Source is a grain-amaranth breeding-line cross (seed research); candidate is the LEAVES entry -- wrong plant part.,,Paul S,16/08/2026,
04010033:PHYT-,"Amaranth globe, IMS-20-NJIABA x AKS-33-EKPENE EDIENE, raw",PHYT-,1.7633000000000003,"Amaranth leaves, raw",sr_legacy_food,regional_equivalent,0.65,"name match with preparation state 'raw' confirmed present in 'Amaranth leaves, raw', and matching edible-portion basis — not human-verified, so capped below 'exact'",reject,,Source is a grain-amaranth breeding-line cross (seed research); candidate is the LEAVES entry -- wrong plant part.,,Paul S,16/08/2026,
04010035:PHYT-,"Amaranth globe, IMS-20-NJIABA, raw",PHYT-,1.9239999999999997,"Amaranth leaves, raw",sr_legacy_food,regional_equivalent,0.65,"name match with preparation state 'raw' confirmed present in 'Amaranth leaves, raw', and matching edible-portion basis — not human-verified, so capped below 'exact'",reject,,Source is a grain-amaranth breeding-line cross (seed research); candidate is the LEAVES entry -- wrong plant part.,,Paul S,16/08/2026,
04010037:PHYTCPPI,"Amaranth, leaves, fresh, raw",PHYTCPPI,50.0,"Amaranth leaves, raw",sr_legacy_food,regional_equivalent,0.65,"name match with preparation state 'raw' confirmed present in 'Amaranth leaves, raw', and matching edible-portion basis — not human-verified, so capped below 'exact'",approve,"Amaranth leaves, raw",,category_estimate,Paul S,16/08/2026,Genuinely leaves-to-leaves; color/freshness variety not distinguished by the generic candidate -- reasonable category estimate.
04010039:PHYTCPP,"Amaranth, leaves, green, raw",PHYTCPP,16.0,"Amaranth leaves, raw",sr_legacy_food,regional_equivalent,0.65,"name match with preparation state 'raw' confirmed present in 'Amaranth leaves, raw', and matching edible-portion basis — not human-verified, so capped below 'exact'",approve,"Amaranth leaves, raw",,category_estimate,Paul S,16/08/2026,Genuinely leaves-to-leaves; color/freshness variety not distinguished by the generic candidate -- reasonable category estimate.
04010040:PHYTCPP,"Amaranth, leaves, raw",PHYTCPP,4.736999999999997,"Amaranth leaves, raw",sr_legacy_food,regional_equivalent,0.65,"name match with preparation state 'raw' confirmed present in 'Amaranth leaves, raw', and matching edible-portion basis — not human-verified, so capped below 'exact'",approve,"Amaranth leaves, raw",,category_estimate,Paul S,16/08/2026,Genuinely leaves-to-leaves; color/freshness variety not distinguished by the generic candidate -- reasonable category estimate.
04010041:PHYTC-,"Amaranth, leaves, raw",PHYTC-,17.7,"Amaranth leaves, raw",sr_legacy_food,regional_equivalent,0.65,"name match with preparation state 'raw' confirmed present in 'Amaranth leaves, raw', and matching edible-portion basis — not human-verified, so capped below 'exact'",approve,"Amaranth leaves, raw",,category_estimate,Paul S,16/08/2026,Genuinely leaves-to-leaves; color/freshness variety not distinguished by the generic candidate -- reasonable category estimate.
04010042:PHYTC-,"Amaranth, leaves, raw",PHYTC-,32.2,"Amaranth leaves, raw",sr_legacy_food,regional_equivalent,0.65,"name match with preparation state 'raw' confirmed present in 'Amaranth leaves, raw', and matching edible-portion basis — not human-verified, so capped below 'exact'",approve,"Amaranth leaves, raw",,category_estimate,Paul S,16/08/2026,Genuinely leaves-to-leaves; color/freshness variety not distinguished by the generic candidate -- reasonable category estimate.
04010043:PHYTCPP,"Amaranth, leaves, red and green mixed, raw",PHYTCPP,4.89,"Amaranth leaves, raw",sr_legacy_food,regional_equivalent,0.65,"name match with preparation state 'raw' confirmed present in 'Amaranth leaves, raw', and matching edible-portion basis — not human-verified, so capped below 'exact'",approve,"Amaranth leaves, raw",,category_estimate,Paul S,16/08/2026,Genuinely leaves-to-leaves; color/freshness variety not distinguished by the generic candidate -- reasonable category estimate.
04010045:PHYTCPP,"Amaranth, leaves, red, raw",PHYTCPP,4.9,"Amaranth leaves, raw",sr_legacy_food,regional_equivalent,0.65,"name match with preparation state 'raw' confirmed present in 'Amaranth leaves, raw', and matching edible-portion basis — not human-verified, so capped below 'exact'",approve,"Amaranth leaves, raw",,category_estimate,Paul S,16/08/2026,Genuinely leaves-to-leaves; color/freshness variety not distinguished by the generic candidate -- reasonable category estimate.
04010048:IP6,"Asiatic dayflower, raw",IP6,5.676,"Cauliflower, raw",foundation_food,regional_equivalent,0.65,"name match with preparation state 'raw' confirmed present in 'Cauliflower, raw', and matching edible-portion basis — not human-verified, so capped below 'exact'",reject,,"Asiatic dayflower (Commelina communis, a wildflower/weed) vs CAULIFLOWER -- wrong category entirely, no evident relation.",,Paul S,16/08/2026,
04010049:PHYTCPPI,"Baobab, leaves, dried",PHYTCPPI,260.0,"Spices, basil, dried",sr_legacy_food,regional_equivalent,0.65,"name match with preparation state 'dried' confirmed present in 'Spices, basil, dried', and matching edible-portion basis — not human-verified, so capped below 'exact'",reject,,Baobab leaves (Adansonia) vs BASIL -- wrong species entirely.,,Paul S,16/08/2026,
04010055:PHYTCPP,"Beet greens, raw",PHYTCPP,19.01,"Beet greens, raw",sr_legacy_food,regional_equivalent,0.85,"name match with preparation state 'raw' confirmed present in 'Beet greens, raw', and matching edible-portion basis — not human-verified, so capped below 'exact'",approve,"Beet greens, raw",,category_estimate,Paul S,16/08/2026,Exact match.
04010056:PHYTC-,"Beetrot, leaves, raw",PHYTC-,51.7,"Taro leaves, raw",sr_legacy_food,regional_equivalent,0.65,"name match with preparation state 'raw' confirmed present in 'Taro leaves, raw', and matching edible-portion basis — not human-verified, so capped below 'exact'",reject,,"Beetroot leaves vs TARO leaves -- established ""Taro leaves"" garbage-bucket mismatch pattern, different species.",,Paul S,16/08/2026,
04010061:PHYTCPP,"Bitterleaves, leaves, abrased",PHYTCPP,161.17499999999995,"Winged bean leaves, raw",sr_legacy_food,category_proxy,0.65,weak name match (confidence 0.65) taken as a coarse stand-in only,reject,,"Established ""Winged bean leaves"" garbage-bucket mismatch pattern, different species; also ABRASED vs RAW prep mismatch.",,Paul S,16/08/2026,
04010078:PHYTCPP,"Brussels sprouts, raw",PHYTCPP,18.32,"Brussels sprouts, raw",foundation_food,regional_equivalent,0.85,"name match with preparation state 'raw' confirmed present in 'Brussels sprouts, raw', and matching edible-portion basis — not human-verified, so capped below 'exact'",approve,"Brussels sprouts, raw",,category_estimate,Paul S,16/08/2026,Exact match.
04010083:IP6,"Cabbage, blanched for 10 min",IP6,0.27,"Cabbage, red, raw",sr_legacy_food,category_proxy,0.65,weak name match (confidence 0.65) taken as a coarse stand-in only,reject,,"BLANCHED vs RAW -- prep-state mismatch, and ""red"" color unconfirmed by the source.",,Paul S,16/08/2026,
04010084:IP6,"Cabbage, blanched for 2.5 min",IP6,0.67,"Cabbage, red, raw",sr_legacy_food,category_proxy,0.65,weak name match (confidence 0.65) taken as a coarse stand-in only,reject,,"BLANCHED vs RAW -- prep-state mismatch, and ""red"" color unconfirmed by the source.",,Paul S,16/08/2026,
04010085:IP6,"Cabbage, blanched for 5 min",IP6,0.5,"Cabbage, red, raw",sr_legacy_food,category_proxy,0.65,weak name match (confidence 0.65) taken as a coarse stand-in only,reject,,"BLANCHED vs RAW -- prep-state mismatch, and ""red"" color unconfirmed by the source.",,Paul S,16/08/2026,
04010088:PHYTCPP,"Cabbage, collard greens, raw",PHYTCPP,12.08,"Cabbage, green, raw",foundation_food,regional_equivalent,0.65,"name match with preparation state 'raw' confirmed present in 'Cabbage, green, raw', and matching edible-portion basis — not human-verified, so capped below 'exact'",reject,,"Ambiguous source labeling mixing two different common names; collard greens (a leafy, non-heading Brassica) and cabbage (a heading Brassica) are morphologically/compositionally different despite the same species broadly.",,Paul S,16/08/2026,
04010089:PHYTCPP,"Cabbage, green, raw",PHYTCPP,11.77,"Cabbage, green, raw",foundation_food,regional_equivalent,0.85,"name match with preparation state 'raw' confirmed present in 'Cabbage, green, raw', and matching edible-portion basis — not human-verified, so capped below 'exact'",approve,"Cabbage, green, raw",,category_estimate,Paul S,16/08/2026,Exact match.
04010107:PHYTCPP,"Cauliflower, leaves, raw",PHYTCPP,13.6,"Cauliflower, raw",sr_legacy_food,regional_equivalent,0.65,"name match with preparation state 'raw' confirmed present in 'Cauliflower, raw', and matching edible-portion basis — not human-verified, so capped below 'exact'",reject,,"LEAVES specifically vs the cauliflower HEAD/floret (the standard ""Cauliflower, raw"" entry) -- wrong plant part.",,Paul S,16/08/2026,
04010108:PHYTCPP,"Cauliflower, raw",PHYTCPP,18.48,"Cauliflower, raw",sr_legacy_food,regional_equivalent,0.85,"name match with preparation state 'raw' confirmed present in 'Cauliflower, raw', and matching edible-portion basis — not human-verified, so capped below 'exact'",approve,"Cauliflower, raw",,category_estimate,Paul S,16/08/2026,Exact match.
04010109:PHYTCPP,"Cauliflower, raw",PHYTCPP,25.66,"Cauliflower, raw",sr_legacy_food,regional_equivalent,0.85,"name match with preparation state 'raw' confirmed present in 'Cauliflower, raw', and matching edible-portion basis — not human-verified, so capped below 'exact'",approve,"Cauliflower, raw",,category_estimate,Paul S,16/08/2026,Exact match.
04010114:IP5,"Climbing wattle, blanched",IP5,3.0,"Nuts, almonds, blanched",sr_legacy_food,category_proxy,0.65,weak name match (confidence 0.65) taken as a coarse stand-in only,reject,,"A wattle-tree seed/pod (Acacia sp.) vs ALMONDS -- wrong species, established mismatch.",,Paul S,16/08/2026,
04010114:IP5_A_IP6,"Climbing wattle, blanched",IP5_A_IP6,29.0,"Nuts, almonds, blanched",sr_legacy_food,category_proxy,0.65,weak name match (confidence 0.65) taken as a coarse stand-in only,reject,,"A wattle-tree seed/pod (Acacia sp.) vs ALMONDS -- wrong species, established mismatch.",,Paul S,16/08/2026,
04010123:IP6,"Collard, raw",IP6,3.97,"Collards, raw",foundation_food,regional_equivalent,0.65,"name match with preparation state 'raw' confirmed present in 'Collards, raw', and matching edible-portion basis — not human-verified, so capped below 'exact'",approve,"Collards, raw",,category_estimate,Paul S,16/08/2026,Exact match.
04010129:PHYTCPP,"Drumstick, leaves, raw",PHYTCPP,128.0,"Drumstick leaves, raw",sr_legacy_food,regional_equivalent,0.65,"name match with preparation state 'raw' confirmed present in 'Drumstick leaves, raw', and matching edible-portion basis — not human-verified, so capped below 'exact'",approve,"Drumstick leaves, raw",,category_estimate,Paul S,16/08/2026,Exact match.
04010134:PHYTCPPI,"Eggplant, leaves, raw",PHYTCPPI,41.67,"Eggplant, raw",foundation_food,regional_equivalent,0.65,"name match with preparation state 'raw' confirmed present in 'Eggplant, raw', and matching edible-portion basis — not human-verified, so capped below 'exact'",reject,,Same wrong-plant-part mismatch.,,Paul S,16/08/2026,
04010138:PHYTCPPD,"False amaranth, leaves, water-washed, raw",PHYTCPPD,2.7,"Amaranth leaves, raw",sr_legacy_food,regional_equivalent,0.65,"name match with preparation state 'raw' confirmed present in 'Amaranth leaves, raw', and matching edible-portion basis — not human-verified, so capped below 'exact'",reject,,"""False amaranth"" is explicitly named as NOT true amaranth (same naming pattern as ""false banana"" elsewhere in this review) -- likely a different species despite the shared word.",,Paul S,16/08/2026,
04010145:PPD,"Fluted pumpkin, leaves, raw",PPD,4.1,"Pumpkin leaves, raw",sr_legacy_food,regional_equivalent,0.65,"name match with preparation state 'raw' confirmed present in 'Pumpkin leaves, raw', and matching edible-portion basis — not human-verified, so capped below 'exact'",approve,"Pumpkin leaves, raw",,category_estimate,Paul S,16/08/2026,"Fluted pumpkin leaves are commonly called ""pumpkin leaves"" -- correct plant part, reasonable category match."
04010147:PHYTCPPI,"Fluted pumpkin, young plant, leaves, raw",PHYTCPPI,5.959679999999999,"Pumpkin leaves, raw",sr_legacy_food,regional_equivalent,0.65,"name match with preparation state 'raw' confirmed present in 'Pumpkin leaves, raw', and matching edible-portion basis — not human-verified, so capped below 'exact'",approve,"Pumpkin leaves, raw",,category_estimate,Paul S,16/08/2026,Same reasoning as the other fluted-pumpkin-leaves row.
04010167:IP5,"Leadtree, blanched",IP5,3.0,"Nuts, almonds, blanched",sr_legacy_food,category_proxy,0.65,weak name match (confidence 0.65) taken as a coarse stand-in only,reject,,Leadtree (Leucaena sp.) vs ALMONDS -- different tree species entirely.,,Paul S,16/08/2026,
04010167:IP5_A_IP6,"Leadtree, blanched",IP5_A_IP6,23.0,"Nuts, almonds, blanched",sr_legacy_food,category_proxy,0.65,weak name match (confidence 0.65) taken as a coarse stand-in only,reject,,Leadtree (Leucaena sp.) vs ALMONDS -- different tree species entirely.,,Paul S,16/08/2026,
04010167:IP6,"Leadtree, blanched",IP6,20.0,"Nuts, almonds, blanched",sr_legacy_food,category_proxy,0.65,weak name match (confidence 0.65) taken as a coarse stand-in only,reject,,Leadtree (Leucaena sp.) vs ALMONDS -- different tree species entirely.,,Paul S,16/08/2026,
04010180:IP5,"Neem tree, blanched",IP5,3.0,"Nuts, almonds, blanched",sr_legacy_food,category_proxy,0.65,weak name match (confidence 0.65) taken as a coarse stand-in only,reject,,Neem (Azadirachta indica) vs ALMONDS -- different tree species entirely.,,Paul S,16/08/2026,
04010180:IP5_A_IP6,"Neem tree, blanched",IP5_A_IP6,38.0,"Nuts, almonds, blanched",sr_legacy_food,category_proxy,0.65,weak name match (confidence 0.65) taken as a coarse stand-in only,reject,,Neem (Azadirachta indica) vs ALMONDS -- different tree species entirely.,,Paul S,16/08/2026,
04010180:IP6,"Neem tree, blanched",IP6,35.0,"Nuts, almonds, blanched",sr_legacy_food,category_proxy,0.65,weak name match (confidence 0.65) taken as a coarse stand-in only,reject,,Neem (Azadirachta indica) vs ALMONDS -- different tree species entirely.,,Paul S,16/08/2026,
04010199:IP5,"Pennywort, indian, raw",IP5,1.0,"Squash, Indian, raw (Navajo)",sr_legacy_food,regional_equivalent,0.65,"name match with preparation state 'raw' confirmed present in 'Squash, Indian, raw (Navajo)', and matching edible-portion basis — not human-verified, so capped below 'exact'",reject,,"Established pennywort-vs-squash mismatch, coincidental ""Indian"" word.",,Paul S,16/08/2026,
04010199:IP5_A_IP6,"Pennywort, indian, raw",IP5_A_IP6,4.0,"Squash, Indian, raw (Navajo)",sr_legacy_food,regional_equivalent,0.65,"name match with preparation state 'raw' confirmed present in 'Squash, Indian, raw (Navajo)', and matching edible-portion basis — not human-verified, so capped below 'exact'",reject,,"Established pennywort-vs-squash mismatch, coincidental ""Indian"" word.",,Paul S,16/08/2026,
04010199:IP6,"Pennywort, indian, raw",IP6,3.0,"Squash, Indian, raw (Navajo)",sr_legacy_food,regional_equivalent,0.65,"name match with preparation state 'raw' confirmed present in 'Squash, Indian, raw (Navajo)', and matching edible-portion basis — not human-verified, so capped below 'exact'",reject,,"Established pennywort-vs-squash mismatch, coincidental ""Indian"" word.",,Paul S,16/08/2026,
04010206:PHYTCPPI,"Pumpkin, leaves, blanched",PHYTCPPI,10.0,"Pumpkin leaves, raw",sr_legacy_food,category_proxy,0.65,weak name match (confidence 0.65) taken as a coarse stand-in only,reject,,BLANCHED vs RAW -- prep-state mismatch.,,Paul S,16/08/2026,
04010208:PHYTCPPI,"Pumpkin, leaves, dried",PHYTCPPI,15.0,"Pumpkin leaves, raw",sr_legacy_food,category_proxy,0.65,weak name match (confidence 0.65) taken as a coarse stand-in only,reject,,DRIED vs RAW -- prep-state mismatch.,,Paul S,16/08/2026,
04010210:PHYTCPPD,"Pumpkin, leaves, water-washed, raw",PHYTCPPD,8.540000000000001,"Pumpkin leaves, raw",sr_legacy_food,regional_equivalent,0.65,"name match with preparation state 'raw' confirmed present in 'Pumpkin leaves, raw', and matching edible-portion basis — not human-verified, so capped below 'exact'",approve,"Pumpkin leaves, raw",,category_estimate,Paul S,16/08/2026,Washing doesn't meaningfully change composition -- still genuinely raw leaves.
04010219:IP5_A_IP6,"Sesbania, raw",IP5_A_IP6,13.0,"Sesbania flower, raw",sr_legacy_food,regional_equivalent,0.65,"name match with preparation state 'raw' confirmed present in 'Sesbania flower, raw', and matching edible-portion basis — not human-verified, so capped below 'exact'",reject,,Source doesn't specify plant part; candidate assumes specifically the FLOWER -- unconfirmed part assumption.,,Paul S,16/08/2026,
04010219:IP6,"Sesbania, raw",IP6,12.0,"Sesbania flower, raw",sr_legacy_food,regional_equivalent,0.65,"name match with preparation state 'raw' confirmed present in 'Sesbania flower, raw', and matching edible-portion basis — not human-verified, so capped below 'exact'",reject,,Source doesn't specify plant part; candidate assumes specifically the FLOWER -- unconfirmed part assumption.,,Paul S,16/08/2026,
04010220:IP5,"Sesbania, yellow, blanched",IP5,2.0,"Sesbania flower, raw",sr_legacy_food,category_proxy,0.65,weak name match (confidence 0.65) taken as a coarse stand-in only,reject,,"Prep state (blanched/boiled/stir-fried) vs candidate's RAW -- prep mismatch, plus the same unconfirmed-plant-part issue.",,Paul S,16/08/2026,
04010220:IP5_A_IP6,"Sesbania, yellow, blanched",IP5_A_IP6,5.0,"Sesbania flower, raw",sr_legacy_food,category_proxy,0.65,weak name match (confidence 0.65) taken as a coarse stand-in only,reject,,"Prep state (blanched/boiled/stir-fried) vs candidate's RAW -- prep mismatch, plus the same unconfirmed-plant-part issue.",,Paul S,16/08/2026,
04010221:IP5,"Sesbania, yellow, boiled",IP5,1.26,"Sesbania flower, raw",sr_legacy_food,category_proxy,0.65,weak name match (confidence 0.65) taken as a coarse stand-in only,reject,,"Prep state (blanched/boiled/stir-fried) vs candidate's RAW -- prep mismatch, plus the same unconfirmed-plant-part issue.",,Paul S,16/08/2026,
04010221:IP5_A_IP6,"Sesbania, yellow, boiled",IP5_A_IP6,4.26,"Sesbania flower, raw",sr_legacy_food,category_proxy,0.65,weak name match (confidence 0.65) taken as a coarse stand-in only,reject,,"Prep state (blanched/boiled/stir-fried) vs candidate's RAW -- prep mismatch, plus the same unconfirmed-plant-part issue.",,Paul S,16/08/2026,
04010221:IP6,"Sesbania, yellow, boiled",IP6,3.0,"Sesbania flower, raw",sr_legacy_food,category_proxy,0.65,weak name match (confidence 0.65) taken as a coarse stand-in only,reject,,"Prep state (blanched/boiled/stir-fried) vs candidate's RAW -- prep mismatch, plus the same unconfirmed-plant-part issue.",,Paul S,16/08/2026,
04010223:IP5,"Sesbania, yellow, stir-fried",IP5,2.58,"Sesbania flower, raw",sr_legacy_food,category_proxy,0.65,weak name match (confidence 0.65) taken as a coarse stand-in only,reject,,"Prep state (blanched/boiled/stir-fried) vs candidate's RAW -- prep mismatch, plus the same unconfirmed-plant-part issue.",,Paul S,16/08/2026,
04010223:IP5_A_IP6,"Sesbania, yellow, stir-fried",IP5_A_IP6,8.58,"Sesbania flower, raw",sr_legacy_food,category_proxy,0.65,weak name match (confidence 0.65) taken as a coarse stand-in only,reject,,"Prep state (blanched/boiled/stir-fried) vs candidate's RAW -- prep mismatch, plus the same unconfirmed-plant-part issue.",,Paul S,16/08/2026,
04010223:IP6,"Sesbania, yellow, stir-fried",IP6,6.0,"Sesbania flower, raw",sr_legacy_food,category_proxy,0.65,weak name match (confidence 0.65) taken as a coarse stand-in only,reject,,"Prep state (blanched/boiled/stir-fried) vs candidate's RAW -- prep mismatch, plus the same unconfirmed-plant-part issue.",,Paul S,16/08/2026,
04010228:PHYTCPPD,"Spider plant, raw",PHYTCPPD,8.255477999999997,"Eggplant, raw",foundation_food,regional_equivalent,0.65,"name match with preparation state 'raw' confirmed present in 'Eggplant, raw', and matching edible-portion basis — not human-verified, so capped below 'exact'",reject,,"Spider plant (Cleome/Gynandropsis, a leafy vegetable) is a different species entirely from eggplant.",,Paul S,16/08/2026,
04010230:PHYTCPP,"Spiny amaranth, leaves, green, raw",PHYTCPP,7.4,"Amaranth leaves, raw",sr_legacy_food,regional_equivalent,0.65,"name match with preparation state 'raw' confirmed present in 'Amaranth leaves, raw', and matching edible-portion basis — not human-verified, so capped below 'exact'",approve,"Amaranth leaves, raw",,category_estimate,Paul S,16/08/2026,"Spiny amaranth (Amaranthus spinosus) is a genuine species within the amaranth genus, leaves-to-leaves -- reasonable category estimate."
04010231:PHYTCPP,"Spiny amaranth, leaves, red and green mixed, raw",PHYTCPP,7.15,"Amaranth leaves, raw",sr_legacy_food,regional_equivalent,0.65,"name match with preparation state 'raw' confirmed present in 'Amaranth leaves, raw', and matching edible-portion basis — not human-verified, so capped below 'exact'",approve,"Amaranth leaves, raw",,category_estimate,Paul S,16/08/2026,"Spiny amaranth (Amaranthus spinosus) is a genuine species within the amaranth genus, leaves-to-leaves -- reasonable category estimate."
04010232:PHYTCPPD,"Spiny amaranth, wild, tender leaves, raw",PHYTCPPD,163.60923599999998,"Amaranth leaves, raw",sr_legacy_food,regional_equivalent,0.65,"name match with preparation state 'raw' confirmed present in 'Amaranth leaves, raw', and matching edible-portion basis — not human-verified, so capped below 'exact'",approve,"Amaranth leaves, raw",,category_estimate,Paul S,16/08/2026,"Spiny amaranth (Amaranthus spinosus) is a genuine species within the amaranth genus, leaves-to-leaves -- reasonable category estimate."
04010243:PHYTCPPI,"Taro, leaves, raw",PHYTCPPI,26.27,"Taro leaves, raw",sr_legacy_food,regional_equivalent,0.65,"name match with preparation state 'raw' confirmed present in 'Taro leaves, raw', and matching edible-portion basis — not human-verified, so capped below 'exact'",approve,"Taro leaves, raw",,category_estimate,Paul S,16/08/2026,"Exact match -- genuinely taro leaves to taro leaves, unlike the garbage-bucket cases elsewhere where unrelated species get matched to this candidate."
04010244:PHYTC-,"Taro, leaves, raw",PHYTC-,35.5,"Taro leaves, raw",sr_legacy_food,regional_equivalent,0.65,"name match with preparation state 'raw' confirmed present in 'Taro leaves, raw', and matching edible-portion basis — not human-verified, so capped below 'exact'",approve,"Taro leaves, raw",,category_estimate,Paul S,16/08/2026,"Exact match -- genuinely taro leaves to taro leaves, unlike the garbage-bucket cases elsewhere where unrelated species get matched to this candidate."
04010247:IP6,"Water chestnut, leaves, raw",IP6,10.164,"Waterchestnuts, chinese, (matai), raw",sr_legacy_food,regional_equivalent,0.65,"name match with preparation state 'raw' confirmed present in 'Waterchestnuts, chinese, (matai), raw', and matching edible-portion basis — not human-verified, so capped below 'exact'",reject,,LEAVES vs the candidate's corm/nut -- wrong plant part.,,Paul S,16/08/2026,
04010249:IP6,"Water hyacinth, leaves, raw",IP6,55.50599999999999,"Amaranth leaves, raw",sr_legacy_food,regional_equivalent,0.65,"name match with preparation state 'raw' confirmed present in 'Amaranth leaves, raw', and matching edible-portion basis — not human-verified, so capped below 'exact'",reject,,"Water hyacinth (Eichhornia crassipes, an aquatic plant) is completely unrelated to amaranth -- no evident textual justification, likely a matching-pipeline error.",,Paul S,16/08/2026,
04010250:PHYTC-,"Water spinach, leaves, raw",PHYTC-,27.0,"Spinach, raw",sr_legacy_food,regional_equivalent,0.65,"name match with preparation state 'raw' confirmed present in 'Spinach, raw', and matching edible-portion basis — not human-verified, so capped below 'exact'",reject,,Established water-spinach-different-species-from-true-spinach pattern.,,Paul S,16/08/2026,
04010251:PHYTC-,"Water spinach, leaves, raw",PHYTC-,25.8,"Spinach, raw",sr_legacy_food,regional_equivalent,0.65,"name match with preparation state 'raw' confirmed present in 'Spinach, raw', and matching edible-portion basis — not human-verified, so capped below 'exact'",reject,,Established water-spinach-different-species-from-true-spinach pattern.,,Paul S,16/08/2026,
04010252:IP6,"Water spinach, leaves, raw",IP6,84.94199999999998,"Spinach, raw",sr_legacy_food,regional_equivalent,0.65,"name match with preparation state 'raw' confirmed present in 'Spinach, raw', and matching edible-portion basis — not human-verified, so capped below 'exact'",reject,,Established water-spinach-different-species-from-true-spinach pattern.,,Paul S,16/08/2026,
04020003:PHYTCPPI,"Carrot, raw",PHYTCPPI,88.2,"Carrots, raw",sr_legacy_food,regional_equivalent,0.65,"name match with preparation state 'raw' confirmed present in 'Carrots, raw', and matching edible-portion basis — not human-verified, so capped below 'exact'",approve,"Carrots, raw",,category_estimate,Paul S,16/08/2026,Exact match.
04020004:IP6,"Carrot, raw",IP6,15.0,"Carrots, raw",sr_legacy_food,regional_equivalent,0.65,"name match with preparation state 'raw' confirmed present in 'Carrots, raw', and matching edible-portion basis — not human-verified, so capped below 'exact'",approve,"Carrots, raw",,category_estimate,Paul S,16/08/2026,Exact match.
04030003:PHYTCPP,"Bamboo shoot, tender, raw",PHYTCPP,19.78,"Bamboo shoots, raw",sr_legacy_food,regional_equivalent,0.65,"name match with preparation state 'raw' confirmed present in 'Bamboo shoots, raw', and matching edible-portion basis — not human-verified, so capped below 'exact'",approve,"Bamboo shoots, raw",,category_estimate,Paul S,16/08/2026,Clean match.
04030013:PHYTCPP,"Capsicum, red, raw",PHYTCPP,17.68,"Cabbage, red, raw",sr_legacy_food,regional_equivalent,0.65,"name match with preparation state 'raw' confirmed present in 'Cabbage, red, raw', and matching edible-portion basis — not human-verified, so capped below 'exact'",reject,,"Capsicum (a pepper) vs CABBAGE -- wrong category entirely, coincidental ""red"" color word.",,Paul S,16/08/2026,
04030014:PHYTCPP,"Celery stalk, raw",PHYTCPP,25.66,"Celery, raw",foundation_food,regional_equivalent,0.65,"name match with preparation state 'raw' confirmed present in 'Celery, raw', and matching edible-portion basis — not human-verified, so capped below 'exact'",approve,"Celery, raw",,category_estimate,Paul S,16/08/2026,Clean match.
04030019:IP5,"Cowslip creeper, stir-fried",IP5,3.0,"Mushrooms, white, stir-fried",sr_legacy_food,category_proxy,0.65,weak name match (confidence 0.65) taken as a coarse stand-in only,reject,,"Cowslip creeper (Telosma cordata, a flowering vine) vs MUSHROOMS -- wrong category entirely, established mismatch pattern.",,Paul S,16/08/2026,
04030019:IP5_A_IP6,"Cowslip creeper, stir-fried",IP5_A_IP6,33.0,"Mushrooms, white, stir-fried",sr_legacy_food,category_proxy,0.65,weak name match (confidence 0.65) taken as a coarse stand-in only,reject,,"Cowslip creeper (Telosma cordata, a flowering vine) vs MUSHROOMS -- wrong category entirely, established mismatch pattern.",,Paul S,16/08/2026,
04030019:IP6,"Cowslip creeper, stir-fried",IP6,30.0,"Mushrooms, white, stir-fried",sr_legacy_food,category_proxy,0.65,weak name match (confidence 0.65) taken as a coarse stand-in only,reject,,"Cowslip creeper (Telosma cordata, a flowering vine) vs MUSHROOMS -- wrong category entirely, established mismatch pattern.",,Paul S,16/08/2026,
04030028:PHYTCPP,"Eggplant, Brinjal-10, raw",PHYTCPP,15.03,"Eggplant, raw",sr_legacy_food,regional_equivalent,0.65,"name match with preparation state 'raw' confirmed present in 'Eggplant, raw', and matching edible-portion basis — not human-verified, so capped below 'exact'",approve,"Eggplant, raw",,category_estimate,Paul S,16/08/2026,"Cultivar-specific ""Brinjal"" breeding line, reasonable generic eggplant category estimate."
04030029:PHYTCPP,"Eggplant, Brinjal-11, raw",PHYTCPP,13.32,"Eggplant, raw",foundation_food,regional_equivalent,0.65,"name match with preparation state 'raw' confirmed present in 'Eggplant, raw', and matching edible-portion basis — not human-verified, so capped below 'exact'",approve,"Eggplant, raw",,category_estimate,Paul S,16/08/2026,"Cultivar-specific ""Brinjal"" breeding line, reasonable generic eggplant category estimate."
04030033:PHYTCPP,"Eggplant, Brinjal-15, raw",PHYTCPP,11.01,"Eggplant, raw",sr_legacy_food,regional_equivalent,0.65,"name match with preparation state 'raw' confirmed present in 'Eggplant, raw', and matching edible-portion basis — not human-verified, so capped below 'exact'",approve,"Eggplant, raw",,category_estimate,Paul S,16/08/2026,"Cultivar-specific ""Brinjal"" breeding line, reasonable generic eggplant category estimate."
04030034:PHYTCPP,"Eggplant, Brinjal-16, raw",PHYTCPP,5.82,"Eggplant, raw",foundation_food,regional_equivalent,0.65,"name match with preparation state 'raw' confirmed present in 'Eggplant, raw', and matching edible-portion basis — not human-verified, so capped below 'exact'",approve,"Eggplant, raw",,category_estimate,Paul S,16/08/2026,"Cultivar-specific ""Brinjal"" breeding line, reasonable generic eggplant category estimate."
04030035:PHYTCPP,"Eggplant, Brinjal-17, raw",PHYTCPP,15.41,"Eggplant, raw",sr_legacy_food,regional_equivalent,0.65,"name match with preparation state 'raw' confirmed present in 'Eggplant, raw', and matching edible-portion basis — not human-verified, so capped below 'exact'",approve,"Eggplant, raw",,category_estimate,Paul S,16/08/2026,"Cultivar-specific ""Brinjal"" breeding line, reasonable generic eggplant category estimate."
04030036:PHYTCPP,"Eggplant, Brinjal-18, raw",PHYTCPP,9.42,"Eggplant, raw",foundation_food,regional_equivalent,0.65,"name match with preparation state 'raw' confirmed present in 'Eggplant, raw', and matching edible-portion basis — not human-verified, so capped below 'exact'",approve,"Eggplant, raw",,category_estimate,Paul S,16/08/2026,"Cultivar-specific ""Brinjal"" breeding line, reasonable generic eggplant category estimate."
04030037:PHYTCPP,"Eggplant, Brinjal-19, raw",PHYTCPP,10.96,"Eggplant, raw",foundation_food,regional_equivalent,0.65,"name match with preparation state 'raw' confirmed present in 'Eggplant, raw', and matching edible-portion basis — not human-verified, so capped below 'exact'",approve,"Eggplant, raw",,category_estimate,Paul S,16/08/2026,"Cultivar-specific ""Brinjal"" breeding line, reasonable generic eggplant category estimate."
04030038:PHYTCPP,"Eggplant, Brinjal-2, raw",PHYTCPP,15.46,"Eggplant, raw",sr_legacy_food,regional_equivalent,0.65,"name match with preparation state 'raw' confirmed present in 'Eggplant, raw', and matching edible-portion basis — not human-verified, so capped below 'exact'",approve,"Eggplant, raw",,category_estimate,Paul S,16/08/2026,"Cultivar-specific ""Brinjal"" breeding line, reasonable generic eggplant category estimate."
04030039:PHYTCPP,"Eggplant, Brinjal-20, raw",PHYTCPP,10.55,"Eggplant, raw",sr_legacy_food,regional_equivalent,0.65,"name match with preparation state 'raw' confirmed present in 'Eggplant, raw', and matching edible-portion basis — not human-verified, so capped below 'exact'",approve,"Eggplant, raw",,category_estimate,Paul S,16/08/2026,"Cultivar-specific ""Brinjal"" breeding line, reasonable generic eggplant category estimate."
04030041:PHYTCPP,"Eggplant, Brinjal-3, raw",PHYTCPP,12.79,"Eggplant, raw",foundation_food,regional_equivalent,0.65,"name match with preparation state 'raw' confirmed present in 'Eggplant, raw', and matching edible-portion basis — not human-verified, so capped below 'exact'",approve,"Eggplant, raw",,category_estimate,Paul S,16/08/2026,"Cultivar-specific ""Brinjal"" breeding line, reasonable generic eggplant category estimate."
04030042:PHYTCPP,"Eggplant, Brinjal-4, raw",PHYTCPP,14.343,"Eggplant, raw",sr_legacy_food,regional_equivalent,0.65,"name match with preparation state 'raw' confirmed present in 'Eggplant, raw', and matching edible-portion basis — not human-verified, so capped below 'exact'",approve,"Eggplant, raw",,category_estimate,Paul S,16/08/2026,"Cultivar-specific ""Brinjal"" breeding line, reasonable generic eggplant category estimate."
04030043:PHYTCPP,"Eggplant, Brinjal-5, raw",PHYTCPP,12.55,"Eggplant, raw",foundation_food,regional_equivalent,0.65,"name match with preparation state 'raw' confirmed present in 'Eggplant, raw', and matching edible-portion basis — not human-verified, so capped below 'exact'",approve,"Eggplant, raw",,category_estimate,Paul S,16/08/2026,"Cultivar-specific ""Brinjal"" breeding line, reasonable generic eggplant category estimate."
04030047:PHYTCPP,"Eggplant, Brinjal-9, raw",PHYTCPP,11.49,"Eggplant, raw",foundation_food,regional_equivalent,0.65,"name match with preparation state 'raw' confirmed present in 'Eggplant, raw', and matching edible-portion basis — not human-verified, so capped below 'exact'",approve,"Eggplant, raw",,category_estimate,Paul S,16/08/2026,"Cultivar-specific ""Brinjal"" breeding line, reasonable generic eggplant category estimate."
04030048:PHYTCPP,"Eggplant, raw",PHYTCPP,12.28,"Eggplant, raw",sr_legacy_food,regional_equivalent,0.85,"name match with preparation state 'raw' confirmed present in 'Eggplant, raw', and matching edible-portion basis — not human-verified, so capped below 'exact'",approve,"Eggplant, raw",,category_estimate,Paul S,16/08/2026,Exact match.
04030063:PHYTCPP,"Kovai, big, raw",PHYTCPP,9.81,"Kohlrabi, raw",sr_legacy_food,regional_equivalent,0.65,"name match with preparation state 'raw' confirmed present in 'Kohlrabi, raw', and matching edible-portion basis — not human-verified, so capped below 'exact'",reject,,"Kovai (ivy gourd) vs KOHLRABI (a Brassica stem vegetable) -- wrong species, coincidental ""Ko-"" prefix.",,Paul S,16/08/2026,
04030071:PHYTCPPD,"Mushroom, 'Pleurotus ostreatus', fresh, raw",PHYTCPPD,5.365455000000002,"Mushrooms, oyster, raw",sr_legacy_food,regional_equivalent,0.65,"name match with preparation state 'raw' confirmed present in 'Mushrooms, oyster, raw', and matching edible-portion basis — not human-verified, so capped below 'exact'",approve,"Mushrooms, oyster, raw",,category_estimate,Paul S,16/08/2026,Pleurotus ostreatus IS the oyster mushroom species -- excellent match.
04030074:PHYTCPPD,"Mushroom, 'Psathyrella tuberculata', fresh, raw",PHYTCPPD,3.898622000000001,"Mushrooms, portabella, raw",sr_legacy_food,regional_equivalent,0.65,"name match with preparation state 'raw' confirmed present in 'Mushrooms, portabella, raw', and matching edible-portion basis — not human-verified, so capped below 'exact'",reject,,Psathyrella is a completely different genus from portabella/Agaricus -- wrong species.,,Paul S,16/08/2026,
04030084:PHYTCPP,"Okra, raw",PHYTCPP,3.63,"Okra, raw",sr_legacy_food,regional_equivalent,0.85,"name match with preparation state 'raw' confirmed present in 'Okra, raw', and matching edible-portion basis — not human-verified, so capped below 'exact'",approve,"Okra, raw",,category_estimate,Paul S,16/08/2026,Exact match.
04030085:PHYTCPPI,"Okra, raw",PHYTCPPI,5.200000000000002,"Okra, raw",sr_legacy_food,regional_equivalent,0.85,"name match with preparation state 'raw' confirmed present in 'Okra, raw', and matching edible-portion basis — not human-verified, so capped below 'exact'",approve,"Okra, raw",,category_estimate,Paul S,16/08/2026,Exact match.
04030086:PHYTCPPI,"Okra, raw",PHYTCPPI,30.0,"Okra, raw",sr_legacy_food,regional_equivalent,0.85,"name match with preparation state 'raw' confirmed present in 'Okra, raw', and matching edible-portion basis — not human-verified, so capped below 'exact'",approve,"Okra, raw",,category_estimate,Paul S,16/08/2026,Exact match.
04030088:PHYTCPP,"Onion, raw",PHYTCPP,6.958,"Onions, raw",sr_legacy_food,regional_equivalent,0.65,"name match with preparation state 'raw' confirmed present in 'Onions, raw', and matching edible-portion basis — not human-verified, so capped below 'exact'",approve,"Onions, raw",,category_estimate,Paul S,16/08/2026,Exact match.
04030089:PHYTCPPI,"Onion, raw",PHYTCPPI,0.0,"Onions, raw",sr_legacy_food,regional_equivalent,0.65,"name match with preparation state 'raw' confirmed present in 'Onions, raw', and matching edible-portion basis — not human-verified, so capped below 'exact'",approve,"Onions, raw",,category_estimate,Paul S,16/08/2026,Exact match.
04030092:PHYTCPP,"Parwar, raw",PHYTCPP,29.19,"Parsnips, raw",sr_legacy_food,regional_equivalent,0.65,"name match with preparation state 'raw' confirmed present in 'Parsnips, raw', and matching edible-portion basis — not human-verified, so capped below 'exact'",reject,,"""Parwar"" (pointed gourd, Trichosanthes dioica) is completely different from parsnip (Pastinaca sativa) -- false-cognate mismatch.",,Paul S,16/08/2026,
04030095:PHYTCPP,"Radish, elongate, red skin, raw",PHYTCPP,6.9,"Radishes, red, raw",foundation_food,regional_equivalent,0.65,"name match with preparation state 'raw' confirmed present in 'Radishes, red, raw', and matching edible-portion basis — not human-verified, so capped below 'exact'",approve,"Radishes, red, raw",,category_estimate,Paul S,16/08/2026,"Reasonable match, shape detail not captured but color matches."
04030101:PHYTCPP,"Snake gourd, long, dark green, raw",PHYTCPP,13.04,"Beans, snap, green, raw",foundation_food,regional_equivalent,0.65,"name match with preparation state 'raw' confirmed present in 'Beans, snap, green, raw', and matching edible-portion basis — not human-verified, so capped below 'exact'",reject,,"Snake gourd (Trichosanthes cucumerina, a gourd) vs green beans -- wrong category entirely, coincidental ""green"" word.",,Paul S,16/08/2026,
04030102:PHYTCPP,"Snake gourd, long, pale green, raw",PHYTCPP,13.44,"Beans, snap, green, raw",sr_legacy_food,regional_equivalent,0.65,"name match with preparation state 'raw' confirmed present in 'Beans, snap, green, raw', and matching edible-portion basis — not human-verified, so capped below 'exact'",reject,,Same wrong-category mismatch as the dark-green row.,,Paul S,16/08/2026,
04030106:PHYTCPP,"Tinda, tender, raw",PHYTCPP,5.75,"Ostrich, tenderloin, raw",sr_legacy_food,regional_equivalent,0.65,"name match with preparation state 'raw' confirmed present in 'Ostrich, tenderloin, raw', and matching edible-portion basis — not human-verified, so capped below 'exact'",reject,,"Tinda (an Indian gourd) vs OSTRICH TENDERLOIN (a meat product) -- wrong category entirely, coincidental ""tender""/""tenderloin"" word overlap.",,Paul S,16/08/2026,
04030107:PHYTCPPI,"Tomato, bitter, raw",PHYTCPPI,30.0,"Tomato, roma",foundation_food,category_proxy,0.65,weak name match (confidence 0.65) taken as a coarse stand-in only,reject,,"""Bitter"" suggests an unusual/wild variety, not confirmed as Roma -- unconfirmed specific-variety assumption.",,Paul S,16/08/2026,
04030108:PHYTCPP,"Tomato, green, raw",PHYTCPP,1.08,"Tomatoes, green, raw",sr_legacy_food,regional_equivalent,0.65,"name match with preparation state 'raw' confirmed present in 'Tomatoes, green, raw', and matching edible-portion basis — not human-verified, so capped below 'exact'",approve,"Tomatoes, green, raw",,category_estimate,Paul S,16/08/2026,Exact match.
04030109:PHYTCPPI,"Tomato, raw",PHYTCPPI,30.0,"Tomato, roma",foundation_food,category_proxy,0.65,weak name match (confidence 0.65) taken as a coarse stand-in only,reject,,Plain unspecified tomato matched to Roma specifically -- unconfirmed variety assumption.,,Paul S,16/08/2026,
04030110:PHYTCPP,"Tomato, ripe, hybrid, raw",PHYTCPP,2.59,"Tomatoes, grape, raw",foundation_food,regional_equivalent,0.65,"name match with preparation state 'raw' confirmed present in 'Tomatoes, grape, raw', and matching edible-portion basis — not human-verified, so capped below 'exact'",reject,,Unspecified ripe tomato matched to GRAPE tomato specifically -- unconfirmed small-fruited-variety assumption.,,Paul S,16/08/2026,
04030111:PHYTCPP,"Tomato, ripe, raw",PHYTCPP,2.39,"Tomatoes, grape, raw",foundation_food,regional_equivalent,0.65,"name match with preparation state 'raw' confirmed present in 'Tomatoes, grape, raw', and matching edible-portion basis — not human-verified, so capped below 'exact'",reject,,Same unconfirmed variety assumption.,,Paul S,16/08/2026,
05010006:PHYTCPP,"Banana, Montham, ripe, raw",PHYTCPP,12.49,"Bananas, overripe, raw",foundation_food,regional_equivalent,0.65,"name match with preparation state 'raw' confirmed present in 'Bananas, overripe, raw', and matching edible-portion basis — not human-verified, so capped below 'exact'",reject,,"RIPE vs OVERRIPE -- different ripeness stage, over-ripening materially changes composition, unconfirmed assumption.",,Paul S,16/08/2026,
05010007:PHYTCPP,"Banana, Poovam, ripe, raw",PHYTCPP,11.03,"Bananas, overripe, raw",foundation_food,regional_equivalent,0.65,"name match with preparation state 'raw' confirmed present in 'Bananas, overripe, raw', and matching edible-portion basis — not human-verified, so capped below 'exact'",reject,,"RIPE vs OVERRIPE -- different ripeness stage, over-ripening materially changes composition, unconfirmed assumption.",,Paul S,16/08/2026,
05010010:PHYTCPP,"Banana, red, ripe, raw",PHYTCPP,10.06,"Bananas, overripe, raw",foundation_food,regional_equivalent,0.65,"name match with preparation state 'raw' confirmed present in 'Bananas, overripe, raw', and matching edible-portion basis — not human-verified, so capped below 'exact'",reject,,"RIPE vs OVERRIPE -- different ripeness stage, over-ripening materially changes composition, unconfirmed assumption.",,Paul S,16/08/2026,
05010011:PHYTCPP,"Banana, Robusta, ripe, raw",PHYTCPP,13.98,"Bananas, overripe, raw",foundation_food,regional_equivalent,0.65,"name match with preparation state 'raw' confirmed present in 'Bananas, overripe, raw', and matching edible-portion basis — not human-verified, so capped below 'exact'",reject,,"RIPE vs OVERRIPE -- different ripeness stage, over-ripening materially changes composition, unconfirmed assumption.",,Paul S,16/08/2026,
05010016:PHYTCPP,"Mango, Kesar, ripe, raw",PHYTCPP,90.02,"Mangos, raw",sr_legacy_food,regional_equivalent,0.65,"name match with preparation state 'raw' confirmed present in 'Mangos, raw', and matching edible-portion basis — not human-verified, so capped below 'exact'",approve,"Mangos, raw",,category_estimate,Paul S,16/08/2026,Ripe mango reasonably matched to a generic raw-mango entry -- ripeness detail lost but reasonable default.
05010019:PHYTCPPD,"Mango, ripe, raw",PHYTCPPD,25.0,"Mangos, raw",sr_legacy_food,regional_equivalent,0.65,"name match with preparation state 'raw' confirmed present in 'Mangos, raw', and matching edible-portion basis — not human-verified, so capped below 'exact'",approve,"Mangos, raw",,category_estimate,Paul S,16/08/2026,Same reasoning as the Kesar row.
05010020:PHYTCPPI,"Mango, ripe, raw",PHYTCPPI,30.0,"Mangos, raw",sr_legacy_food,regional_equivalent,0.65,"name match with preparation state 'raw' confirmed present in 'Mangos, raw', and matching edible-portion basis — not human-verified, so capped below 'exact'",approve,"Mangos, raw",,category_estimate,Paul S,16/08/2026,Same reasoning as the Kesar row.
05010022:PHYTCPP,"Mangosteen, raw",PHYTCPP,16.75,"Mangos, raw",sr_legacy_food,regional_equivalent,0.65,"name match with preparation state 'raw' confirmed present in 'Mangos, raw', and matching edible-portion basis — not human-verified, so capped below 'exact'",reject,,"Mangosteen (Garcinia mangostana) is a completely different fruit/family from mango (Mangifera indica) -- false-cognate mismatch despite the shared ""mango"" substring.",,Paul S,16/08/2026,
05010031:PHYTCPP,"Papaya, raw",PHYTCPP,22.08,"Papayas, raw",sr_legacy_food,regional_equivalent,0.65,"name match with preparation state 'raw' confirmed present in 'Papayas, raw', and matching edible-portion basis — not human-verified, so capped below 'exact'",approve,"Papayas, raw",,category_estimate,Paul S,16/08/2026,Exact match.
05010038:PHYTCPPD,"Pawpaw, ripe, yellow, waxed, 8 days stored, raw",PHYTCPPD,21.804000000000002,"Peaches, yellow, raw",foundation_food,category_proxy,0.65,weak name match (confidence 0.65) taken as a coarse stand-in only,reject,,"""Pawpaw"" vs PEACHES -- wrong species, established mismatch pattern.",,Paul S,16/08/2026,
05010039:PHYTCPPD,"Pawpaw, ripe, yellow, waxed, raw",PHYTCPPD,179.828,"Peaches, yellow, raw",foundation_food,regional_equivalent,0.65,"name match with preparation state 'raw' confirmed present in 'Peaches, yellow, raw', and matching edible-portion basis — not human-verified, so capped below 'exact'",reject,,Same pawpaw/peach mismatch.,,Paul S,16/08/2026,
05010044:PHYTCPP,"Pomelo, raw",PHYTCPP,20.36,"Pummelo, raw",sr_legacy_food,regional_equivalent,0.65,"name match with preparation state 'raw' confirmed present in 'Pummelo, raw', and matching edible-portion basis — not human-verified, so capped below 'exact'",approve,"Pummelo, raw",,category_estimate,Paul S,16/08/2026,"Same fruit, alternate spelling."
05020017:PHYTCPP,"Blackberry, raw",PHYTCPP,8.97,"Blackberries, raw",sr_legacy_food,regional_equivalent,0.65,"name match with preparation state 'raw' confirmed present in 'Blackberries, raw', and matching edible-portion basis — not human-verified, so capped below 'exact'",approve,"Blackberries, raw",,category_estimate,Paul S,16/08/2026,Exact match.
05020019:PHYTCPPD,"Breadfruit, raw",PHYTCPPD,40.15,"Breadfruit, raw",sr_legacy_food,regional_equivalent,0.85,"name match with preparation state 'raw' confirmed present in 'Breadfruit, raw', and matching edible-portion basis — not human-verified, so capped below 'exact'",approve,"Breadfruit, raw",,category_estimate,Paul S,16/08/2026,Exact match.
05020020:PHYTCPP,"Cherries, red, raw",PHYTCPP,39.88,"Cherries, sour, red, raw",sr_legacy_food,regional_equivalent,0.65,"name match with preparation state 'raw' confirmed present in 'Cherries, sour, red, raw', and matching edible-portion basis — not human-verified, so capped below 'exact'",reject,,"Unspecified ""red"" cherries matched to specifically SOUR cherries -- unconfirmed variety, sweet cherries are the more common default without a qualifier.",,Paul S,16/08/2026,
05020022:PHYTCPP,"Currants, black, raw",PHYTCPP,9.6,"Currants, european black, raw",sr_legacy_food,regional_equivalent,0.65,"name match with preparation state 'raw' confirmed present in 'Currants, european black, raw', and matching edible-portion basis — not human-verified, so capped below 'exact'",approve,"Currants, european black, raw",,category_estimate,Paul S,16/08/2026,"Same species black currant, ""European"" origin detail not confirmed but reasonable."
05020025:PHYTCPP,"Emblic, raw",PHYTCPP,8.0,"Garlic, raw",foundation_food,regional_equivalent,0.65,"name match with preparation state 'raw' confirmed present in 'Garlic, raw', and matching edible-portion basis — not human-verified, so capped below 'exact'",reject,,"Emblic (Indian gooseberry) vs GARLIC -- wrong category entirely, likely a spurious low-confidence match.",,Paul S,16/08/2026,
05020027:PHYTCPP,"Fig, raw",PHYTCPP,48.59,"Figs, raw",sr_legacy_food,regional_equivalent,0.65,"name match with preparation state 'raw' confirmed present in 'Figs, raw', and matching edible-portion basis — not human-verified, so capped below 'exact'",approve,"Figs, raw",,category_estimate,Paul S,16/08/2026,Exact match.
05020034:PHYTCPP,"Grapes, seeded, round, green, raw",PHYTCPP,1.27,"Grapes, green, seedless, raw",foundation_food,regional_equivalent,0.65,"name match with preparation state 'raw' confirmed present in 'Grapes, green, seedless, raw', and matching edible-portion basis — not human-verified, so capped below 'exact'",reject,,SEEDED vs SEEDLESS -- direct contradiction.,,Paul S,16/08/2026,
05020035:PHYTCPP,"Grapes, seeded, round, red, raw",PHYTCPP,1.6,"Grapes, red, seedless, raw",foundation_food,regional_equivalent,0.65,"name match with preparation state 'raw' confirmed present in 'Grapes, red, seedless, raw', and matching edible-portion basis — not human-verified, so capped below 'exact'",reject,,SEEDED vs SEEDLESS -- direct contradiction.,,Paul S,16/08/2026,
05020036:PHYTCPP,"Grapes, seedless, oval, black, raw",PHYTCPP,1.0,"Grapes, red, seedless, raw",foundation_food,regional_equivalent,0.65,"name match with preparation state 'raw' confirmed present in 'Grapes, red, seedless, raw', and matching edible-portion basis — not human-verified, so capped below 'exact'",reject,,BLACK vs RED -- direct color contradiction.,,Paul S,16/08/2026,
05020037:PHYTCPP,"Grapes, seedless, round, black, raw",PHYTCPP,0.69,"Grapes, red, seedless, raw",foundation_food,regional_equivalent,0.65,"name match with preparation state 'raw' confirmed present in 'Grapes, red, seedless, raw', and matching edible-portion basis — not human-verified, so capped below 'exact'",reject,,Same BLACK vs RED contradiction.,,Paul S,16/08/2026,
05020043:PHYTCPPD,"Indian cucumber, whole fruit, raw",PHYTCPPD,25.2,"Cucumber, with peel, raw",foundation_food,regional_equivalent,0.65,"name match with preparation state 'raw' confirmed present in 'Cucumber, with peel, raw', and matching edible-portion basis — not human-verified, so capped below 'exact'",approve,"Cucumber, with peel, raw",,category_estimate,Paul S,16/08/2026,"Reasonable match, variety not distinguished but same species/category, ""with peel"" matches ""whole fruit""."
05020043:PPD,"Indian cucumber, whole fruit, raw",PPD,7.14,"Cucumber, with peel, raw",foundation_food,regional_equivalent,0.65,"name match with preparation state 'raw' confirmed present in 'Cucumber, with peel, raw', and matching edible-portion basis — not human-verified, so capped below 'exact'",approve,"Cucumber, with peel, raw",,category_estimate,Paul S,16/08/2026,"Reasonable match, variety not distinguished but same species/category, ""with peel"" matches ""whole fruit""."
05020045:PHYTCPP,"Jackfruit, raw",PHYTCPP,68.79,"Jackfruit, raw",sr_legacy_food,regional_equivalent,0.85,"name match with preparation state 'raw' confirmed present in 'Jackfruit, raw', and matching edible-portion basis — not human-verified, so capped below 'exact'",approve,"Jackfruit, raw",,category_estimate,Paul S,16/08/2026,Exact match.
05020046:PHYTCPP,"Jackfruit, ripe, raw",PHYTCPP,52.94,"Jackfruit, raw",sr_legacy_food,regional_equivalent,0.65,"name match with preparation state 'raw' confirmed present in 'Jackfruit, raw', and matching edible-portion basis — not human-verified, so capped below 'exact'",approve,"Jackfruit, raw",,category_estimate,Paul S,16/08/2026,"Ripeness not distinguished; jackfruit is commonly eaten ripe, reasonable default."
05020047:PHYTCPP,"Jambolan, raw",PHYTCPP,8.0,"Java-plum, (jambolan), raw",sr_legacy_food,regional_equivalent,0.65,"name match with preparation state 'raw' confirmed present in 'Java-plum, (jambolan), raw', and matching edible-portion basis — not human-verified, so capped below 'exact'",approve,"Java-plum, (jambolan), raw",,category_estimate,Paul S,16/08/2026,"Jambolan IS Java plum, same species -- excellent match, explicit synonym in candidate name."
05020050:PHYTCPPD,"Karira, raw",PHYTCPPD,23.8,"Kale, raw",foundation_food,regional_equivalent,0.65,"name match with preparation state 'raw' confirmed present in 'Kale, raw', and matching edible-portion basis — not human-verified, so capped below 'exact'",reject,,"""Karira"" (Capparis decidua, a desert shrub) is completely different from Kale -- wrong species, coincidental ""Kar-""/""Ka-"" prefix.",,Paul S,16/08/2026,
05020050:PPD,"Karira, raw",PPD,6.65,"Kale, raw",foundation_food,regional_equivalent,0.65,"name match with preparation state 'raw' confirmed present in 'Kale, raw', and matching edible-portion basis — not human-verified, so capped below 'exact'",reject,,"""Karira"" (Capparis decidua, a desert shrub) is completely different from Kale -- wrong species, coincidental ""Kar-""/""Ka-"" prefix.",,Paul S,16/08/2026,
05020052:PHYTCPP,"Litchi, raw",PHYTCPP,2.57,"Litchis, raw",sr_legacy_food,regional_equivalent,0.65,"name match with preparation state 'raw' confirmed present in 'Litchis, raw', and matching edible-portion basis — not human-verified, so capped below 'exact'",approve,"Litchis, raw",,category_estimate,Paul S,16/08/2026,Exact match.
05020057:PHYTCPP,"Pear, raw",PHYTCPP,4.83,"Pears, raw",sr_legacy_food,regional_equivalent,0.65,"name match with preparation state 'raw' confirmed present in 'Pears, raw', and matching edible-portion basis — not human-verified, so capped below 'exact'",approve,"Pears, raw",,category_estimate,Paul S,16/08/2026,Exact match.
05020060:PHYTCPP,"Pomegranate, maroon seeds, raw",PHYTCPP,45.71,"Pomegranates, raw",sr_legacy_food,regional_equivalent,0.65,"name match with preparation state 'raw' confirmed present in 'Pomegranates, raw', and matching edible-portion basis — not human-verified, so capped below 'exact'",approve,"Pomegranates, raw",,category_estimate,Paul S,16/08/2026,"Clean match, seed-color detail not captured."
05020061:PHYTCPPI,"Prickly pear, fresh flesh",PHYTCPPI,39.0,"Prickly pears, raw",sr_legacy_food,regional_equivalent,0.65,"name match with preparation state 'raw' confirmed present in 'Prickly pears, raw', and matching edible-portion basis — not human-verified, so capped below 'exact'",approve,"Prickly pears, raw",,category_estimate,Paul S,16/08/2026,"""Fresh flesh"" reasonably matches ""raw""."
05020061:PPI,"Prickly pear, fresh flesh",PPI,11.0,"Prickly pears, raw",sr_legacy_food,regional_equivalent,0.65,"name match with preparation state 'raw' confirmed present in 'Prickly pears, raw', and matching edible-portion basis — not human-verified, so capped below 'exact'",approve,"Prickly pears, raw",,category_estimate,Paul S,16/08/2026,"""Fresh flesh"" reasonably matches ""raw""."
05020070:PHYTCPP,"Soursop, raw",PHYTCPP,2.75,"Soursop, raw",sr_legacy_food,regional_equivalent,0.85,"name match with preparation state 'raw' confirmed present in 'Soursop, raw', and matching edible-portion basis — not human-verified, so capped below 'exact'",approve,"Soursop, raw",,category_estimate,Paul S,16/08/2026,Exact match.
05020074:PHYTCPP,"Tamarind, pulp, raw",PHYTCPP,3.07,"Tamarinds, raw",sr_legacy_food,regional_equivalent,0.65,"name match with preparation state 'raw' confirmed present in 'Tamarinds, raw', and matching edible-portion basis — not human-verified, so capped below 'exact'",approve,"Tamarinds, raw",,category_estimate,Paul S,16/08/2026,Pulp is the edible part -- reasonable match.
05020078:PHYTCPP,"Watermelon, dark green, raw",PHYTCPP,0.61,"Watermelon, raw",sr_legacy_food,regional_equivalent,0.65,"name match with preparation state 'raw' confirmed present in 'Watermelon, raw', and matching edible-portion basis — not human-verified, so capped below 'exact'",approve,"Watermelon, raw",,category_estimate,Paul S,16/08/2026,Color variety not captured but same fruit -- reasonable category estimate.
05020079:PHYTCPP,"Watermelon, pale green, raw",PHYTCPP,0.47,"Watermelon, raw",sr_legacy_food,regional_equivalent,0.65,"name match with preparation state 'raw' confirmed present in 'Watermelon, raw', and matching edible-portion basis — not human-verified, so capped below 'exact'",approve,"Watermelon, raw",,category_estimate,Paul S,16/08/2026,Same as above.
05020080:PHYTCPP,"Watermelon, ripe, raw",PHYTCPP,10.0,"Watermelon, raw",sr_legacy_food,regional_equivalent,0.65,"name match with preparation state 'raw' confirmed present in 'Watermelon, raw', and matching edible-portion basis — not human-verified, so capped below 'exact'",approve,"Watermelon, raw",,category_estimate,Paul S,16/08/2026,Same as above.
05020081:PHYTCPP,"Wood apple, raw",PHYTCPP,101.0,"Rose-apples, raw",sr_legacy_food,regional_equivalent,0.65,"name match with preparation state 'raw' confirmed present in 'Rose-apples, raw', and matching edible-portion basis — not human-verified, so capped below 'exact'",reject,,"Wood apple (Limonia acidissima) is completely different from Rose apple (Syzygium) -- wrong species despite the shared ""apple"" suffix.",,Paul S,16/08/2026,
05030007:PHYTCPP,"Raisins, golden",PHYTCPP,20.12,"Raisins, golden, seedless",sr_legacy_food,close_analogue,0.85,"name-matched at confidence 0.85, but preparation state/moisture basis alignment could not be confirmed automatically",approve,"Raisins, golden, seedless",,category_estimate,Paul S,16/08/2026,Seedless is a reasonable default assumption for raisins.
06010017:PHYTCPP,"Amaranth, seed, black, raw",PHYTCPP,393.0,"Amaranth leaves, raw",sr_legacy_food,regional_equivalent,0.65,"name match with preparation state 'raw' confirmed present in 'Amaranth leaves, raw', and matching edible-portion basis — not human-verified, so capped below 'exact'",reject,,Source is the SEED/grain; candidate is the LEAVES entry -- wrong plant part.,,Paul S,16/08/2026,
06010018:PHYTCPP,"Amaranth, seed, pale brown, raw",PHYTCPP,341.0,"Amaranth leaves, raw",sr_legacy_food,regional_equivalent,0.65,"name match with preparation state 'raw' confirmed present in 'Amaranth leaves, raw', and matching edible-portion basis — not human-verified, so capped below 'exact'",reject,,Same wrong-plant-part mismatch (seed vs leaves).,,Paul S,16/08/2026,
06010021:PHYTCPP,"Arecanut, red, dried",PHYTCPP,403.0,"Nuts, acorns, dried",sr_legacy_food,regional_equivalent,0.65,"name match with preparation state 'dried' confirmed present in 'Nuts, acorns, dried', and matching edible-portion basis — not human-verified, so capped below 'exact'",reject,,"Areca nut (Areca catechu) is a completely different species from acorns (Quercus) -- wrong species, coincidental ""-nut""/""acorn"" word.",,Paul S,16/08/2026,
06010030:PHYTCPP,"Blue palo verde, seed, raw",PHYTCPP,715.4656,"Pawpaw, peeled, seeded, raw",foundation_food,regional_equivalent,0.65,"name match with preparation state 'raw' confirmed present in 'Pawpaw, peeled, seeded, raw', and matching edible-portion basis — not human-verified, so capped below 'exact'",reject,,"A desert-tree seed vs PAWPAW fruit -- wrong category entirely, coincidental ""seeded"" word.",,Paul S,16/08/2026,
06010036:PHYTCPPI,"Cashew nut, raw",PHYTCPPI,290.0,"Nuts, cashew nuts, raw",sr_legacy_food,regional_equivalent,0.65,"name match with preparation state 'raw' confirmed present in 'Nuts, cashew nuts, raw', and matching edible-portion basis — not human-verified, so capped below 'exact'",approve,"Nuts, cashew nuts, raw",,category_estimate,Paul S,16/08/2026,Exact match.
06010037:PHYTC-,"Cashew nut, raw",PHYTC-,604.8,"Nuts, cashew nuts, raw",sr_legacy_food,regional_equivalent,0.65,"name match with preparation state 'raw' confirmed present in 'Nuts, cashew nuts, raw', and matching edible-portion basis — not human-verified, so capped below 'exact'",approve,"Nuts, cashew nuts, raw",,category_estimate,Paul S,16/08/2026,Exact match.
06010038:PHYTCPP,"Cashew nut, raw",PHYTCPP,929.0,"Nuts, cashew nuts, raw",sr_legacy_food,regional_equivalent,0.65,"name match with preparation state 'raw' confirmed present in 'Nuts, cashew nuts, raw', and matching edible-portion basis — not human-verified, so capped below 'exact'",approve,"Nuts, cashew nuts, raw",,category_estimate,Paul S,16/08/2026,Exact match.
06010041:PP-,"Chicory, seed flour, defatted",PP-,41.90599999999999,"Soy flour, defatted",sr_legacy_food,category_proxy,0.65,weak name match (confidence 0.65) taken as a coarse stand-in only,reject,,"Chicory seed vs SOY -- wrong species entirely; ""defatted"" processing matches but species is wrong.",,Paul S,16/08/2026,
06010051:PHYTCPP,"Desert sweet acacia, seed, raw",PHYTCPP,233.65589999999997,"Peppers, sweet, red, raw",sr_legacy_food,regional_equivalent,0.65,"name match with preparation state 'raw' confirmed present in 'Peppers, sweet, red, raw', and matching edible-portion basis — not human-verified, so capped below 'exact'",reject,,"A tree seed vs actual PEPPERS -- wrong category entirely, coincidental ""sweet"" word.",,Paul S,16/08/2026,
06010052:PHYTCPPD,"Egusi melon, seed, dehulled, dried",PHYTCPPD,2130.3,"Seeds, watermelon seed kernels, dried",sr_legacy_food,category_proxy,0.65,weak name match (confidence 0.65) taken as a coarse stand-in only,reject,,"Egusi melon is a different species from watermelon -- established ""watermelon seed kernels"" garbage-bucket mismatch pattern.",,Paul S,16/08/2026,
06010053:PHYTCPP,"Feather tree, seed, raw",PHYTCPP,134.7012,"Seeds, breadnut tree seeds, raw",sr_legacy_food,regional_equivalent,0.65,"name match with preparation state 'raw' confirmed present in 'Seeds, breadnut tree seeds, raw', and matching edible-portion basis — not human-verified, so capped below 'exact'",reject,,"Different tree species -- established ""breadnut tree seeds"" garbage-bucket mismatch pattern.",,Paul S,16/08/2026,
06010062:PHYTCPPI,"Golden shower, seed flour, dehulled, defatted",PHYTCPPI,198.05100000000002,"Seeds, sunflower seed flour, partially defatted",sr_legacy_food,category_proxy,0.65,weak name match (confidence 0.65) taken as a coarse stand-in only,reject,,Golden shower (Cassia fistula) vs SUNFLOWER -- wrong species; also fully-defatted vs partially-defatted processing-degree mismatch.,,Paul S,16/08/2026,
06010072:PHYT-,"Groundnut, dried",PHYT-,2110.0,"Nuts, ginkgo nuts, dried",sr_legacy_food,regional_equivalent,0.65,"name match with preparation state 'dried' confirmed present in 'Nuts, ginkgo nuts, dried', and matching edible-portion basis — not human-verified, so capped below 'exact'",reject,,"Peanut vs GINKGO NUT -- wrong species entirely, coincidental generic ""dried""/""nut"" overlap.",,Paul S,16/08/2026,
06010073:PHYTCPPI,"Groundnut, fresh, raw",PHYTCPPI,590.0,"Pork, fresh, ground, raw",sr_legacy_food,regional_equivalent,0.65,"name match with preparation state 'raw' confirmed present in 'Pork, fresh, ground, raw', and matching edible-portion basis — not human-verified, so capped below 'exact'",reject,,"Peanut (a plant) vs PORK (ground meat) -- wrong category entirely, coincidental ""ground(nut)""/""ground (pork)"" word overlap, same pattern as the Bambara/lamb mismatches.",,Paul S,16/08/2026,
06010083:PHYT-,"Jackfruit, seed, raw",PHYT-,110.0,"Jackfruit, raw",sr_legacy_food,regional_equivalent,0.65,"name match with preparation state 'raw' confirmed present in 'Jackfruit, raw', and matching edible-portion basis — not human-verified, so capped below 'exact'",reject,,"Established wrong-plant-part, seed vs flesh.",,Paul S,16/08/2026,
06010089:PHYTCPP,"Linseed, raw",PHYTCPP,1859.0,"Limes, raw",sr_legacy_food,regional_equivalent,0.65,"name match with preparation state 'raw' confirmed present in 'Limes, raw', and matching edible-portion basis — not human-verified, so capped below 'exact'",reject,,"Linseed (flaxseed) vs LIMES -- wrong category entirely, coincidental ""Lin-""/""Lim-"" prefix.",,Paul S,16/08/2026,
06010098:PHYTCPPI,"Macadamia nut, raw",PHYTCPPI,150.0,"Nuts, macadamia nuts, raw",foundation_food,regional_equivalent,0.65,"name match with preparation state 'raw' confirmed present in 'Nuts, macadamia nuts, raw', and matching edible-portion basis — not human-verified, so capped below 'exact'",approve,"Nuts, macadamia nuts, raw",,category_estimate,Paul S,16/08/2026,Exact match.
06010099:PHYT-,"Macadamia nuts, raw",PHYT-,1310.0,"Nuts, macadamia nuts, raw",foundation_food,regional_equivalent,0.65,"name match with preparation state 'raw' confirmed present in 'Nuts, macadamia nuts, raw', and matching edible-portion basis — not human-verified, so capped below 'exact'",approve,"Nuts, macadamia nuts, raw",,category_estimate,Paul S,16/08/2026,Exact match.
06010118:IP6,"Monkey-bread, seed, dried",IP6,4657.85,"Seeds, breadnut tree seeds, dried",sr_legacy_food,regional_equivalent,0.65,"name match with preparation state 'dried' confirmed present in 'Seeds, breadnut tree seeds, dried', and matching edible-portion basis — not human-verified, so capped below 'exact'",reject,,"""Monkey-bread"" is a common name for baobab (Adansonia), a different species from breadnut (Brosimum/Artocarpus).",,Paul S,16/08/2026,
06010119:PHYTCPPD,"Musk melon, seed, dehulled, dried",PHYTCPPD,2519.0200000000004,"Seeds, watermelon seed kernels, dried",sr_legacy_food,category_proxy,0.65,weak name match (confidence 0.65) taken as a coarse stand-in only,reject,,Musk melon/cantaloupe is a different species from watermelon -- established garbage-bucket mismatch pattern.,,Paul S,16/08/2026,
06010120:PHYTCPP,"Mustard, seed, raw",PHYTCPP,132.0,"Mustard greens, raw",sr_legacy_food,regional_equivalent,0.65,"name match with preparation state 'raw' confirmed present in 'Mustard greens, raw', and matching edible-portion basis — not human-verified, so capped below 'exact'",reject,,"SEED vs GREENS/leaves -- wrong plant part, established pattern.",,Paul S,16/08/2026,
06010123:PHYTCPP,"Niger seed, gray, raw",PHYTCPP,1709.0,"Grapes, red, seedless, raw",foundation_food,regional_equivalent,0.65,"name match with preparation state 'raw' confirmed present in 'Grapes, red, seedless, raw', and matching edible-portion basis — not human-verified, so capped below 'exact'",reject,,"Niger seed (Guizotia abyssinica, an oilseed) vs GRAPES -- wrong category entirely.",,Paul S,16/08/2026,
06010127:IP6,"Peanut, raw",IP6,1994.652,"Peanuts, raw",foundation_food,regional_equivalent,0.65,"name match with preparation state 'raw' confirmed present in 'Peanuts, raw', and matching edible-portion basis — not human-verified, so capped below 'exact'",approve,"Peanuts, raw",,category_estimate,Paul S,16/08/2026,Exact match.
06010139:IP5,"Peanut, raw",IP5,139.356,"Peanuts, raw",foundation_food,regional_equivalent,0.65,"name match with preparation state 'raw' confirmed present in 'Peanuts, raw', and matching edible-portion basis — not human-verified, so capped below 'exact'",approve,"Peanuts, raw",,category_estimate,Paul S,16/08/2026,Exact match.
06010139:IP5_A_IP6,"Peanut, raw",IP5_A_IP6,771.672,"Peanuts, raw",foundation_food,regional_equivalent,0.65,"name match with preparation state 'raw' confirmed present in 'Peanuts, raw', and matching edible-portion basis — not human-verified, so capped below 'exact'",approve,"Peanuts, raw",,category_estimate,Paul S,16/08/2026,Exact match.
06010139:IP6,"Peanut, raw",IP6,632.316,"Peanuts, raw",foundation_food,regional_equivalent,0.65,"name match with preparation state 'raw' confirmed present in 'Peanuts, raw', and matching edible-portion basis — not human-verified, so capped below 'exact'",approve,"Peanuts, raw",,category_estimate,Paul S,16/08/2026,Exact match.
06010140:PHYTC-,"Peanut, raw",PHYTC-,987.0,"Peanuts, raw",foundation_food,regional_equivalent,0.65,"name match with preparation state 'raw' confirmed present in 'Peanuts, raw', and matching edible-portion basis — not human-verified, so capped below 'exact'",approve,"Peanuts, raw",,category_estimate,Paul S,16/08/2026,Exact match.
06010141:IP6,"Peanut, raw",IP6,0.33,"Peanuts, raw",foundation_food,regional_equivalent,0.65,"name match with preparation state 'raw' confirmed present in 'Peanuts, raw', and matching edible-portion basis — not human-verified, so capped below 'exact'",approve,"Peanuts, raw",,category_estimate,Paul S,16/08/2026,Exact match.
06010144:PHYTCPPI,"Peanut, Virginia VA 98R, raw",PHYTCPPI,170.0,"Peanuts, virginia, raw",sr_legacy_food,regional_equivalent,0.65,"name match with preparation state 'raw' confirmed present in 'Peanuts, virginia, raw', and matching edible-portion basis — not human-verified, so capped below 'exact'",approve,"Peanuts, virginia, raw",,category_estimate,Paul S,16/08/2026,"Cultivar-specific, Virginia-type generic reasonable match."
06010146:PHYTCPPI,"Pecan nut, Desirable, raw",PHYTCPPI,180.0,"Nuts, pecans, halves, raw",foundation_food,regional_equivalent,0.65,"name match with preparation state 'raw' confirmed present in 'Nuts, pecans, halves, raw', and matching edible-portion basis — not human-verified, so capped below 'exact'",approve,"Nuts, pecans, halves, raw",,category_estimate,Paul S,16/08/2026,"Cultivar-specific, generic pecan halves reasonable, form detail a minor caveat."
06010150:PHYTCPPI,"Pine nut, raw",PHYTCPPI,200.0,"Nuts, pine nuts, raw",foundation_food,regional_equivalent,0.65,"name match with preparation state 'raw' confirmed present in 'Nuts, pine nuts, raw', and matching edible-portion basis — not human-verified, so capped below 'exact'",approve,"Nuts, pine nuts, raw",,category_estimate,Paul S,16/08/2026,Exact match.
06010151:PHYTCPP,"Pine nut, raw",PHYTCPP,883.0,"Nuts, pine nuts, raw",foundation_food,regional_equivalent,0.65,"name match with preparation state 'raw' confirmed present in 'Nuts, pine nuts, raw', and matching edible-portion basis — not human-verified, so capped below 'exact'",approve,"Nuts, pine nuts, raw",,category_estimate,Paul S,16/08/2026,Exact match.
06010155:IP6,"Poppy seed, McCormick",IP6,75.0,"Spices, poppy seed",sr_legacy_food,category_proxy,0.65,weak name match (confidence 0.65) taken as a coarse stand-in only,approve,"Spices, poppy seed",,category_estimate,Paul S,16/08/2026,"Brand not captured, category correct."
06010172:PHYTCPPD,"Squash gourd, seed, dehulled, dried",PHYTCPPD,1901.988,"Seeds, pumpkin and squash seed kernels, dried",sr_legacy_food,category_proxy,0.65,weak name match (confidence 0.65) taken as a coarse stand-in only,approve,"Seeds, pumpkin and squash seed kernels, dried",,category_estimate,Paul S,16/08/2026,"Same family, reasonable match."
06010175:PHYTCPPI,"Ukpo, seed, boiled",PHYTCPPI,173.6261,"Seeds, breadfruit seeds, boiled",sr_legacy_food,category_proxy,0.65,weak name match (confidence 0.65) taken as a coarse stand-in only,reject,,"""Ukpo"" is a different species from breadfruit -- same ""breadfruit seeds"" garbage-bucket pattern established for Achi/Ofo/African oil bean.",,Paul S,16/08/2026,
06010177:PHYTCPPD,"Umbrella thorn, seed, raw",PHYTCPPD,2348.56,"Seeds, breadnut tree seeds, raw",sr_legacy_food,regional_equivalent,0.65,"name match with preparation state 'raw' confirmed present in 'Seeds, breadnut tree seeds, raw', and matching edible-portion basis — not human-verified, so capped below 'exact'",reject,,"Umbrella thorn (Vachellia tortilis, an acacia) vs breadnut tree -- wrong species, established garbage-bucket-ish pattern.",,Paul S,16/08/2026,
06010184:PHYT-,"Water melon, seed, dried",PHYT-,970.0,"Seeds, watermelon seed kernels, dried",sr_legacy_food,regional_equivalent,0.65,"name match with preparation state 'dried' confirmed present in 'Seeds, watermelon seed kernels, dried', and matching edible-portion basis — not human-verified, so capped below 'exact'",approve,"Seeds, watermelon seed kernels, dried",,category_estimate,Paul S,16/08/2026,"Genuinely watermelon seed matched to watermelon seed -- correct, unlike the many unrelated-species mismatches to this same candidate elsewhere in this review."
06010193:PHYTCPP,"Wattle seed, Saligna, raw",PHYTCPP,90.4,"Seaweed, wakame, raw",sr_legacy_food,regional_equivalent,0.65,"name match with preparation state 'raw' confirmed present in 'Seaweed, wakame, raw', and matching edible-portion basis — not human-verified, so capped below 'exact'",reject,,"A tree seed (Acacia saligna) vs SEAWEED -- wrong category entirely, coincidental ""Wattle""/""Wakame"" phonetic similarity.",,Paul S,16/08/2026,
11010001:PHYTCPPI,"Milk, breastmilk, raw",PHYTCPPI,0.0,"Quail, breast, meat only, raw",sr_legacy_food,regional_equivalent,0.65,"name match with preparation state 'raw' confirmed present in 'Quail, breast, meat only, raw', and matching edible-portion basis — not human-verified, so capped below 'exact'",reject,,"Human breastmilk vs QUAIL BREAST MEAT -- wrong category entirely, coincidental ""breast"" word.",,Paul S,16/08/2026,
13050001:PHYTC-,"Beverage powder, Soygen",PHYTC-,819.0,"Beverages, Protein powder soy based",sr_legacy_food,category_proxy,0.65,weak name match (confidence 0.65) taken as a coarse stand-in only,approve,"Beverages, Protein powder soy based",,category_estimate,Paul S,16/08/2026,Soygen is a historical soy-based beverage/protein product -- reasonable category match.
14030006:PHYTC-,"Snackbar, Granny's, ""all fruits"", Granny's",PHYTC-,539.5,"Snacks, NUTRI-GRAIN FRUIT AND NUT BAR",sr_legacy_food,category_proxy,0.65,weak name match (confidence 0.65) taken as a coarse stand-in only,approve,"Snacks, NUTRI-GRAIN FRUIT AND NUT BAR",,category_estimate,Paul S,16/08/2026,"Reasonable category match, brand differs but fruit/nut bar category correct."
14030010:PHYTC-,"Snackbar, Granny's, ""mixed fruit and nuts"", Granny's",PHYTC-,481.0,"Snacks, NUTRI-GRAIN FRUIT AND NUT BAR",sr_legacy_food,category_proxy,0.65,weak name match (confidence 0.65) taken as a coarse stand-in only,approve,"Snacks, NUTRI-GRAIN FRUIT AND NUT BAR",,category_estimate,Paul S,16/08/2026,Same reasonable category match.
14030012:PHYTC-,"Snackbar, nuts and oats, Nutoata",PHYTC-,418.5,"Snacks, NUTRI-GRAIN FRUIT AND NUT BAR",sr_legacy_food,category_proxy,0.65,weak name match (confidence 0.65) taken as a coarse stand-in only,reject,,"""Nuts and oats"" (no fruit) vs a ""FRUIT AND NUT"" bar -- compositional mismatch, fruit component not in source.",,Paul S,16/08/2026,
15010001:PHYTCPP,"African basil (scent leaves), dried",PHYTCPP,3.9,"Spices, basil, dried",sr_legacy_food,regional_equivalent,0.65,"name match with preparation state 'dried' confirmed present in 'Spices, basil, dried', and matching edible-portion basis — not human-verified, so capped below 'exact'",approve,"Spices, basil, dried",,category_estimate,Paul S,16/08/2026,African basil (Ocimum gratissimum) is a real basil-genus species -- reasonable category estimate.
15010003:PHYTC-,"African basil, dried",PHYTC-,0.3,"Spices, basil, dried",sr_legacy_food,regional_equivalent,0.65,"name match with preparation state 'dried' confirmed present in 'Spices, basil, dried', and matching edible-portion basis — not human-verified, so capped below 'exact'",approve,"Spices, basil, dried",,category_estimate,Paul S,16/08/2026,Same reasonable category estimate.
15010008:PHYTCPP,"African pepper seed, dried",PHYTCPP,782.808,"Spices, pepper, black",sr_legacy_food,close_analogue,0.95,"name-matched at confidence 0.95, but preparation state/moisture basis alignment could not be confirmed automatically",reject,,"""African pepper"" often refers to a different plant genus (e.g. grains of Selim) than true black pepper (Piper nigrum) -- same genus-uncertainty caution as the ""Alligator pepper"" mismatch elsewhere in this review.",,Paul S,16/08/2026,
15010018:PHYTCPP,"Cardamom, black, dried",PHYTCPP,670.0,"Nuts, walnuts, black, dried",sr_legacy_food,regional_equivalent,0.65,"name match with preparation state 'dried' confirmed present in 'Nuts, walnuts, black, dried', and matching edible-portion basis — not human-verified, so capped below 'exact'",reject,,"A spice (Amomum subulatum) vs WALNUTS -- wrong category entirely, coincidental ""black, dried"" word overlap.",,Paul S,16/08/2026,
15010059:PHYTCPP,"Garlic, small clove, raw",PHYTCPP,35.43,"Garlic, raw",foundation_food,regional_equivalent,0.65,"name match with preparation state 'raw' confirmed present in 'Garlic, raw', and matching edible-portion basis — not human-verified, so capped below 'exact'",approve,"Garlic, raw",,category_estimate,Paul S,16/08/2026,Clean match.
15010061:PHYTCPP,"Ginger, fresh, raw",PHYTCPP,14.5,"Ginger root, raw",sr_legacy_food,regional_equivalent,0.65,"name match with preparation state 'raw' confirmed present in 'Ginger root, raw', and matching edible-portion basis — not human-verified, so capped below 'exact'",approve,"Ginger root, raw",,category_estimate,Paul S,16/08/2026,Clean match.
15010075:PHYTCPP,"Parsley, raw",PHYTCPP,54.32,"Parsnips, raw",foundation_food,regional_equivalent,0.65,"name match with preparation state 'raw' confirmed present in 'Parsnips, raw', and matching edible-portion basis — not human-verified, so capped below 'exact'",reject,,"Parsley (an herb/leafy green) vs parsnip (a root vegetable) -- different plant entirely, coincidental ""Pars-"" name-prefix overlap.",,Paul S,16/08/2026,
16010012:PHYTCPPI,"Baby food, commercially produced (rice, groundnut)",PHYTCPPI,0.032215,"Babyfood, cereal, rice, dry fortified",sr_legacy_food,close_analogue,0.7,"name-matched at confidence 0.70, but preparation state/moisture basis alignment could not be confirmed automatically",approve,"Babyfood, cereal, rice, dry fortified",,category_estimate,Paul S,16/08/2026,Rice explicitly stated and correctly matched; groundnut/peanut component not captured by a single-nutrient cereal candidate but the grain-cereal component is right.
16010038:IP5_A_IP6,"Infant flour, cereal-based, commercially produced, fortified",IP5_A_IP6,598.17,"Babyfood, cereal, barley, dry fortified",sr_legacy_food,close_analogue,0.7,"name-matched at confidence 0.70, but preparation state/moisture basis alignment could not be confirmed automatically",replace,"Babyfood, cereal, mixed, dry fortified",,category_estimate,Paul S,16/08/2026,Source does not state a grain; candidate defaults to barley -- same arbitrary-grain-assignment issue found and fixed in review_5_infant_flour_cluster.csv and review_6_accepted_sample.csv. Replaced with the mixed-grain generic for consistency.
16010040:IP5_A_IP6,"Infant flour, cereal-based, commercially produced, fortified",IP5_A_IP6,508.346,"Babyfood, cereal, barley, dry fortified",sr_legacy_food,close_analogue,0.7,"name-matched at confidence 0.70, but preparation state/moisture basis alignment could not be confirmed automatically",replace,"Babyfood, cereal, mixed, dry fortified",,category_estimate,Paul S,16/08/2026,Source does not state a grain; candidate defaults to barley -- same arbitrary-grain-assignment issue found and fixed in review_5_infant_flour_cluster.csv and review_6_accepted_sample.csv. Replaced with the mixed-grain generic for consistency.
16010041:IP5_A_IP6,"Infant flour, cereal-based, commercially produced, fortified",IP5_A_IP6,535.34,"Babyfood, cereal, barley, dry fortified",sr_legacy_food,close_analogue,0.7,"name-matched at confidence 0.70, but preparation state/moisture basis alignment could not be confirmed automatically",replace,"Babyfood, cereal, mixed, dry fortified",,category_estimate,Paul S,16/08/2026,Source does not state a grain; candidate defaults to barley -- same arbitrary-grain-assignment issue found and fixed in review_5_infant_flour_cluster.csv and review_6_accepted_sample.csv. Replaced with the mixed-grain generic for consistency.
16010042:IP5_A_IP6,"Infant flour, cereal-based, commercially produced, fortified",IP5_A_IP6,303.18,"Babyfood, cereal, barley, dry fortified",sr_legacy_food,close_analogue,0.7,"name-matched at confidence 0.70, but preparation state/moisture basis alignment could not be confirmed automatically",replace,"Babyfood, cereal, mixed, dry fortified",,category_estimate,Paul S,16/08/2026,Source does not state a grain; candidate defaults to barley -- same arbitrary-grain-assignment issue found and fixed in review_5_infant_flour_cluster.csv and review_6_accepted_sample.csv. Replaced with the mixed-grain generic for consistency.
16010043:IP5_A_IP6,"Infant flour, cereal-based, commercially produced, fortified",IP5_A_IP6,107.068,"Babyfood, cereal, barley, dry fortified",sr_legacy_food,close_analogue,0.7,"name-matched at confidence 0.70, but preparation state/moisture basis alignment could not be confirmed automatically",replace,"Babyfood, cereal, mixed, dry fortified",,category_estimate,Paul S,16/08/2026,Source does not state a grain; candidate defaults to barley -- same arbitrary-grain-assignment issue found and fixed in review_5_infant_flour_cluster.csv and review_6_accepted_sample.csv. Replaced with the mixed-grain generic for consistency.
16010044:IP5_A_IP6,"Infant flour, cereal-based, commercially produced, fortified",IP5_A_IP6,560.978,"Babyfood, cereal, barley, dry fortified",sr_legacy_food,close_analogue,0.7,"name-matched at confidence 0.70, but preparation state/moisture basis alignment could not be confirmed automatically",replace,"Babyfood, cereal, mixed, dry fortified",,category_estimate,Paul S,16/08/2026,Source does not state a grain; candidate defaults to barley -- same arbitrary-grain-assignment issue found and fixed in review_5_infant_flour_cluster.csv and review_6_accepted_sample.csv. Replaced with the mixed-grain generic for consistency.
16010045:IP5_A_IP6,"Infant flour, cereal-based, commercially produced, fortified",IP5_A_IP6,561.974,"Babyfood, cereal, barley, dry fortified",sr_legacy_food,close_analogue,0.7,"name-matched at confidence 0.70, but preparation state/moisture basis alignment could not be confirmed automatically",replace,"Babyfood, cereal, mixed, dry fortified",,category_estimate,Paul S,16/08/2026,Source does not state a grain; candidate defaults to barley -- same arbitrary-grain-assignment issue found and fixed in review_5_infant_flour_cluster.csv and review_6_accepted_sample.csv. Replaced with the mixed-grain generic for consistency.
16010046:IP5_A_IP6,"Infant flour, cereal-based, commercially produced, fortified",IP5_A_IP6,433.92,"Babyfood, cereal, barley, dry fortified",sr_legacy_food,close_analogue,0.7,"name-matched at confidence 0.70, but preparation state/moisture basis alignment could not be confirmed automatically",replace,"Babyfood, cereal, mixed, dry fortified",,category_estimate,Paul S,16/08/2026,Source does not state a grain; candidate defaults to barley -- same arbitrary-grain-assignment issue found and fixed in review_5_infant_flour_cluster.csv and review_6_accepted_sample.csv. Replaced with the mixed-grain generic for consistency.
16010047:IP5_A_IP6,"Infant flour, cereal-based, commercially produced, fortified",IP5_A_IP6,408.96,"Babyfood, cereal, barley, dry fortified",sr_legacy_food,close_analogue,0.7,"name-matched at confidence 0.70, but preparation state/moisture basis alignment could not be confirmed automatically",replace,"Babyfood, cereal, mixed, dry fortified",,category_estimate,Paul S,16/08/2026,Source does not state a grain; candidate defaults to barley -- same arbitrary-grain-assignment issue found and fixed in review_5_infant_flour_cluster.csv and review_6_accepted_sample.csv. Replaced with the mixed-grain generic for consistency.
16010048:IP5_A_IP6,"Infant flour, cereal-based, commercially produced, fortified",IP5_A_IP6,441.005,"Babyfood, cereal, barley, dry fortified",sr_legacy_food,close_analogue,0.7,"name-matched at confidence 0.70, but preparation state/moisture basis alignment could not be confirmed automatically",replace,"Babyfood, cereal, mixed, dry fortified",,category_estimate,Paul S,16/08/2026,Source does not state a grain; candidate defaults to barley -- same arbitrary-grain-assignment issue found and fixed in review_5_infant_flour_cluster.csv and review_6_accepted_sample.csv. Replaced with the mixed-grain generic for consistency.
16010050:IP5_A_IP6,"Infant flour, cereal-based, commercially produced, fortified",IP5_A_IP6,580.32,"Babyfood, cereal, barley, dry fortified",sr_legacy_food,close_analogue,0.7,"name-matched at confidence 0.70, but preparation state/moisture basis alignment could not be confirmed automatically",replace,"Babyfood, cereal, mixed, dry fortified",,category_estimate,Paul S,16/08/2026,Source does not state a grain; candidate defaults to barley -- same arbitrary-grain-assignment issue found and fixed in review_5_infant_flour_cluster.csv and review_6_accepted_sample.csv. Replaced with the mixed-grain generic for consistency.
16010051:IP5_A_IP6,"Infant flour, cereal-based, commercially produced, fortified",IP5_A_IP6,465.192,"Babyfood, cereal, barley, dry fortified",sr_legacy_food,close_analogue,0.7,"name-matched at confidence 0.70, but preparation state/moisture basis alignment could not be confirmed automatically",replace,"Babyfood, cereal, mixed, dry fortified",,category_estimate,Paul S,16/08/2026,Source does not state a grain; candidate defaults to barley -- same arbitrary-grain-assignment issue found and fixed in review_5_infant_flour_cluster.csv and review_6_accepted_sample.csv. Replaced with the mixed-grain generic for consistency.
16010052:IP5_A_IP6,"Infant flour, cereal-based, commercially produced, fortified",IP5_A_IP6,142.416,"Babyfood, cereal, barley, dry fortified",sr_legacy_food,close_analogue,0.7,"name-matched at confidence 0.70, but preparation state/moisture basis alignment could not be confirmed automatically",replace,"Babyfood, cereal, mixed, dry fortified",,category_estimate,Paul S,16/08/2026,Source does not state a grain; candidate defaults to barley -- same arbitrary-grain-assignment issue found and fixed in review_5_infant_flour_cluster.csv and review_6_accepted_sample.csv. Replaced with the mixed-grain generic for consistency.
16010053:IP5_A_IP6,"Infant flour, cereal-based, commercially produced, fortified",IP5_A_IP6,215.698,"Babyfood, cereal, barley, dry fortified",sr_legacy_food,close_analogue,0.7,"name-matched at confidence 0.70, but preparation state/moisture basis alignment could not be confirmed automatically",replace,"Babyfood, cereal, mixed, dry fortified",,category_estimate,Paul S,16/08/2026,Source does not state a grain; candidate defaults to barley -- same arbitrary-grain-assignment issue found and fixed in review_5_infant_flour_cluster.csv and review_6_accepted_sample.csv. Replaced with the mixed-grain generic for consistency.
16010054:IP5_A_IP6,"Infant flour, cereal-based, commercially produced, fortified",IP5_A_IP6,144.394,"Babyfood, cereal, barley, dry fortified",sr_legacy_food,close_analogue,0.7,"name-matched at confidence 0.70, but preparation state/moisture basis alignment could not be confirmed automatically",replace,"Babyfood, cereal, mixed, dry fortified",,category_estimate,Paul S,16/08/2026,Source does not state a grain; candidate defaults to barley -- same arbitrary-grain-assignment issue found and fixed in review_5_infant_flour_cluster.csv and review_6_accepted_sample.csv. Replaced with the mixed-grain generic for consistency.
16010055:IP5_A_IP6,"Infant flour, cereal-based, commercially produced, fortified",IP5_A_IP6,17.712,"Babyfood, cereal, barley, dry fortified",sr_legacy_food,close_analogue,0.7,"name-matched at confidence 0.70, but preparation state/moisture basis alignment could not be confirmed automatically",replace,"Babyfood, cereal, mixed, dry fortified",,category_estimate,Paul S,16/08/2026,Source does not state a grain; candidate defaults to barley -- same arbitrary-grain-assignment issue found and fixed in review_5_infant_flour_cluster.csv and review_6_accepted_sample.csv. Replaced with the mixed-grain generic for consistency.
16010056:IP5_A_IP6,"Infant flour, cereal-based, commercially produced, fortified",IP5_A_IP6,6.9895,"Babyfood, cereal, barley, dry fortified",sr_legacy_food,close_analogue,0.7,"name-matched at confidence 0.70, but preparation state/moisture basis alignment could not be confirmed automatically",replace,"Babyfood, cereal, mixed, dry fortified",,category_estimate,Paul S,16/08/2026,Source does not state a grain; candidate defaults to barley -- same arbitrary-grain-assignment issue found and fixed in review_5_infant_flour_cluster.csv and review_6_accepted_sample.csv. Replaced with the mixed-grain generic for consistency.
16010057:IP5_A_IP6,"Infant flour, cereal-based, commercially produced, fortified",IP5_A_IP6,127.744,"Babyfood, cereal, barley, dry fortified",sr_legacy_food,close_analogue,0.7,"name-matched at confidence 0.70, but preparation state/moisture basis alignment could not be confirmed automatically",replace,"Babyfood, cereal, mixed, dry fortified",,category_estimate,Paul S,16/08/2026,Source does not state a grain; candidate defaults to barley -- same arbitrary-grain-assignment issue found and fixed in review_5_infant_flour_cluster.csv and review_6_accepted_sample.csv. Replaced with the mixed-grain generic for consistency.
16010058:IP5_A_IP6,"Infant flour, cereal-based, commercially produced, fortified",IP5_A_IP6,193.612,"Babyfood, cereal, barley, dry fortified",sr_legacy_food,close_analogue,0.7,"name-matched at confidence 0.70, but preparation state/moisture basis alignment could not be confirmed automatically",replace,"Babyfood, cereal, mixed, dry fortified",,category_estimate,Paul S,16/08/2026,Source does not state a grain; candidate defaults to barley -- same arbitrary-grain-assignment issue found and fixed in review_5_infant_flour_cluster.csv and review_6_accepted_sample.csv. Replaced with the mixed-grain generic for consistency.
16010059:IP5_A_IP6,"Infant flour, cereal-based, commercially produced, fortified",IP5_A_IP6,222.5763,"Babyfood, cereal, barley, dry fortified",sr_legacy_food,close_analogue,0.7,"name-matched at confidence 0.70, but preparation state/moisture basis alignment could not be confirmed automatically",replace,"Babyfood, cereal, mixed, dry fortified",,category_estimate,Paul S,16/08/2026,Source does not state a grain; candidate defaults to barley -- same arbitrary-grain-assignment issue found and fixed in review_5_infant_flour_cluster.csv and review_6_accepted_sample.csv. Replaced with the mixed-grain generic for consistency.
16010060:IP5_A_IP6,"Infant flour, cereal-based, commercially produced, fortified",IP5_A_IP6,216.0669,"Babyfood, cereal, barley, dry fortified",sr_legacy_food,close_analogue,0.7,"name-matched at confidence 0.70, but preparation state/moisture basis alignment could not be confirmed automatically",replace,"Babyfood, cereal, mixed, dry fortified",,category_estimate,Paul S,16/08/2026,Source does not state a grain; candidate defaults to barley -- same arbitrary-grain-assignment issue found and fixed in review_5_infant_flour_cluster.csv and review_6_accepted_sample.csv. Replaced with the mixed-grain generic for consistency.
16010061:IP5_A_IP6,"Infant flour, cereal-based, commercially produced, fortified",IP5_A_IP6,74.9175,"Babyfood, cereal, barley, dry fortified",sr_legacy_food,close_analogue,0.7,"name-matched at confidence 0.70, but preparation state/moisture basis alignment could not be confirmed automatically",replace,"Babyfood, cereal, mixed, dry fortified",,category_estimate,Paul S,16/08/2026,Source does not state a grain; candidate defaults to barley -- same arbitrary-grain-assignment issue found and fixed in review_5_infant_flour_cluster.csv and review_6_accepted_sample.csv. Replaced with the mixed-grain generic for consistency.
16010062:IP5_A_IP6,"Infant flour, cereal-based, commercially produced, fortified",IP5_A_IP6,297.6126,"Babyfood, cereal, barley, dry fortified",sr_legacy_food,close_analogue,0.7,"name-matched at confidence 0.70, but preparation state/moisture basis alignment could not be confirmed automatically",replace,"Babyfood, cereal, mixed, dry fortified",,category_estimate,Paul S,16/08/2026,Source does not state a grain; candidate defaults to barley -- same arbitrary-grain-assignment issue found and fixed in review_5_infant_flour_cluster.csv and review_6_accepted_sample.csv. Replaced with the mixed-grain generic for consistency.
16010063:IP5_A_IP6,"Infant flour, cereal-based, commercially produced, fortified",IP5_A_IP6,93.8496,"Babyfood, cereal, barley, dry fortified",sr_legacy_food,close_analogue,0.7,"name-matched at confidence 0.70, but preparation state/moisture basis alignment could not be confirmed automatically",replace,"Babyfood, cereal, mixed, dry fortified",,category_estimate,Paul S,16/08/2026,Source does not state a grain; candidate defaults to barley -- same arbitrary-grain-assignment issue found and fixed in review_5_infant_flour_cluster.csv and review_6_accepted_sample.csv. Replaced with the mixed-grain generic for consistency.
16010064:IP5_A_IP6,"Infant flour, cereal-based, commercially produced, fortified",IP5_A_IP6,0.0,"Babyfood, cereal, barley, dry fortified",sr_legacy_food,close_analogue,0.7,"name-matched at confidence 0.70, but preparation state/moisture basis alignment could not be confirmed automatically",replace,"Babyfood, cereal, mixed, dry fortified",,category_estimate,Paul S,16/08/2026,Source does not state a grain; candidate defaults to barley -- same arbitrary-grain-assignment issue found and fixed in review_5_infant_flour_cluster.csv and review_6_accepted_sample.csv. Replaced with the mixed-grain generic for consistency.
16010065:IP5_A_IP6,"Infant flour, cereal-based, commercially produced, fortified",IP5_A_IP6,60.8048,"Babyfood, cereal, barley, dry fortified",sr_legacy_food,close_analogue,0.7,"name-matched at confidence 0.70, but preparation state/moisture basis alignment could not be confirmed automatically",replace,"Babyfood, cereal, mixed, dry fortified",,category_estimate,Paul S,16/08/2026,Source does not state a grain; candidate defaults to barley -- same arbitrary-grain-assignment issue found and fixed in review_5_infant_flour_cluster.csv and review_6_accepted_sample.csv. Replaced with the mixed-grain generic for consistency.
16010066:IP5_A_IP6,"Infant flour, cereal-based, commercially produced, fortified",IP5_A_IP6,284.259,"Babyfood, cereal, barley, dry fortified",sr_legacy_food,close_analogue,0.7,"name-matched at confidence 0.70, but preparation state/moisture basis alignment could not be confirmed automatically",replace,"Babyfood, cereal, mixed, dry fortified",,category_estimate,Paul S,16/08/2026,Source does not state a grain; candidate defaults to barley -- same arbitrary-grain-assignment issue found and fixed in review_5_infant_flour_cluster.csv and review_6_accepted_sample.csv. Replaced with the mixed-grain generic for consistency.
16010067:IP5_A_IP6,"Infant flour, cereal-based, commercially produced, fortified",IP5_A_IP6,255.616,"Babyfood, cereal, barley, dry fortified",sr_legacy_food,close_analogue,0.7,"name-matched at confidence 0.70, but preparation state/moisture basis alignment could not be confirmed automatically",replace,"Babyfood, cereal, mixed, dry fortified",,category_estimate,Paul S,16/08/2026,Source does not state a grain; candidate defaults to barley -- same arbitrary-grain-assignment issue found and fixed in review_5_infant_flour_cluster.csv and review_6_accepted_sample.csv. Replaced with the mixed-grain generic for consistency.
16010068:IP5_A_IP6,"Infant flour, cereal-based, commercially produced, fortified",IP5_A_IP6,169.796,"Babyfood, cereal, barley, dry fortified",sr_legacy_food,close_analogue,0.7,"name-matched at confidence 0.70, but preparation state/moisture basis alignment could not be confirmed automatically",replace,"Babyfood, cereal, mixed, dry fortified",,category_estimate,Paul S,16/08/2026,Source does not state a grain; candidate defaults to barley -- same arbitrary-grain-assignment issue found and fixed in review_5_infant_flour_cluster.csv and review_6_accepted_sample.csv. Replaced with the mixed-grain generic for consistency.
16010070:IP5_A_IP6,"Infant flour, cereal-based, commercially produced, fortified",IP5_A_IP6,78.9289,"Babyfood, cereal, barley, dry fortified",sr_legacy_food,close_analogue,0.7,"name-matched at confidence 0.70, but preparation state/moisture basis alignment could not be confirmed automatically",replace,"Babyfood, cereal, mixed, dry fortified",,category_estimate,Paul S,16/08/2026,Source does not state a grain; candidate defaults to barley -- same arbitrary-grain-assignment issue found and fixed in review_5_infant_flour_cluster.csv and review_6_accepted_sample.csv. Replaced with the mixed-grain generic for consistency.
16010071:IP5_A_IP6,"Infant flour, cereal-based, commercially produced, fortified",IP5_A_IP6,260.478,"Babyfood, cereal, barley, dry fortified",sr_legacy_food,close_analogue,0.7,"name-matched at confidence 0.70, but preparation state/moisture basis alignment could not be confirmed automatically",replace,"Babyfood, cereal, mixed, dry fortified",,category_estimate,Paul S,16/08/2026,Source does not state a grain; candidate defaults to barley -- same arbitrary-grain-assignment issue found and fixed in review_5_infant_flour_cluster.csv and review_6_accepted_sample.csv. Replaced with the mixed-grain generic for consistency.
16010072:IP5_A_IP6,"Infant flour, cereal-based, commercially produced, fortified",IP5_A_IP6,23.9784,"Babyfood, cereal, barley, dry fortified",sr_legacy_food,close_analogue,0.7,"name-matched at confidence 0.70, but preparation state/moisture basis alignment could not be confirmed automatically",replace,"Babyfood, cereal, mixed, dry fortified",,category_estimate,Paul S,16/08/2026,Source does not state a grain; candidate defaults to barley -- same arbitrary-grain-assignment issue found and fixed in review_5_infant_flour_cluster.csv and review_6_accepted_sample.csv. Replaced with the mixed-grain generic for consistency.
16010073:IP5_A_IP6,"Infant flour, cereal-based, commercially produced, fortified",IP5_A_IP6,275.8068,"Babyfood, cereal, barley, dry fortified",sr_legacy_food,close_analogue,0.7,"name-matched at confidence 0.70, but preparation state/moisture basis alignment could not be confirmed automatically",replace,"Babyfood, cereal, mixed, dry fortified",,category_estimate,Paul S,16/08/2026,Source does not state a grain; candidate defaults to barley -- same arbitrary-grain-assignment issue found and fixed in review_5_infant_flour_cluster.csv and review_6_accepted_sample.csv. Replaced with the mixed-grain generic for consistency.
16010075:IP5_A_IP6,"Infant flour, cereal-based, commercially produced, fortified",IP5_A_IP6,159.904,"Babyfood, cereal, barley, dry fortified",sr_legacy_food,close_analogue,0.7,"name-matched at confidence 0.70, but preparation state/moisture basis alignment could not be confirmed automatically",replace,"Babyfood, cereal, mixed, dry fortified",,category_estimate,Paul S,16/08/2026,Source does not state a grain; candidate defaults to barley -- same arbitrary-grain-assignment issue found and fixed in review_5_infant_flour_cluster.csv and review_6_accepted_sample.csv. Replaced with the mixed-grain generic for consistency.
16010076:IP5_A_IP6,"Infant flour, cereal-based, commercially produced, fortified",IP5_A_IP6,265.5478,"Babyfood, cereal, barley, dry fortified",sr_legacy_food,close_analogue,0.7,"name-matched at confidence 0.70, but preparation state/moisture basis alignment could not be confirmed automatically",replace,"Babyfood, cereal, mixed, dry fortified",,category_estimate,Paul S,16/08/2026,Source does not state a grain; candidate defaults to barley -- same arbitrary-grain-assignment issue found and fixed in review_5_infant_flour_cluster.csv and review_6_accepted_sample.csv. Replaced with the mixed-grain generic for consistency.
16010077:IP5_A_IP6,"Infant flour, cereal-based, commercially produced, fortified",IP5_A_IP6,0.0,"Babyfood, cereal, barley, dry fortified",sr_legacy_food,close_analogue,0.7,"name-matched at confidence 0.70, but preparation state/moisture basis alignment could not be confirmed automatically",replace,"Babyfood, cereal, mixed, dry fortified",,category_estimate,Paul S,16/08/2026,Source does not state a grain; candidate defaults to barley -- same arbitrary-grain-assignment issue found and fixed in review_5_infant_flour_cluster.csv and review_6_accepted_sample.csv. Replaced with the mixed-grain generic for consistency.
16010078:IP5_A_IP6,"Infant flour, cereal-based, commercially produced, fortified",IP5_A_IP6,33.796,"Babyfood, cereal, barley, dry fortified",sr_legacy_food,close_analogue,0.7,"name-matched at confidence 0.70, but preparation state/moisture basis alignment could not be confirmed automatically",replace,"Babyfood, cereal, mixed, dry fortified",,category_estimate,Paul S,16/08/2026,Source does not state a grain; candidate defaults to barley -- same arbitrary-grain-assignment issue found and fixed in review_5_infant_flour_cluster.csv and review_6_accepted_sample.csv. Replaced with the mixed-grain generic for consistency.
16010079:IP5_A_IP6,"Infant flour, cereal-based, commercially produced, fortified",IP5_A_IP6,185.932,"Babyfood, cereal, barley, dry fortified",sr_legacy_food,close_analogue,0.7,"name-matched at confidence 0.70, but preparation state/moisture basis alignment could not be confirmed automatically",replace,"Babyfood, cereal, mixed, dry fortified",,category_estimate,Paul S,16/08/2026,Source does not state a grain; candidate defaults to barley -- same arbitrary-grain-assignment issue found and fixed in review_5_infant_flour_cluster.csv and review_6_accepted_sample.csv. Replaced with the mixed-grain generic for consistency.
16010080:IP5_A_IP6,"Infant flour, cereal-based, commercially produced, fortified",IP5_A_IP6,135.66,"Babyfood, cereal, barley, dry fortified",sr_legacy_food,close_analogue,0.7,"name-matched at confidence 0.70, but preparation state/moisture basis alignment could not be confirmed automatically",replace,"Babyfood, cereal, mixed, dry fortified",,category_estimate,Paul S,16/08/2026,Source does not state a grain; candidate defaults to barley -- same arbitrary-grain-assignment issue found and fixed in review_5_infant_flour_cluster.csv and review_6_accepted_sample.csv. Replaced with the mixed-grain generic for consistency.
16010081:IP5_A_IP6,"Infant flour, cereal-based, commercially produced, fortified",IP5_A_IP6,735.4214,"Babyfood, cereal, barley, dry fortified",sr_legacy_food,close_analogue,0.7,"name-matched at confidence 0.70, but preparation state/moisture basis alignment could not be confirmed automatically",replace,"Babyfood, cereal, mixed, dry fortified",,category_estimate,Paul S,16/08/2026,Source does not state a grain; candidate defaults to barley -- same arbitrary-grain-assignment issue found and fixed in review_5_infant_flour_cluster.csv and review_6_accepted_sample.csv. Replaced with the mixed-grain generic for consistency.
16010082:IP5_A_IP6,"Infant flour, cereal-based, commercially produced, fortified",IP5_A_IP6,32.538,"Babyfood, cereal, barley, dry fortified",sr_legacy_food,close_analogue,0.7,"name-matched at confidence 0.70, but preparation state/moisture basis alignment could not be confirmed automatically",replace,"Babyfood, cereal, mixed, dry fortified",,category_estimate,Paul S,16/08/2026,Source does not state a grain; candidate defaults to barley -- same arbitrary-grain-assignment issue found and fixed in review_5_infant_flour_cluster.csv and review_6_accepted_sample.csv. Replaced with the mixed-grain generic for consistency.
16010083:IP5_A_IP6,"Infant flour, cereal-based, commercially produced, fortified",IP5_A_IP6,18.9316,"Babyfood, cereal, barley, dry fortified",sr_legacy_food,close_analogue,0.7,"name-matched at confidence 0.70, but preparation state/moisture basis alignment could not be confirmed automatically",replace,"Babyfood, cereal, mixed, dry fortified",,category_estimate,Paul S,16/08/2026,Source does not state a grain; candidate defaults to barley -- same arbitrary-grain-assignment issue found and fixed in review_5_infant_flour_cluster.csv and review_6_accepted_sample.csv. Replaced with the mixed-grain generic for consistency.
16010084:IP5_A_IP6,"Infant flour, cereal-based, commercially produced, fortified",IP5_A_IP6,12.0,"Babyfood, cereal, barley, dry fortified",sr_legacy_food,close_analogue,0.7,"name-matched at confidence 0.70, but preparation state/moisture basis alignment could not be confirmed automatically",replace,"Babyfood, cereal, mixed, dry fortified",,category_estimate,Paul S,16/08/2026,Source does not state a grain; candidate defaults to barley -- same arbitrary-grain-assignment issue found and fixed in review_5_infant_flour_cluster.csv and review_6_accepted_sample.csv. Replaced with the mixed-grain generic for consistency.
16010106:PHYTCPP,"Infant flour, rice-based, fortified",PHYTCPP,220.79999999999995,"Babyfood, cereal, rice, dry fortified",sr_legacy_food,category_proxy,0.65,weak name match (confidence 0.65) taken as a coarse stand-in only,approve,"Babyfood, cereal, rice, dry fortified",,category_estimate,Paul S,16/08/2026,Grain explicitly stated and correctly matched.
16040001:PHYTCPPD,"Green leaves, 'Chromolina oduratum', medicinal use, raw",PHYTCPPD,21.658,"Chrysanthemum leaves, raw",sr_legacy_food,regional_equivalent,0.65,"name match with preparation state 'raw' confirmed present in 'Chrysanthemum leaves, raw', and matching edible-portion basis — not human-verified, so capped below 'exact'",reject,,Chromolaena odorata (Siam weed) is not a chrysanthemum -- different genus entirely.,,Paul S,16/08/2026,
16040002:PHYTCPPD,"Green leaves, 'Emilia santifolia', medicinal use, raw",PHYTCPPD,14.279999999999987,"Grape leaves, raw",sr_legacy_food,regional_equivalent,0.65,"name match with preparation state 'raw' confirmed present in 'Grape leaves, raw', and matching edible-portion basis — not human-verified, so capped below 'exact'",reject,,"Emilia sonchifolia vs GRAPE -- wrong species, established ""Grape leaves"" garbage-bucket-ish mismatch pattern.",,Paul S,16/08/2026,
16040003:PHYTCPPD,"Green leaves, 'Ipomoea asarifolia', medicinal use, raw",PHYTCPPD,10.501999999999999,"Grape leaves, raw",sr_legacy_food,regional_equivalent,0.65,"name match with preparation state 'raw' confirmed present in 'Grape leaves, raw', and matching edible-portion basis — not human-verified, so capped below 'exact'",reject,,"Ipomoea asarifolia (a morning-glory relative) vs GRAPE -- wrong species, same garbage-bucket pattern.",,Paul S,16/08/2026,
16040004:PHYTCPPI,"Snake weed, leaves, medicinal use, raw",PHYTCPPI,665.0,"Fireweed, leaves, raw",sr_legacy_food,regional_equivalent,0.65,"name match with preparation state 'raw' confirmed present in 'Fireweed, leaves, raw', and matching edible-portion basis — not human-verified, so capped below 'exact'",reject,,"Snake weed vs Fireweed -- different species, established ""Fireweed leaves"" garbage-bucket mismatch pattern.",,Paul S,16/08/2026,
19010001:PHYTCPPD,French toast,PHYTCPPD,16.0,"French toast, frozen, ready-to-heat",sr_legacy_food,close_analogue,0.85,"name-matched at confidence 0.85, but preparation state/moisture basis alignment could not be confirmed automatically",approve,"French toast, frozen, ready-to-heat",,category_estimate,Paul S,16/08/2026,"Reasonable match; ""frozen, ready-to-heat"" prep state not confirmed by the plain source description but category/product correct."
19010002:PHYTCPPD,French toast,PHYTCPPD,16.0,"French toast, frozen, ready-to-heat",sr_legacy_food,close_analogue,0.85,"name-matched at confidence 0.85, but preparation state/moisture basis alignment could not be confirmed automatically",approve,"French toast, frozen, ready-to-heat",,category_estimate,Paul S,16/08/2026,"Reasonable match; ""frozen, ready-to-heat"" prep state not confirmed by the plain source description but category/product correct."
19020006:IP5,"Cassava and plantain, pounded, boiled",IP5,28.0,"Plantains, green, boiled",sr_legacy_food,category_proxy,0.65,weak name match (confidence 0.65) taken as a coarse stand-in only,reject,,Mixed dish (cassava AND plantain); candidate is plantain only -- missing the cassava component.,,Paul S,16/08/2026,
19020006:IP6,"Cassava and plantain, pounded, boiled",IP6,52.0,"Plantains, green, boiled",sr_legacy_food,category_proxy,0.65,weak name match (confidence 0.65) taken as a coarse stand-in only,reject,,Mixed dish (cassava AND plantain); candidate is plantain only -- missing the cassava component.,,Paul S,16/08/2026,
19020006:PHYTCPP,"Cassava and plantain, pounded, boiled",PHYTCPP,96.0,"Plantains, green, boiled",sr_legacy_food,category_proxy,0.65,weak name match (confidence 0.65) taken as a coarse stand-in only,reject,,Mixed dish (cassava AND plantain); candidate is plantain only -- missing the cassava component.,,Paul S,16/08/2026,
19020015:PHYTCPPD,"Grass pea stew, cooked with meat and potato",PHYTCPPD,45.895,"Sweet potato leaves, cooked, steamed, with salt",sr_legacy_food,category_proxy,0.65,weak name match (confidence 0.65) taken as a coarse stand-in only,reject,,"A grass-pea-and-meat stew vs SWEET POTATO LEAVES -- wrong category entirely, missing the grass pea/meat/potato components, wrong plant part too.",,Paul S,16/08/2026,
19020016:PHYTCPPD,"Macaroni, cooked, with meat",PHYTCPPD,39.468,"Taro, cooked, with salt",sr_legacy_food,category_proxy,0.65,weak name match (confidence 0.65) taken as a coarse stand-in only,reject,,"A meat-macaroni dish vs TARO root vegetable -- wrong category entirely, coincidental ""cooked, with [X]"" phrase pattern.",,Paul S,16/08/2026,
19020019:PHYTCPPD,"Meat, red, cooked with chickpea flour and egg",PHYTCPPD,46.822,"Egg, whole, raw, fresh",sr_legacy_food,close_analogue,0.95,"name-matched at confidence 0.95, but preparation state/moisture basis alignment could not be confirmed automatically",reject,,"Source is a meat dish (chickpea flour and egg as minor ingredients) matched to plain raw egg -- wrong primary category, missing the meat component entirely.",,Paul S,16/08/2026,
19020025:PHYTCPP,"Pepper mash, hot pepper, mashed with ingredients",PHYTCPP,35.0,"Spices, pepper, black",sr_legacy_food,close_analogue,0.95,"name-matched at confidence 0.95, but preparation state/moisture basis alignment could not be confirmed automatically",reject,,"A wet, mashed chili-pepper product (likely Capsicum) vs dried black pepper spice (Piper nigrum) -- wrong product form and likely wrong pepper species.",,Paul S,16/08/2026,
19020037:PHYTCPPD,"Rice, boiled, with fish, soy-textured vegetable protein (TVP), bitter gourd, deep-fried in coconut oil",PHYTCPPD,81.51,Adidas Ag ORGANIC REFINED COCONUT OIL,branded_food,close_analogue,0.95,"name-matched at confidence 0.95, but preparation state/moisture basis alignment could not be confirmed automatically",reject,,"A complex multi-ingredient rice dish matched to plain coconut oil from a sportswear company -- wrong category entirely, same glitch as the other ""Adidas Ag coconut oil"" mismatch in this sample.",,Paul S,16/08/2026,
19020046:PHYTCPPD,"Rice, cooked, with meat, green beans and potatoes",PHYTCPPD,17.072,"Beans, snap, green, raw",sr_legacy_food,close_analogue,0.95,"name-matched at confidence 0.95, but preparation state/moisture basis alignment could not be confirmed automatically",reject,,"A mixed cooked dish (rice, meat, beans, potatoes) matched to plain raw green beans -- wrong product form, missing rice/meat/potato components.",,Paul S,16/08/2026,
