row_identifier,food_description,compound_fraction,value,candidate,candidate_data_type,match_confidence,rationale,sampled_for_review,review_verdict,approved_fdc_food,rejection_reason,match_scope,reviewer,review_date,review_notes
01010001:PHYTCPPI,"Bread, brown rice-based, INIAP 15, 12h germinated grain, fermented",PHYTCPPI,406.228,"Parco Foods, Inc. HOL-GRAIN, BROWN RICE BREAD CRUMBS",branded_food,0.4,match confidence 0.40 below the 0.55 needs-review threshold,NO,,,,,,,
01010002:PHYTCPPI,"Bread, brown rice-based, INIAP 15, 24h germinated grain, fermented",PHYTCPPI,475.19,"Parco Foods, Inc. HOL-GRAIN, BROWN RICE BREAD CRUMBS",branded_food,0.4,match confidence 0.40 below the 0.55 needs-review threshold,NO,,,,,,,
01010003:PHYTCPPI,"Bread, brown rice-based, INIAP 15, 48h germinated grain, fermented",PHYTCPPI,449.955,"Parco Foods, Inc. HOL-GRAIN, BROWN RICE BREAD CRUMBS",branded_food,0.4,match confidence 0.40 below the 0.55 needs-review threshold,YES,,,,,,,
01010004:PHYTCPPI,"Bread, brown rice-based, INIAP 15, fermented",PHYTCPPI,547.507,"Food For Life Baking Co Inc FOOD FOR LIFE, BROWN RICE BREAD",branded_food,0.4,match confidence 0.40 below the 0.55 needs-review threshold,NO,,,,,,,
01010005:PHYTCPPI,"Bread, brown rice-based, INIAP 15, pre-germinated grain, fermented",PHYTCPPI,409.344,La Preferida Inc LONG GRAIN BROWN RICE,branded_food,0.4,match confidence 0.40 below the 0.55 needs-review threshold,NO,,,,,,,
01010006:IP4,"Breakfast cereal, puffed rice, ""El Dorado""",IP4,40.0,BREAKFAST PACK CEREAL,branded_food,0.4,match confidence 0.40 below the 0.55 needs-review threshold,NO,,,,,,,
01010006:IP5,"Breakfast cereal, puffed rice, ""El Dorado""",IP5,81.2,BREAKFAST PACK CEREAL,branded_food,0.4,match confidence 0.40 below the 0.55 needs-review threshold,NO,,,,,,,
01010006:IP6,"Breakfast cereal, puffed rice, ""El Dorado""",IP6,72.60000000000001,BREAKFAST PACK CEREAL,branded_food,0.4,match confidence 0.40 below the 0.55 needs-review threshold,NO,,,,,,,
01010007:IP5,"Breakfast cereal, puffed rice, ""Funny day"", containing sugar",IP5,29.0,"Hannaford Bros. Co. HANNAFORD, PUFFED RICE CEREAL",branded_food,0.4,match confidence 0.40 below the 0.55 needs-review threshold,NO,,,,,,,
01010007:IP6,"Breakfast cereal, puffed rice, ""Funny day"", containing sugar",IP6,46.199999999999996,"Hannaford Bros. Co. HANNAFORD, PUFFED RICE CEREAL",branded_food,0.4,match confidence 0.40 below the 0.55 needs-review threshold,NO,,,,,,,
01010012:IP5,"Porridge formula, ricemeal, commercial, ""Maan parhaat""",IP5,23.2,"Fortune Commercial Corp PAMANA, CHICKEN RICE PORRIDGE",branded_food,0.4,match confidence 0.40 below the 0.55 needs-review threshold,NO,,,,,,,
01010012:IP6,"Porridge formula, ricemeal, commercial, ""Maan parhaat""",IP6,112.2,"Fortune Commercial Corp PAMANA, CHICKEN RICE PORRIDGE",branded_food,0.4,match confidence 0.40 below the 0.55 needs-review threshold,NO,,,,,,,
01010016:PHYTCPPD,"Rice bran, BRS Primavera, 15min microwaved",PHYTCPPD,4527.02,"Goya Foods, Inc. RICE PRIMAVERA",branded_food,0.4,match confidence 0.40 below the 0.55 needs-review threshold,NO,,,,,,,
01010016:PPD,"Rice bran, BRS Primavera, 15min microwaved",PPD,1266.78,"Goya Foods, Inc. RICE PRIMAVERA",branded_food,0.4,match confidence 0.40 below the 0.55 needs-review threshold,YES,,,,,,,
01010017:PHYTCPPD,"Rice bran, BRS Primavera, 9min microwaved",PHYTCPPD,4396.152,"Goya Foods, Inc. RICE PRIMAVERA",branded_food,0.4,match confidence 0.40 below the 0.55 needs-review threshold,NO,,,,,,,
01010017:PPD,"Rice bran, BRS Primavera, 9min microwaved",PPD,1235.2020000000002,"Goya Foods, Inc. RICE PRIMAVERA",branded_food,0.4,match confidence 0.40 below the 0.55 needs-review threshold,NO,,,,,,,
01010018:PHYTCPPD,"Rice bran, BRS Primavera, raw",PHYTCPPD,5839.47,"Goya Foods, Inc. RICE PRIMAVERA",branded_food,0.4,match confidence 0.40 below the 0.55 needs-review threshold,NO,,,,,,,
01010018:PPD,"Rice bran, BRS Primavera, raw",PPD,1722.24,"Goya Foods, Inc. RICE PRIMAVERA",branded_food,0.4,match confidence 0.40 below the 0.55 needs-review threshold,NO,,,,,,,
01010022:PHYTCPP,"Rice bran, Calrose, full-fat, raw",PHYTCPP,4042.25,BOTAN CALROSE RICE,branded_food,0.4,match confidence 0.40 below the 0.55 needs-review threshold,NO,,,,,,,
01010063:PHYTCPPD,"Rice, Agb0101, brown, genetically modified, raw",PHYTCPPD,649.116,"General Mills, Inc. BROWN RICE",branded_food,0.4,match confidence 0.40 below the 0.55 needs-review threshold,NO,,,,,,,
01010065:PHYTCPP,"Rice, Bar68-1, brown, genetically modified, raw, milled",PHYTCPP,167.96,"General Mills, Inc. BROWN RICE",branded_food,0.4,match confidence 0.40 below the 0.55 needs-review threshold,NO,,,,,,,
01010066:PHYTCPP,"Rice, Bar68-1, brown, genetically modified, raw",PHYTCPP,210.23999999999998,"General Mills, Inc. BROWN RICE",branded_food,0.4,match confidence 0.40 below the 0.55 needs-review threshold,YES,,,,,,,
01010067:PHYTCPPD,"Rice, Basmati, parboiled",PHYTCPPD,50.4,BASMATI RICE,branded_food,0.4,match confidence 0.40 below the 0.55 needs-review threshold,NO,,,,,,,
01010069:PHYT-,"Rice, Bengal, rough, transgenic, conventional herbicide system, raw",PHYT-,770.3879999999999,"Conagra Brands, Inc. HEALTHY CHOICE, TRADITIONAL LENTIL SOUP",branded_food,0.4,match confidence 0.40 below the 0.55 needs-review threshold,NO,,,,,,,
01010088:IP5,"Rice, boiled",IP5,6.0,"ARROZ ARROZ, PARBOILED RICE",branded_food,0.4,match confidence 0.40 below the 0.55 needs-review threshold,NO,,,,,,,
01010088:IP5_A_IP6,"Rice, boiled",IP5_A_IP6,45.375,"ARROZ ARROZ, PARBOILED RICE",branded_food,0.4,match confidence 0.40 below the 0.55 needs-review threshold,YES,,,,,,,
01010088:IP6,"Rice, boiled",IP6,39.375,"ARROZ ARROZ, PARBOILED RICE",branded_food,0.4,match confidence 0.40 below the 0.55 needs-review threshold,NO,,,,,,,
01010089:IP5,"Rice, boiled",IP5,3.6180000000000003,"ARROZ ARROZ, PARBOILED RICE",branded_food,0.4,match confidence 0.40 below the 0.55 needs-review threshold,NO,,,,,,,
01010089:IP5_A_IP6,"Rice, boiled",IP5_A_IP6,34.974000000000004,"ARROZ ARROZ, PARBOILED RICE",branded_food,0.4,match confidence 0.40 below the 0.55 needs-review threshold,NO,,,,,,,
01010089:IP6,"Rice, boiled",IP6,31.356000000000005,"ARROZ ARROZ, PARBOILED RICE",branded_food,0.4,match confidence 0.40 below the 0.55 needs-review threshold,YES,,,,,,,
01010090:PHYTCPPI,"Rice, boiled",PHYTCPPI,60.0,"ARROZ ARROZ, PARBOILED RICE",branded_food,0.4,match confidence 0.40 below the 0.55 needs-review threshold,NO,,,,,,,
01010093:PHYTCPP,"Rice, brown, germinated, raw",PHYTCPP,965.47,The J.M. Smucker Company GERMINATED BROWN RICE,branded_food,0.4,match confidence 0.40 below the 0.55 needs-review threshold,NO,,,,,,,
01010094:PHYTCPP,"Rice, brown, raw",PHYTCPP,1548.75,Raley's BROWN RICE,branded_food,0.4,match confidence 0.40 below the 0.55 needs-review threshold,NO,,,,,,,
01010095:IP6,"Rice, brown, raw",IP6,721.27,Raley's BROWN RICE,branded_food,0.4,match confidence 0.40 below the 0.55 needs-review threshold,YES,,,,,,,
01010096:PHYTC-,"Rice, brown, raw",PHYTC-,23.79,Raley's BROWN RICE,branded_food,0.4,match confidence 0.40 below the 0.55 needs-review threshold,NO,,,,,,,
01010097:PHYTCPP,"Rice, brown, raw",PHYTCPP,742.0,Raley's BROWN RICE,branded_food,0.4,match confidence 0.40 below the 0.55 needs-review threshold,NO,,,,,,,
01010098:PHYTCPPI,"Rice, Calrose, brown, boiled",PHYTCPPI,612.157,BOTAN CALROSE BROWN RICE,branded_food,0.4,match confidence 0.40 below the 0.55 needs-review threshold,NO,,,,,,,
01010099:PHYTCPPI,"Rice, Calrose, brown, raw",PHYTCPPI,792.528,BOTAN CALROSE BROWN RICE,branded_food,0.4,match confidence 0.40 below the 0.55 needs-review threshold,NO,,,,,,,
01010100:PHYTCPP,"Rice, Chiang Phatthalung, soaked",PHYTCPP,604.3292670000001,"CVS Pharmacy, Inc. BAKED RICE CRISPS",branded_food,0.4,match confidence 0.40 below the 0.55 needs-review threshold,NO,,,,,,,
01010103:PHYTCPP,"Rice, D68, brown, raw",PHYTCPP,219.25,Raley's BROWN RICE,branded_food,0.4,match confidence 0.40 below the 0.55 needs-review threshold,NO,,,,,,,
01010105:PHYTCPP,"Rice, flaked",PHYTCPP,851.0,"Hy-Vee, Inc. TOASTED RICE FLAKES",branded_food,0.4,match confidence 0.40 below the 0.55 needs-review threshold,YES,,,,,,,
01010106:PHYTCPP,"Rice, flaked",PHYTCPP,474.0,"Hy-Vee, Inc. TOASTED RICE FLAKES",branded_food,0.4,match confidence 0.40 below the 0.55 needs-review threshold,YES,,,,,,,
01010118:PHYTCPP,"Rice, Indica, Liangyou Kefeng No. 6, brown, genetically modified, raw",PHYTCPP,263.1,"General Mills, Inc. BROWN RICE",branded_food,0.4,match confidence 0.40 below the 0.55 needs-review threshold,NO,,,,,,,
01010119:PHYTCPP,"Rice, Indica, Liangyou Kefeng No. 6, genetically modified, milled, raw",PHYTCPP,192.5,"General Mills, Inc. MEXICAN RICE",branded_food,0.4,match confidence 0.40 below the 0.55 needs-review threshold,NO,,,,,,,
01010120:PP-,"Rice, IR 32, brown, raw",PP-,355.2147239263804,Raley's BROWN RICE,branded_food,0.4,match confidence 0.40 below the 0.55 needs-review threshold,NO,,,,,,,
01010125:PP-,"Rice, IR 480-5-9, brown, raw",PP-,994.6012269938651,Raley's BROWN RICE,branded_food,0.4,match confidence 0.40 below the 0.55 needs-review threshold,NO,,,,,,,
01010130:PHYTCPP,"Rice, IRR, brown, raw",PHYTCPP,263.1,Raley's BROWN RICE,branded_food,0.4,match confidence 0.40 below the 0.55 needs-review threshold,NO,,,,,,,
01010132:PHYTCPPI,"Rice, Japonica, Huai269, dehulled, dried, high N fertilization",PHYTCPPI,762.0,Wehah Farm Inc BLACK JAPONICA RICE,branded_food,0.4,match confidence 0.40 below the 0.55 needs-review threshold,NO,,,,,,,
01010133:PHYTCPPI,"Rice, Japonica, Huai269, dehulled, dried, high N fertilization",PHYTCPPI,745.0,Wehah Farm Inc BLACK JAPONICA RICE,branded_food,0.4,match confidence 0.40 below the 0.55 needs-review threshold,NO,,,,,,,
01010136:PHYTCPPI,"Rice, Japonica, Huai269, dehulled, dried, without N fertilization",PHYTCPPI,894.0,Wehah Farm Inc BLACK JAPONICA RICE,branded_food,0.4,match confidence 0.40 below the 0.55 needs-review threshold,NO,,,,,,,
01010141:PHYTCPPI,"Rice, Japonica, Huaidao6, dehulled, dried, without N fertilization",PHYTCPPI,820.0,Wehah Farm Inc BLACK JAPONICA RICE,branded_food,0.4,match confidence 0.40 below the 0.55 needs-review threshold,NO,,,,,,,
01010146:PHYTCPPI,"Rice, Japonica, Huaidao7, dehulled, dried, without N fertilization",PHYTCPPI,929.0,Wehah Farm Inc BLACK JAPONICA RICE,branded_food,0.4,match confidence 0.40 below the 0.55 needs-review threshold,NO,,,,,,,
01010151:PHYTCPPI,"Rice, Japonica, Huaidao9, dehulled, dried, without N fertilization",PHYTCPPI,868.0,Wehah Farm Inc BLACK JAPONICA RICE,branded_food,0.4,match confidence 0.40 below the 0.55 needs-review threshold,NO,,,,,,,
01010156:PHYTCPPI,"Rice, Japonica, Huajing6, dehulled, dried, without N fertilization",PHYTCPPI,846.0,Wehah Farm Inc BLACK JAPONICA RICE,branded_food,0.4,match confidence 0.40 below the 0.55 needs-review threshold,NO,,,,,,,
01010161:PHYTCPPI,"Rice, Japonica, Nanjing43, dehulled, dried, without N fertilization",PHYTCPPI,880.0,Wehah Farm Inc BLACK JAPONICA RICE,branded_food,0.4,match confidence 0.40 below the 0.55 needs-review threshold,NO,,,,,,,
01010166:PHYTCPPI,"Rice, Japonica, Ningjing1, dehulled, dried, without N fertilization",PHYTCPPI,810.0,Wehah Farm Inc BLACK JAPONICA RICE,branded_food,0.4,match confidence 0.40 below the 0.55 needs-review threshold,NO,,,,,,,
01010169:PHYTCPPI,"Rice, Japonica, Ningjing2, dehulled, dried, moderate N fertilization",PHYTCPPI,717.0,"E & M Corporation CHINESE FRIED RICE SEASONING MIX, CHINESE FRIED RICE",branded_food,0.4,match confidence 0.40 below the 0.55 needs-review threshold,NO,,,,,,,
01010170:PHYTCPPI,"Rice, Japonica, Ningjing2, dehulled, dried, moderate N fertilization",PHYTCPPI,729.0,"E & M Corporation CHINESE FRIED RICE SEASONING MIX, CHINESE FRIED RICE",branded_food,0.4,match confidence 0.40 below the 0.55 needs-review threshold,NO,,,,,,,
01010171:PHYTCPPI,"Rice, Japonica, Ningjing2, dehulled, dried, without N fertilization",PHYTCPPI,860.0,Wehah Farm Inc BLACK JAPONICA RICE,branded_food,0.4,match confidence 0.40 below the 0.55 needs-review threshold,NO,,,,,,,
01010174:PHYTCPPI,"Rice, Japonica, Ningjing3, dehulled, dried, moderate N fertilization",PHYTCPPI,825.0,"E & M Corporation CHINESE FRIED RICE SEASONING MIX, CHINESE FRIED RICE",branded_food,0.4,match confidence 0.40 below the 0.55 needs-review threshold,NO,,,,,,,
01010175:PHYTCPPI,"Rice, Japonica, Ningjing3, dehulled, dried, moderate N fertilization",PHYTCPPI,853.0,"E & M Corporation CHINESE FRIED RICE SEASONING MIX, CHINESE FRIED RICE",branded_food,0.4,match confidence 0.40 below the 0.55 needs-review threshold,YES,,,,,,,
01010176:PHYTCPPI,"Rice, Japonica, Ningjing3, dehulled, dried, without N fertilization",PHYTCPPI,917.0,Wehah Farm Inc BLACK JAPONICA RICE,branded_food,0.4,match confidence 0.40 below the 0.55 needs-review threshold,NO,,,,,,,
01010181:PHYTCPPI,"Rice, Japonica, Sidao10, dehulled, dried, without N fertilization",PHYTCPPI,821.0,Wehah Farm Inc BLACK JAPONICA RICE,branded_food,0.4,match confidence 0.40 below the 0.55 needs-review threshold,NO,,,,,,,
01010184:PHYTCPPI,"Rice, Japonica, Sujing45, dehulled, dried, moderate N fertilization",PHYTCPPI,771.0,"E & M Corporation CHINESE FRIED RICE SEASONING MIX, CHINESE FRIED RICE",branded_food,0.4,match confidence 0.40 below the 0.55 needs-review threshold,YES,,,,,,,
01010185:PHYTCPPI,"Rice, Japonica, Sujing45, dehulled, dried, moderate N fertilization",PHYTCPPI,723.0,"E & M Corporation CHINESE FRIED RICE SEASONING MIX, CHINESE FRIED RICE",branded_food,0.4,match confidence 0.40 below the 0.55 needs-review threshold,NO,,,,,,,
01010186:PHYTCPPI,"Rice, Japonica, Sujing45, dehulled, dried, without N fertilization",PHYTCPPI,800.0,Wehah Farm Inc BLACK JAPONICA RICE,branded_food,0.4,match confidence 0.40 below the 0.55 needs-review threshold,NO,,,,,,,
01010187:PHYTCPPI,"Rice, Japonica, W3668, dehulled, dried, high N fertilization",PHYTCPPI,706.0,Wehah Farm Inc BLACK JAPONICA RICE,branded_food,0.4,match confidence 0.40 below the 0.55 needs-review threshold,NO,,,,,,,
01010188:PHYTCPPI,"Rice, Japonica, W3668, dehulled, dried, high N fertilization",PHYTCPPI,689.0,Wehah Farm Inc BLACK JAPONICA RICE,branded_food,0.4,match confidence 0.40 below the 0.55 needs-review threshold,NO,,,,,,,
01010189:PHYTCPPI,"Rice, Japonica, W3668, dehulled, dried, moderate N fertilization",PHYTCPPI,760.0,Wehah Farm Inc BLACK JAPONICA RICE,branded_food,0.4,match confidence 0.40 below the 0.55 needs-review threshold,NO,,,,,,,
01010190:PHYTCPPI,"Rice, Japonica, W3668, dehulled, dried, moderate N fertilization",PHYTCPPI,746.0,Wehah Farm Inc BLACK JAPONICA RICE,branded_food,0.4,match confidence 0.40 below the 0.55 needs-review threshold,NO,,,,,,,
01010191:PHYTCPPI,"Rice, Japonica, W3668, dehulled, dried, without N fertilization",PHYTCPPI,793.0,Wehah Farm Inc BLACK JAPONICA RICE,branded_food,0.4,match confidence 0.40 below the 0.55 needs-review threshold,NO,,,,,,,
01010192:PHYTCPPI,"Rice, Japonica, Wu9516, dehulled, dried, high N fertilization",PHYTCPPI,748.0,Wehah Farm Inc BLACK JAPONICA RICE,branded_food,0.4,match confidence 0.40 below the 0.55 needs-review threshold,YES,,,,,,,
01010193:PHYTCPPI,"Rice, Japonica, Wu9516, dehulled, dried, high N fertilization",PHYTCPPI,741.0,Wehah Farm Inc BLACK JAPONICA RICE,branded_food,0.4,match confidence 0.40 below the 0.55 needs-review threshold,NO,,,,,,,
01010194:PHYTCPPI,"Rice, Japonica, Wu9516, dehulled, dried, moderate N fertilization",PHYTCPPI,822.0,Wehah Farm Inc BLACK JAPONICA RICE,branded_food,0.4,match confidence 0.40 below the 0.55 needs-review threshold,YES,,,,,,,
01010195:PHYTCPPI,"Rice, Japonica, Wu9516, dehulled, dried, moderate N fertilization",PHYTCPPI,822.0,Wehah Farm Inc BLACK JAPONICA RICE,branded_food,0.4,match confidence 0.40 below the 0.55 needs-review threshold,NO,,,,,,,
01010196:PHYTCPPI,"Rice, Japonica, Wu9516, dehulled, dried, without N fertilization",PHYTCPPI,890.0,Wehah Farm Inc BLACK JAPONICA RICE,branded_food,0.4,match confidence 0.40 below the 0.55 needs-review threshold,NO,,,,,,,
01010197:PHYTCPPI,"Rice, Japonica, Wu9520, dehulled, dried, high N fertilization",PHYTCPPI,696.0,Wehah Farm Inc BLACK JAPONICA RICE,branded_food,0.4,match confidence 0.40 below the 0.55 needs-review threshold,NO,,,,,,,
01010198:PHYTCPPI,"Rice, Japonica, Wu9520, dehulled, dried, high N fertilization",PHYTCPPI,741.0,Wehah Farm Inc BLACK JAPONICA RICE,branded_food,0.4,match confidence 0.40 below the 0.55 needs-review threshold,YES,,,,,,,
01010199:PHYTCPPI,"Rice, Japonica, Wu9520, dehulled, dried, moderate N fertilization",PHYTCPPI,797.0,Wehah Farm Inc BLACK JAPONICA RICE,branded_food,0.4,match confidence 0.40 below the 0.55 needs-review threshold,NO,,,,,,,
01010200:PHYTCPPI,"Rice, Japonica, Wu9520, dehulled, dried, moderate N fertilization",PHYTCPPI,808.0,Wehah Farm Inc BLACK JAPONICA RICE,branded_food,0.4,match confidence 0.40 below the 0.55 needs-review threshold,NO,,,,,,,
01010201:PHYTCPPI,"Rice, Japonica, Wu9520, dehulled, dried, without N fertilization",PHYTCPPI,877.0,Wehah Farm Inc BLACK JAPONICA RICE,branded_food,0.4,match confidence 0.40 below the 0.55 needs-review threshold,NO,,,,,,,
01010202:PHYTCPPI,"Rice, Japonica, Wu9522, dehulled, dried, high N fertilization",PHYTCPPI,737.0,Wehah Farm Inc BLACK JAPONICA RICE,branded_food,0.4,match confidence 0.40 below the 0.55 needs-review threshold,NO,,,,,,,
01010203:PHYTCPPI,"Rice, Japonica, Wu9522, dehulled, dried, high N fertilization",PHYTCPPI,737.0,Wehah Farm Inc BLACK JAPONICA RICE,branded_food,0.4,match confidence 0.40 below the 0.55 needs-review threshold,NO,,,,,,,
01010204:PHYTCPPI,"Rice, Japonica, Wu9522, dehulled, dried, moderate N fertilization",PHYTCPPI,792.0,Wehah Farm Inc BLACK JAPONICA RICE,branded_food,0.4,match confidence 0.40 below the 0.55 needs-review threshold,NO,,,,,,,
01010205:PHYTCPPI,"Rice, Japonica, Wu9522, dehulled, dried, moderate N fertilization",PHYTCPPI,784.0,Wehah Farm Inc BLACK JAPONICA RICE,branded_food,0.4,match confidence 0.40 below the 0.55 needs-review threshold,NO,,,,,,,
01010206:PHYTCPPI,"Rice, Japonica, Wu9522, dehulled, dried, without N fertilization",PHYTCPPI,879.0,Wehah Farm Inc BLACK JAPONICA RICE,branded_food,0.4,match confidence 0.40 below the 0.55 needs-review threshold,YES,,,,,,,
01010207:PHYTCPPI,"Rice, Japonica, Wu9746, dehulled, dried, high N fertilization",PHYTCPPI,740.0,Wehah Farm Inc BLACK JAPONICA RICE,branded_food,0.4,match confidence 0.40 below the 0.55 needs-review threshold,NO,,,,,,,
01010208:PHYTCPPI,"Rice, Japonica, Wu9746, dehulled, dried, high N fertilization",PHYTCPPI,752.0,Wehah Farm Inc BLACK JAPONICA RICE,branded_food,0.4,match confidence 0.40 below the 0.55 needs-review threshold,NO,,,,,,,
01010209:PHYTCPPI,"Rice, Japonica, Wu9746, dehulled, dried, moderate N fertilization",PHYTCPPI,765.0,Wehah Farm Inc BLACK JAPONICA RICE,branded_food,0.4,match confidence 0.40 below the 0.55 needs-review threshold,NO,,,,,,,
01010210:PHYTCPPI,"Rice, Japonica, Wu9746, dehulled, dried, moderate N fertilization",PHYTCPPI,786.0,Wehah Farm Inc BLACK JAPONICA RICE,branded_food,0.4,match confidence 0.40 below the 0.55 needs-review threshold,NO,,,,,,,
01010211:PHYTCPPI,"Rice, Japonica, Wu9746, dehulled, dried, without N fertilization",PHYTCPPI,853.0,Wehah Farm Inc BLACK JAPONICA RICE,branded_food,0.4,match confidence 0.40 below the 0.55 needs-review threshold,NO,,,,,,,
01010212:PHYTCPPI,"Rice, Japonica, Wujing15, dehulled, dried, high N fertilization",PHYTCPPI,764.0,Wehah Farm Inc BLACK JAPONICA RICE,branded_food,0.4,match confidence 0.40 below the 0.55 needs-review threshold,NO,,,,,,,
01010213:PHYTCPPI,"Rice, Japonica, Wujing15, dehulled, dried, high N fertilization",PHYTCPPI,766.0,Wehah Farm Inc BLACK JAPONICA RICE,branded_food,0.4,match confidence 0.40 below the 0.55 needs-review threshold,YES,,,,,,,
01010214:PHYTCPPI,"Rice, Japonica, Wujing15, dehulled, dried, moderate N fertilization",PHYTCPPI,817.0,Wehah Farm Inc BLACK JAPONICA RICE,branded_food,0.4,match confidence 0.40 below the 0.55 needs-review threshold,NO,,,,,,,
01010215:PHYTCPPI,"Rice, Japonica, Wujing15, dehulled, dried, moderate N fertilization",PHYTCPPI,820.0,Wehah Farm Inc BLACK JAPONICA RICE,branded_food,0.4,match confidence 0.40 below the 0.55 needs-review threshold,NO,,,,,,,
01010216:PHYTCPPI,"Rice, Japonica, Wujing15, dehulled, dried, without N fertilization",PHYTCPPI,877.0,Wehah Farm Inc BLACK JAPONICA RICE,branded_food,0.4,match confidence 0.40 below the 0.55 needs-review threshold,NO,,,,,,,
01010217:PHYTCPPI,"Rice, Japonica, Wuyujing3, dehulled, dried, high N fertilization",PHYTCPPI,708.0,Wehah Farm Inc BLACK JAPONICA RICE,branded_food,0.4,match confidence 0.40 below the 0.55 needs-review threshold,YES,,,,,,,
01010218:PHYTCPPI,"Rice, Japonica, Wuyujing3, dehulled, dried, high N fertilization",PHYTCPPI,704.0,Wehah Farm Inc BLACK JAPONICA RICE,branded_food,0.4,match confidence 0.40 below the 0.55 needs-review threshold,NO,,,,,,,
01010221:PHYTCPPI,"Rice, Japonica, Wuyujing3, dehulled, dried, without N fertilization",PHYTCPPI,859.0,Wehah Farm Inc BLACK JAPONICA RICE,branded_food,0.4,match confidence 0.40 below the 0.55 needs-review threshold,NO,,,,,,,
01010226:PHYTCPPI,"Rice, Japonica, Xiushui09, dehulled, dried, without N fertilization",PHYTCPPI,748.0,Wehah Farm Inc BLACK JAPONICA RICE,branded_food,0.4,match confidence 0.40 below the 0.55 needs-review threshold,NO,,,,,,,
01010231:PHYTCPPI,"Rice, Japonica, Xiushui11, dehulled, dried, without N fertilization",PHYTCPPI,789.0,Wehah Farm Inc BLACK JAPONICA RICE,branded_food,0.4,match confidence 0.40 below the 0.55 needs-review threshold,YES,,,,,,,
01010236:PHYTCPPI,"Rice, Japonica, Xiushui63, dehulled, dried, without N fertilization",PHYTCPPI,728.0,Wehah Farm Inc BLACK JAPONICA RICE,branded_food,0.4,match confidence 0.40 below the 0.55 needs-review threshold,NO,,,,,,,
01010237:PHYTCPPI,"Rice, Japonica, Xudao3, dehulled, dried, high N fertilization",PHYTCPPI,693.0,Wehah Farm Inc BLACK JAPONICA RICE,branded_food,0.4,match confidence 0.40 below the 0.55 needs-review threshold,NO,,,,,,,
01010238:PHYTCPPI,"Rice, Japonica, Xudao3, dehulled, dried, high N fertilization",PHYTCPPI,663.0,Wehah Farm Inc BLACK JAPONICA RICE,branded_food,0.4,match confidence 0.40 below the 0.55 needs-review threshold,NO,,,,,,,
01010241:PHYTCPPI,"Rice, Japonica, Xudao3, dehulled, dried, without N fertilization",PHYTCPPI,905.0,Wehah Farm Inc BLACK JAPONICA RICE,branded_food,0.4,match confidence 0.40 below the 0.55 needs-review threshold,NO,,,,,,,
01010242:PHYTCPPI,"Rice, Japonica, Xudao4, dehulled, dried, high N fertilization",PHYTCPPI,824.0,Wehah Farm Inc BLACK JAPONICA RICE,branded_food,0.4,match confidence 0.40 below the 0.55 needs-review threshold,NO,,,,,,,
01010243:PHYTCPPI,"Rice, Japonica, Xudao4, dehulled, dried, high N fertilization",PHYTCPPI,797.0,Wehah Farm Inc BLACK JAPONICA RICE,branded_food,0.4,match confidence 0.40 below the 0.55 needs-review threshold,YES,,,,,,,
01010246:PHYTCPPI,"Rice, Japonica, Xudao4, dehulled, dried, without N fertilization",PHYTCPPI,916.0,Wehah Farm Inc BLACK JAPONICA RICE,branded_food,0.4,match confidence 0.40 below the 0.55 needs-review threshold,NO,,,,,,,
01010247:PHYTCPPI,"Rice, Japonica, Xudao5, dehulled, dried, high N fertilization",PHYTCPPI,721.0,Wehah Farm Inc BLACK JAPONICA RICE,branded_food,0.4,match confidence 0.40 below the 0.55 needs-review threshold,NO,,,,,,,
01010248:PHYTCPPI,"Rice, Japonica, Xudao5, dehulled, dried, high N fertilization",PHYTCPPI,702.0,Wehah Farm Inc BLACK JAPONICA RICE,branded_food,0.4,match confidence 0.40 below the 0.55 needs-review threshold,NO,,,,,,,
01010251:PHYTCPPI,"Rice, Japonica, Xudao5, dehulled, dried, without N fertilization",PHYTCPPI,764.0,Wehah Farm Inc BLACK JAPONICA RICE,branded_food,0.4,match confidence 0.40 below the 0.55 needs-review threshold,NO,,,,,,,
01010256:PHYTCPPI,"Rice, Japonica, Yanjing2, dehulled, dried, without N fertilization",PHYTCPPI,919.0,Wehah Farm Inc BLACK JAPONICA RICE,branded_food,0.4,match confidence 0.40 below the 0.55 needs-review threshold,NO,,,,,,,
01010261:PHYTCPPI,"Rice, Japonica, Yanjing5, dehulled, dried, without N fertilization",PHYTCPPI,867.0,Wehah Farm Inc BLACK JAPONICA RICE,branded_food,0.4,match confidence 0.40 below the 0.55 needs-review threshold,NO,,,,,,,
01010266:PHYTCPPI,"Rice, Japonica, Yanjing9, dehulled, dried, without N fertilization",PHYTCPPI,890.0,Wehah Farm Inc BLACK JAPONICA RICE,branded_food,0.4,match confidence 0.40 below the 0.55 needs-review threshold,NO,,,,,,,
01010271:PHYTCPPI,"Rice, Japonica, Zaofeng9, dehulled, dried, without N fertilization",PHYTCPPI,860.0,Wehah Farm Inc BLACK JAPONICA RICE,branded_food,0.4,match confidence 0.40 below the 0.55 needs-review threshold,NO,,,,,,,
01010276:PHYTCPPI,"Rice, Japonica, Zhendao10, dehulled, dried, without N fertilization",PHYTCPPI,877.0,Wehah Farm Inc BLACK JAPONICA RICE,branded_food,0.4,match confidence 0.40 below the 0.55 needs-review threshold,NO,,,,,,,
01010281:PHYTCPPI,"Rice, Japonica, Zhendao88, dehulled, dried, without N fertilization",PHYTCPPI,883.0,Wehah Farm Inc BLACK JAPONICA RICE,branded_food,0.4,match confidence 0.40 below the 0.55 needs-review threshold,NO,,,,,,,
01010286:PHYTCPPI,"Rice, Japonica, Zhendao99, dehulled, dried, without N fertilization",PHYTCPPI,902.0,Wehah Farm Inc BLACK JAPONICA RICE,branded_food,0.4,match confidence 0.40 below the 0.55 needs-review threshold,NO,,,,,,,
01010305:PHYTCPPD,"Rice, Nakdongbyeo, brown, raw",PHYTCPPD,612.858,Raley's BROWN RICE,branded_food,0.4,match confidence 0.40 below the 0.55 needs-review threshold,NO,,,,,,,
01010308:PHYTCPP,"Rice, Panjin Pearl, raw",PHYTCPP,131.0,OG BLACK PEARL RICE,branded_food,0.4,match confidence 0.40 below the 0.55 needs-review threshold,NO,,,,,,,
01010311:PHYTCPP,"Rice, Panjin Pearl, water-boiled",PHYTCPP,35.0,OG BLACK PEARL RICE,branded_food,0.4,match confidence 0.40 below the 0.55 needs-review threshold,NO,,,,,,,
01010316:PHYTCPP,"Rice, puffed, salted",PHYTCPP,656.0,"Ahold USA, Inc. PUFFED RICE",branded_food,0.4,match confidence 0.40 below the 0.55 needs-review threshold,NO,,,,,,,
01010321:PHYTCPPI,"Rice, RD-7, brown, germinated, dried",PHYTCPPI,1048.11,The J.M. Smucker Company GERMINATED BROWN RICE,branded_food,0.4,match confidence 0.40 below the 0.55 needs-review threshold,NO,,,,,,,
01010322:PHYTCPPI,"Rice, RD-8, brown, raw, dehulled",PHYTCPPI,3844.8,Raley's BROWN RICE,branded_food,0.4,match confidence 0.40 below the 0.55 needs-review threshold,YES,,,,,,,
01010324:PHYTCPPI,"Rice, RD-8, brown, water-soaked, 1d germinated",PHYTCPPI,2074.272,The J.M. Smucker Company GERMINATED BROWN RICE,branded_food,0.4,match confidence 0.40 below the 0.55 needs-review threshold,YES,,,,,,,
01010325:PHYTCPPI,"Rice, RD-8, brown, water-soaked, 2d germinated",PHYTCPPI,1752.975,The J.M. Smucker Company GERMINATED BROWN RICE,branded_food,0.4,match confidence 0.40 below the 0.55 needs-review threshold,NO,,,,,,,
01010326:PHYTCPPI,"Rice, RD-8, brown, water-soaked, 3d germinated",PHYTCPPI,1150.92,The J.M. Smucker Company GERMINATED BROWN RICE,branded_food,0.4,match confidence 0.40 below the 0.55 needs-review threshold,NO,,,,,,,
01010327:PHYTCPPI,"Rice, RD-8, brown, water-soaked, 4d germinated",PHYTCPPI,827.382,The J.M. Smucker Company GERMINATED BROWN RICE,branded_food,0.4,match confidence 0.40 below the 0.55 needs-review threshold,NO,,,,,,,
01010329:PHYTCPPI,"Rice, rough, germinated, dried",PHYTCPPI,835.2679999999999,The J.M. Smucker Company GERMINATED BROWN RICE,branded_food,0.4,match confidence 0.40 below the 0.55 needs-review threshold,NO,,,,,,,
01010336:PHYTCPPI,"Rice, Calrose, white, boiled",PHYTCPPI,45.696,HINODE CALROSE WHITE RICE,branded_food,0.4,match confidence 0.40 below the 0.55 needs-review threshold,NO,,,,,,,
01010339:PHYTCPPI,"Rice, Calrose, white, raw",PHYTCPPI,116.64,HINODE CALROSE WHITE RICE,branded_food,0.4,match confidence 0.40 below the 0.55 needs-review threshold,NO,,,,,,,
01010343:PHYTCPP,"Rice, white, sunned, polished, milled",PHYTCPP,162.0,"Kennedy Rice Mill, LLC ENRICHED INSTANT WHITE RICE",branded_food,0.4,match confidence 0.40 below the 0.55 needs-review threshold,NO,,,,,,,
01010344:PHYTC-,"Rice, whole grain, flakes",PHYTC-,621.0,WHOLE GRAIN BROWN RICE,branded_food,0.4,match confidence 0.40 below the 0.55 needs-review threshold,NO,,,,,,,
01010345:PHYT-,"Rice, whole grain, raw",PHYT-,250.0,WHOLE GRAIN BROWN RICE,branded_food,0.4,match confidence 0.40 below the 0.55 needs-review threshold,NO,,,,,,,
01020001:PHYTC-,"Bread, corn-based",PHYTC-,216.0,"CORN BREAD, CORN",branded_food,0.4,match confidence 0.40 below the 0.55 needs-review threshold,NO,,,,,,,
01020002:PHYTCPP,"Bread, corn-based, leavened",PHYTCPP,61.0,"CORN BREAD, CORN",branded_food,0.4,match confidence 0.40 below the 0.55 needs-review threshold,NO,,,,,,,
01020003:PHYTCPP,"Bread, corn-based, leavened, steamed",PHYTCPP,76.0,"CORN BREAD, CORN",branded_food,0.4,match confidence 0.40 below the 0.55 needs-review threshold,NO,,,,,,,
01020006:PHYTC-,"Bread, full corn-based",PHYTC-,235.6,"CORN BREAD, CORN",branded_food,0.4,match confidence 0.40 below the 0.55 needs-review threshold,NO,,,,,,,
01020009:IP6,"Breakfast cereal, corn, Frosted Flakes, Kellogg’s",IP6,218.0,"The Kellogg Company KELLOGG'S, FROSTED FLAKES, FROSTED CORN FLAKE CEREAL",branded_food,0.4,match confidence 0.40 below the 0.55 needs-review threshold,NO,,,,,,,
01020012:IP5,"Breakfast cereal, cornflakes",IP5,29.0,"CORN FLAKES CEREAL, CORN FLAKES",branded_food,0.4,match confidence 0.40 below the 0.55 needs-review threshold,NO,,,,,,,
01020012:IP6,"Breakfast cereal, cornflakes",IP6,46.199999999999996,"CORN FLAKES CEREAL, CORN FLAKES",branded_food,0.4,match confidence 0.40 below the 0.55 needs-review threshold,NO,,,,,,,
01020014:IP5,"Breakfast cereal, cornflakes, ""Cruncky""",IP5,23.2,BREAKFAST PACK CEREAL,branded_food,0.4,match confidence 0.40 below the 0.55 needs-review threshold,NO,,,,,,,
01020014:IP6,"Breakfast cereal, cornflakes, ""Cruncky""",IP6,52.8,BREAKFAST PACK CEREAL,branded_food,0.4,match confidence 0.40 below the 0.55 needs-review threshold,NO,,,,,,,
01020015:IP5,"Breakfast cereal, cornflakes, ""El Dorado""",IP5,34.8,BREAKFAST PACK CEREAL,branded_food,0.4,match confidence 0.40 below the 0.55 needs-review threshold,NO,,,,,,,
01020015:IP6,"Breakfast cereal, cornflakes, ""El Dorado""",IP6,33.0,BREAKFAST PACK CEREAL,branded_food,0.4,match confidence 0.40 below the 0.55 needs-review threshold,YES,,,,,,,
01020016:PHYTC-,"Breakfast cereal, cornflakes, Skippy",PHYTC-,450.0,BREAKFAST PACK CEREAL,branded_food,0.4,match confidence 0.40 below the 0.55 needs-review threshold,NO,,,,,,,
01020021:PHYTCPP,Corn starch,PHYTCPP,0.0,RAPUNZEL ORGANIC CORN STARCH,branded_food,0.4,match confidence 0.40 below the 0.55 needs-review threshold,NO,,,,,,,
01020046:PHYTCPPI,"Corn, Texas 17W, alkali-treated",PHYTCPPI,815.32,CREATE A TREAT FROSTED SUGAR COOKIES,branded_food,0.4,match confidence 0.40 below the 0.55 needs-review threshold,NO,,,,,,,
01020056:PHYTCPPI,"Injera bread, maize-based, flat, unfermented",PHYTCPPI,282.0,United States Bakery MAIN ST BAKERY BREAD,branded_food,0.4,match confidence 0.40 below the 0.55 needs-review threshold,NO,,,,,,,
01020056:PPI,"Injera bread, maize-based, flat, unfermented",PPI,78.3,United States Bakery MAIN ST BAKERY BREAD,branded_food,0.4,match confidence 0.40 below the 0.55 needs-review threshold,YES,,,,,,,
01020059:PHYTCA,Maize flour,PHYTCA,90.0,MANA RICE FLOUR,branded_food,0.4,match confidence 0.40 below the 0.55 needs-review threshold,NO,,,,,,,
01020060:PHYTCPPD,"Maize flour, 65% extraction",PHYTCPPD,211.0,MANA RICE FLOUR,branded_food,0.4,match confidence 0.40 below the 0.55 needs-review threshold,NO,,,,,,,
01020061:PHYTCPPD,"Maize flour, 95% extraction",PHYTCPPD,792.0,MANA RICE FLOUR,branded_food,0.4,match confidence 0.40 below the 0.55 needs-review threshold,NO,,,,,,,
01020063:PHYT-,"Maize meal, packaged",PHYT-,550.0,"Smithfield Packaged Meats Corp. MAPLE HAM, MAPLE",branded_food,0.4,match confidence 0.40 below the 0.55 needs-review threshold,NO,,,,,,,
01020064:PHYTCPPD,"Maize paste, yellow, soaked, fermented, dehulled, wet-milled, sieved",PHYTCPPD,380.0,"Wang Globalnet SURASANG, FERMENTED SOYBEAN PASTE",branded_food,0.4,match confidence 0.40 below the 0.55 needs-review threshold,NO,,,,,,,
01020070:PHYTCPPD,"Maize, Bc 183 (1985), dough maturation stage, raw",PHYTCPPD,320.0,RICH PRODUCTS CORPORATION BISCUIT STICK DOUGH,branded_food,0.4,match confidence 0.40 below the 0.55 needs-review threshold,NO,,,,,,,
01020071:PHYTCPPD,"Maize, Bc 183 (1985), dough maturation stage, raw",PHYTCPPD,600.0,RICH PRODUCTS CORPORATION BISCUIT STICK DOUGH,branded_food,0.4,match confidence 0.40 below the 0.55 needs-review threshold,NO,,,,,,,
01020072:PHYTCPPD,"Maize, Bc 183 (1985), dough maturation stage, raw",PHYTCPPD,690.0,RICH PRODUCTS CORPORATION BISCUIT STICK DOUGH,branded_food,0.4,match confidence 0.40 below the 0.55 needs-review threshold,NO,,,,,,,
01020077:PHYTCPPD,"Maize, Bc 183 (1986), dough maturation stage, raw",PHYTCPPD,310.0,RICH PRODUCTS CORPORATION BISCUIT STICK DOUGH,branded_food,0.4,match confidence 0.40 below the 0.55 needs-review threshold,NO,,,,,,,
01020078:PHYTCPPD,"Maize, Bc 183 (1986), dough maturation stage, raw",PHYTCPPD,330.0,RICH PRODUCTS CORPORATION BISCUIT STICK DOUGH,branded_food,0.4,match confidence 0.40 below the 0.55 needs-review threshold,YES,,,,,,,
01020079:PHYTCPPD,"Maize, Bc 183 (1986), dough maturation stage, raw",PHYTCPPD,520.0,RICH PRODUCTS CORPORATION BISCUIT STICK DOUGH,branded_food,0.4,match confidence 0.40 below the 0.55 needs-review threshold,NO,,,,,,,
01020084:PHYTCPPD,"Maize, Bc 196 (1985), dough maturation stage, raw",PHYTCPPD,310.0,RICH PRODUCTS CORPORATION BISCUIT STICK DOUGH,branded_food,0.4,match confidence 0.40 below the 0.55 needs-review threshold,NO,,,,,,,
01020085:PHYTCPPD,"Maize, Bc 196 (1985), dough maturation stage, raw",PHYTCPPD,530.0,RICH PRODUCTS CORPORATION BISCUIT STICK DOUGH,branded_food,0.4,match confidence 0.40 below the 0.55 needs-review threshold,NO,,,,,,,
01020086:PHYTCPPD,"Maize, Bc 196 (1985), dough maturation stage, raw",PHYTCPPD,660.0,RICH PRODUCTS CORPORATION BISCUIT STICK DOUGH,branded_food,0.4,match confidence 0.40 below the 0.55 needs-review threshold,NO,,,,,,,
01020091:PHYTCPPD,"Maize, Bc 196 (1986), dough maturation stage, raw",PHYTCPPD,260.0,RICH PRODUCTS CORPORATION BISCUIT STICK DOUGH,branded_food,0.4,match confidence 0.40 below the 0.55 needs-review threshold,NO,,,,,,,
01020092:PHYTCPPD,"Maize, Bc 196 (1986), dough maturation stage, raw",PHYTCPPD,260.0,RICH PRODUCTS CORPORATION BISCUIT STICK DOUGH,branded_food,0.4,match confidence 0.40 below the 0.55 needs-review threshold,NO,,,,,,,
01020093:PHYTCPPD,"Maize, Bc 196 (1986), dough maturation stage, raw",PHYTCPPD,520.0,RICH PRODUCTS CORPORATION BISCUIT STICK DOUGH,branded_food,0.4,match confidence 0.40 below the 0.55 needs-review threshold,NO,,,,,,,
01020098:PHYTCPPD,"Maize, Bc 488 (1985), dough maturation stage, raw",PHYTCPPD,350.0,RICH PRODUCTS CORPORATION BISCUIT STICK DOUGH,branded_food,0.4,match confidence 0.40 below the 0.55 needs-review threshold,NO,,,,,,,
01020099:PHYTCPPD,"Maize, Bc 488 (1985), dough maturation stage, raw",PHYTCPPD,380.0,RICH PRODUCTS CORPORATION BISCUIT STICK DOUGH,branded_food,0.4,match confidence 0.40 below the 0.55 needs-review threshold,NO,,,,,,,
01020100:PHYTCPPD,"Maize, Bc 488 (1985), dough maturation stage, raw",PHYTCPPD,500.0,RICH PRODUCTS CORPORATION BISCUIT STICK DOUGH,branded_food,0.4,match confidence 0.40 below the 0.55 needs-review threshold,YES,,,,,,,
01020105:PHYTCPPD,"Maize, Bc 488 (1986), dough maturation stage, raw",PHYTCPPD,170.0,RICH PRODUCTS CORPORATION BISCUIT STICK DOUGH,branded_food,0.4,match confidence 0.40 below the 0.55 needs-review threshold,NO,,,,,,,
01020106:PHYTCPPD,"Maize, Bc 488 (1986), dough maturation stage, raw",PHYTCPPD,300.0,RICH PRODUCTS CORPORATION BISCUIT STICK DOUGH,branded_food,0.4,match confidence 0.40 below the 0.55 needs-review threshold,NO,,,,,,,
01020107:PHYTCPPD,"Maize, Bc 488 (1986), dough maturation stage, raw",PHYTCPPD,320.0,RICH PRODUCTS CORPORATION BISCUIT STICK DOUGH,branded_food,0.4,match confidence 0.40 below the 0.55 needs-review threshold,NO,,,,,,,
01020120:PP-,"Maize, Nongda 108, dried",PP-,601.66,MAIKA'I FREEZE-DRIED FRUIT MANGO,branded_food,0.4,match confidence 0.40 below the 0.55 needs-review threshold,NO,,,,,,,
01020121:PHYTCPPI,"Maize, roasted",PHYTCPPI,580.0,CRAIZE ROASTED AREPA,branded_food,0.4,match confidence 0.40 below the 0.55 needs-review threshold,NO,,,,,,,
01020135:PHYTCPP,"Maize, tender, sweet, raw",PHYTCPP,221.0,"Tops Markets, LLC TENDER SWEET PEAS",branded_food,0.4,match confidence 0.40 below the 0.55 needs-review threshold,NO,,,,,,,
01020138:PHYT-,"Maize, white, whole grain, dried",PHYT-,1770.0,WHOLE GRAIN WHITE BREAD,branded_food,0.4,match confidence 0.40 below the 0.55 needs-review threshold,NO,,,,,,,
01020144:IP6,"Popcorn, popped, plain, Orville Redenbacher’s",IP6,39.0,ORVILLE REDENBACHER'S POPPING CORN,branded_food,0.4,match confidence 0.40 below the 0.55 needs-review threshold,YES,,,,,,,
01020145:IP5,"Porridge, corn grits",IP5,31.0,"CORNMEAL INSTANT PORRIDGE, CORNMEAL",branded_food,0.4,match confidence 0.40 below the 0.55 needs-review threshold,NO,,,,,,,
01020145:IP5_A_IP6,"Porridge, corn grits",IP5_A_IP6,83.0,"CORNMEAL INSTANT PORRIDGE, CORNMEAL",branded_food,0.4,match confidence 0.40 below the 0.55 needs-review threshold,YES,,,,,,,
01020145:IP6,"Porridge, corn grits",IP6,52.0,"CORNMEAL INSTANT PORRIDGE, CORNMEAL",branded_food,0.4,match confidence 0.40 below the 0.55 needs-review threshold,NO,,,,,,,
01020145:PHYTCPP,"Porridge, corn grits",PHYTCPP,23.0,"CORNMEAL INSTANT PORRIDGE, CORNMEAL",branded_food,0.4,match confidence 0.40 below the 0.55 needs-review threshold,NO,,,,,,,
01030035:IP6,"Bread, wheat-based, French, Super Giant",IP6,33.0,"Meijer, Inc. WHEAT FRENCH BREAD",branded_food,0.4,match confidence 0.40 below the 0.55 needs-review threshold,NO,,,,,,,
01030046:PHYTC-,"Bread, wheaten, protein rich",PHYTC-,302.4,"Flowers Foods, Inc. WHEAT+PROTEIN BREAD",branded_food,0.4,match confidence 0.40 below the 0.55 needs-review threshold,NO,,,,,,,
01030048:PHYTC-,"Bread, wheaten, superwheat",PHYTC-,239.4,"Supervalu, Inc. WHEAT BREAD",branded_food,0.4,match confidence 0.40 below the 0.55 needs-review threshold,NO,,,,,,,
01030074:IP3,"Bread, whole wheat-based, with B. longum spp. infantis phytase",IP3,2.7971999999999997,Love's Bakery Inc. 100% WHOLE WHEAT BREAD,branded_food,0.4,match confidence 0.40 below the 0.55 needs-review threshold,NO,,,,,,,
01030074:IP4,"Bread, whole wheat-based, with B. longum spp. infantis phytase",IP4,3.33,Love's Bakery Inc. 100% WHOLE WHEAT BREAD,branded_food,0.4,match confidence 0.40 below the 0.55 needs-review threshold,NO,,,,,,,
01030074:IP5,"Bread, whole wheat-based, with B. longum spp. infantis phytase",IP5,3.8627999999999996,Love's Bakery Inc. 100% WHOLE WHEAT BREAD,branded_food,0.4,match confidence 0.40 below the 0.55 needs-review threshold,YES,,,,,,,
01030074:IP5_A_IP6,"Bread, whole wheat-based, with B. longum spp. infantis phytase",IP5_A_IP6,17.049599999999998,Love's Bakery Inc. 100% WHOLE WHEAT BREAD,branded_food,0.4,match confidence 0.40 below the 0.55 needs-review threshold,NO,,,,,,,
01030074:IP6,"Bread, whole wheat-based, with B. longum spp. infantis phytase",IP6,13.186799999999998,Love's Bakery Inc. 100% WHOLE WHEAT BREAD,branded_food,0.4,match confidence 0.40 below the 0.55 needs-review threshold,YES,,,,,,,
01030079:PHYTC-,"Bread, wholemeal, pure wholemeal",PHYTC-,403.0,SONKO CRISP BREAD WHOLEMEAL,branded_food,0.4,match confidence 0.40 below the 0.55 needs-review threshold,YES,,,,,,,
01030080:PHYTC-,"Bread, wholemeal, swiss style",PHYTC-,253.0,SONKO CRISP BREAD WHOLEMEAL,branded_food,0.4,match confidence 0.40 below the 0.55 needs-review threshold,NO,,,,,,,
01030081:PHYTC-,"Bread, wholemeal, swiss style",PHYTC-,274.4,SONKO CRISP BREAD WHOLEMEAL,branded_food,0.4,match confidence 0.40 below the 0.55 needs-review threshold,NO,,,,,,,
01030087:IP6,"Breakfast cereal, wheat, Smacks, Kellogg’s",IP6,94.0,Kellogg Company US Kellogg's Cereal Breakfast Bar Chocolate,branded_food,0.4,match confidence 0.40 below the 0.55 needs-review threshold,NO,,,,,,,
01030088:IP6,"Breakfast cereal, wheat, Wheaties, General Mills",IP6,316.0,GENERAL MILLS SALES INC. Wheaties Whole Grain Wheat Flakes Breakfast Cereal,branded_food,0.4,match confidence 0.40 below the 0.55 needs-review threshold,YES,,,,,,,
01030114:PHYTC-,"Maccheronccini pasta, durum wheat semolina",PHYTC-,153.54399999999998,Maestri Pastai DURUM WHEAT SEMOLINA PASTA,branded_food,0.4,match confidence 0.40 below the 0.55 needs-review threshold,YES,,,,,,,
01030119:IP6,"Noodles, white wheat-based, boiled",IP6,164.73600000000002,"Gencorp, LLC WHEAT NOODLES",branded_food,0.4,match confidence 0.40 below the 0.55 needs-review threshold,NO,,,,,,,
01030120:PHYTCPP,"Pancake, wheat-based, leavened",PHYTCPP,7.0,Echo Lake Foods Whole Wheat Pancakes,branded_food,0.4,match confidence 0.40 below the 0.55 needs-review threshold,YES,,,,,,,
01030121:PHYTCPP,"Pancake, wheat-based, unleavened",PHYTCPP,14.0,Echo Lake Foods Whole Wheat Pancakes,branded_food,0.4,match confidence 0.40 below the 0.55 needs-review threshold,NO,,,,,,,
01030128:IP5,"Porridge formula, wheatmeal, commercial, ""Ahaa""",IP5,150.8,"Fortune Commercial Corp PAMANA, CHICKEN RICE PORRIDGE",branded_food,0.4,match confidence 0.40 below the 0.55 needs-review threshold,NO,,,,,,,
01030128:IP6,"Porridge formula, wheatmeal, commercial, ""Ahaa""",IP6,448.8,"Fortune Commercial Corp PAMANA, CHICKEN RICE PORRIDGE",branded_food,0.4,match confidence 0.40 below the 0.55 needs-review threshold,NO,,,,,,,
01030129:IP5,"Porridge formula, wheatmeal, commercial, ""Nalle""",IP5,121.8,"Fortune Commercial Corp PAMANA, CHICKEN RICE PORRIDGE",branded_food,0.4,match confidence 0.40 below the 0.55 needs-review threshold,NO,,,,,,,
01030129:IP6,"Porridge formula, wheatmeal, commercial, ""Nalle""",IP6,646.8000000000001,"Fortune Commercial Corp PAMANA, CHICKEN RICE PORRIDGE",branded_food,0.4,match confidence 0.40 below the 0.55 needs-review threshold,NO,,,,,,,
01030150:PHYTCPPI,"Wheat bran, flour",PHYTCPPI,1796.0,NOT A BRANDED ITEM WHEAT FLOUR,branded_food,0.4,match confidence 0.40 below the 0.55 needs-review threshold,NO,,,,,,,
01030151:PHYTCPPI,"Wheat bran, mixed flour",PHYTCPPI,986.49,NOT A BRANDED ITEM WHEAT FLOUR,branded_food,0.4,match confidence 0.40 below the 0.55 needs-review threshold,NO,,,,,,,
01030167:PHYTCPP,Wheat flakes,PHYTCPP,138.0,"Ahold USA, Inc. WHOLE WHEAT FLAKE & GRANOLA CEREAL",branded_food,0.4,match confidence 0.40 below the 0.55 needs-review threshold,NO,,,,,,,
01030177:PHYTCPPD,"Wheat flour product, Raisin Bun",PHYTCPPD,6.66,"Guecor Products, LLC WHEAT FLOUR """"RUEDAS"""" SNACK",branded_food,0.4,match confidence 0.40 below the 0.55 needs-review threshold,YES,,,,,,,
01030178:PHYTCPPD,"Wheat flour product, Rusk Angili",PHYTCPPD,42.77,"Guecor Products, LLC WHEAT FLOUR """"RUEDAS"""" SNACK",branded_food,0.4,match confidence 0.40 below the 0.55 needs-review threshold,NO,,,,,,,
01030179:PHYTCPPD,"Wheat flour product, Rusk Hulan",PHYTCPPD,4.6,"Guecor Products, LLC WHEAT FLOUR """"RUEDAS"""" SNACK",branded_food,0.4,match confidence 0.40 below the 0.55 needs-review threshold,NO,,,,,,,
01030181:PHYTCPP,"Wheat flour, 50% extraction",PHYTCPP,37.0,"Finlay Extracts & Ingredients USA, Inc. WHOLE WHEAT FLOUR",branded_food,0.4,match confidence 0.40 below the 0.55 needs-review threshold,YES,,,,,,,
01030182:PHYTCPP,"Wheat flour, 75% extraction",PHYTCPP,117.0,"Finlay Extracts & Ingredients USA, Inc. WHOLE WHEAT FLOUR",branded_food,0.4,match confidence 0.40 below the 0.55 needs-review threshold,YES,,,,,,,
01030183:PHYTCPP,"Wheat flour, 85% extraction",PHYTCPP,420.0,"Finlay Extracts & Ingredients USA, Inc. WHOLE WHEAT FLOUR",branded_food,0.4,match confidence 0.40 below the 0.55 needs-review threshold,YES,,,,,,,
01030187:IP6,"Wheat flour, Back Cross of Roshan, hydrothermaled",IP6,69.75209999999998,Thomas Brothers Ham Company WHEAT FLOUR,branded_food,0.4,match confidence 0.40 below the 0.55 needs-review threshold,NO,,,,,,,
01030188:PHYTC-,"Wheat flour, kibbled",PHYTC-,649.7,PZZ KRAKOW WHEAT FLOUR,branded_food,0.4,match confidence 0.40 below the 0.55 needs-review threshold,YES,,,,,,,
01030192:IP6,"Wheat flour, Tajan, hydrothermaled",IP6,44.78628,Thomas Brothers Ham Company WHEAT FLOUR,branded_food,0.4,match confidence 0.40 below the 0.55 needs-review threshold,YES,,,,,,,
01030196:PHYTCPPI,"Wheat flour, type for leavened pastry",PHYTCPPI,56.364000000000004,"Whole Foods Market, Inc. WHOLE WHEAT PASTRY FLOUR",branded_food,0.4,match confidence 0.40 below the 0.55 needs-review threshold,NO,,,,,,,
01030197:PHYT-,"Wheat flour, Wampum (spring wheat), high phytate-content",PHYT-,1628.0,Early Bird Farm HARD RED SPRING WHEAT FLOUR,branded_food,0.4,match confidence 0.40 below the 0.55 needs-review threshold,YES,,,,,,,
01030198:PHYT-,"Wheat flour, Wampum (spring wheat), low phytate-content",PHYT-,167.2,Early Bird Farm HARD RED SPRING WHEAT FLOUR,branded_food,0.4,match confidence 0.40 below the 0.55 needs-review threshold,YES,,,,,,,
01030199:PHYT-,"Wheat flour, Wampum (spring wheat), medium phytate-content",PHYT-,589.6,"Wal-Mart Stores, Inc. WHOLE WHEAT FLOUR TORTILLAS, MEDIUM",branded_food,0.4,match confidence 0.40 below the 0.55 needs-review threshold,YES,,,,,,,
01030209:PHYTCPPI,"Wheat flour, whole grain",PHYTCPPI,986.37,"Topco Associates, Inc. 100% WHOLE GRAIN WHOLE WHEAT FLOUR, WHOLE GRAIN",branded_food,0.4,match confidence 0.40 below the 0.55 needs-review threshold,NO,,,,,,,
01030210:PHYTCPP,"Wheat flour, whole grain",PHYTCPP,1102.896,"Topco Associates, Inc. 100% WHOLE GRAIN WHOLE WHEAT FLOUR, WHOLE GRAIN",branded_food,0.4,match confidence 0.40 below the 0.55 needs-review threshold,YES,,,,,,,
01030211:PHYTC-,"Wheat flour, whole grain",PHYTC-,1146.7017600000001,"Topco Associates, Inc. 100% WHOLE GRAIN WHOLE WHEAT FLOUR, WHOLE GRAIN",branded_food,0.4,match confidence 0.40 below the 0.55 needs-review threshold,NO,,,,,,,
01030212:PHYTCPPD,"Wheat flour, whole grain",PHYTCPPD,537.0,"Topco Associates, Inc. 100% WHOLE GRAIN WHOLE WHEAT FLOUR, WHOLE GRAIN",branded_food,0.4,match confidence 0.40 below the 0.55 needs-review threshold,NO,,,,,,,
01030213:PHYTCPPD,"Wheat flour, whole grain",PHYTCPPD,814.0,"Topco Associates, Inc. 100% WHOLE GRAIN WHOLE WHEAT FLOUR, WHOLE GRAIN",branded_food,0.4,match confidence 0.40 below the 0.55 needs-review threshold,YES,,,,,,,
01030214:PHYTCPPI,"Wheat flour, whole grain",PHYTCPPI,555.716,"Topco Associates, Inc. 100% WHOLE GRAIN WHOLE WHEAT FLOUR, WHOLE GRAIN",branded_food,0.4,match confidence 0.40 below the 0.55 needs-review threshold,YES,,,,,,,
01030215:PHYTCA,"Wheat flour, whole grain",PHYTCA,770.0,"Topco Associates, Inc. 100% WHOLE GRAIN WHOLE WHEAT FLOUR, WHOLE GRAIN",branded_food,0.4,match confidence 0.40 below the 0.55 needs-review threshold,YES,,,,,,,
01030219:PHYTCPPI,"Wheat, baking flour",PHYTCPPI,253.3,"Baker Miller, LLC WHEAT FLOUR",branded_food,0.4,match confidence 0.40 below the 0.55 needs-review threshold,NO,,,,,,,
01030224:PHYTCPPD,"Wheat, C-306, grown organic, raw",PHYTCPPD,388.86103800000006,ORGANIC WHOLE WHEAT FLOUR,branded_food,0.4,match confidence 0.40 below the 0.55 needs-review threshold,NO,,,,,,,
01030227:PHYTCPPD,"Wheat, grown non-organic, raw",PHYTCPPD,408.096835,"NutriBlade, LLC ORGANIC WHEAT GRASS",branded_food,0.4,match confidence 0.40 below the 0.55 needs-review threshold,NO,,,,,,,
01030233:PHYTCPP,"Wheat, vermicelli, roasted",PHYTCPP,165.0,ZB Importing Inc. CRACKED WHEAT WITH TOASTED VERMICELLI,branded_food,0.4,match confidence 0.40 below the 0.55 needs-review threshold,NO,,,,,,,
01040006:PHYTCPPI,"Injera bread, sorghum-based, Tabat, fermented",PHYTCPPI,275.43269,"Sogo Bakery, Inc. TARO BREAD",branded_food,0.4,match confidence 0.40 below the 0.55 needs-review threshold,NO,,,,,,,
01050077:PHYTCPPD,"Fonio, Dieni, ready-to-cook, raw, dehulled",PHYTCPPD,93.536,"Deep Foods Inc. BANSI, READY TO COOK CRACKERS",branded_food,0.4,match confidence 0.40 below the 0.55 needs-review threshold,YES,,,,,,,
01050078:PHYTCPPD,"Fonio, Finiba, ready-to-cook, raw, dehulled",PHYTCPPD,88.184,"Deep Foods Inc. BANSI, READY TO COOK CRACKERS",branded_food,0.4,match confidence 0.40 below the 0.55 needs-review threshold,NO,,,,,,,
01050080:PHYTCPPD,"Fonio, Kassangara, ready-to-cook, raw, dehulled",PHYTCPPD,130.804,"Deep Foods Inc. BANSI, READY TO COOK CRACKERS",branded_food,0.4,match confidence 0.40 below the 0.55 needs-review threshold,NO,,,,,,,
01050088:PHYTCPPD,"Fonio, Tioi, ready-to-cook, raw, dehulled",PHYTCPPD,60.776,"Deep Foods Inc. BANSI, READY TO COOK CRACKERS",branded_food,0.4,match confidence 0.40 below the 0.55 needs-review threshold,NO,,,,,,,
01050091:PHYTCPPD,"Foniopaddy, Kassangara, raw, dehulled and milled",PHYTCPPD,598.528,STAR FEAST RAW PEELED AND DEVEINED,branded_food,0.4,match confidence 0.40 below the 0.55 needs-review threshold,NO,,,,,,,
01050095:PHYTCPPD,"Foniopaddy, Peye, raw, dehulled and milled",PHYTCPPD,416.78,STAR FEAST RAW PEELED AND DEVEINED,branded_food,0.4,match confidence 0.40 below the 0.55 needs-review threshold,NO,,,,,,,
01050122:PHYTCPP,"Pancake, millet-based",PHYTCPP,149.5,Lehi Roller Mills Co. Inc. PLANT-BASED PANCAKE MIX,branded_food,0.4,match confidence 0.40 below the 0.55 needs-review threshold,NO,,,,,,,
01050136:PHYTCPPI,"Pearl millet flour, Ashana, whole seed, 30 days storage",PHYTCPPI,727.01386,Target Stores WHOLE WHEAT FLOUR,branded_food,0.4,match confidence 0.40 below the 0.55 needs-review threshold,NO,,,,,,,
01050137:PHYTCPPI,"Pearl millet flour, Ashana, whole seed, 60 days storage",PHYTCPPI,727.6189799999999,Target Stores WHOLE WHEAT FLOUR,branded_food,0.4,match confidence 0.40 below the 0.55 needs-review threshold,NO,,,,,,,
01050142:PHYTCPPI,"Pearl millet flour, Ashana, whole seed, irradiated, 30 days storage",PHYTCPPI,726.6451149999999,"Associated Wholesale Grocers, Inc. ORGANIC MILLED FLAX SEEDS",branded_food,0.4,match confidence 0.40 below the 0.55 needs-review threshold,NO,,,,,,,
01050143:PHYTCPPI,"Pearl millet flour, Ashana, whole seed, irradiated, 60 days storage",PHYTCPPI,726.91931,"Associated Wholesale Grocers, Inc. ORGANIC MILLED FLAX SEEDS",branded_food,0.4,match confidence 0.40 below the 0.55 needs-review threshold,NO,,,,,,,
01050144:PHYTCPPI,"Pearl millet flour, Ashana, whole seed, irradiated, cooked dried, 30 days storage",PHYTCPPI,716.547175,"Associated Wholesale Grocers, Inc. ORGANIC MILLED FLAX SEEDS",branded_food,0.4,match confidence 0.40 below the 0.55 needs-review threshold,NO,,,,,,,
01050146:PHYTCPPI,"Pearl millet flour, Ashana, whole seed, irradiated, cooked, dried, 60 days storage",PHYTCPPI,718.42872,"Associated Wholesale Grocers, Inc. ORGANIC MILLED FLAX SEEDS",branded_food,0.4,match confidence 0.40 below the 0.55 needs-review threshold,NO,,,,,,,
01050160:PHYTCPPI,"Pearl millet flour, Dembi, whole seed, 30 days storage",PHYTCPPI,684.0976149999999,Target Stores WHOLE WHEAT FLOUR,branded_food,0.4,match confidence 0.40 below the 0.55 needs-review threshold,YES,,,,,,,
01050161:PHYTCPPI,"Pearl millet flour, Dembi, whole seed, 60 days storage",PHYTCPPI,685.440225,Target Stores WHOLE WHEAT FLOUR,branded_food,0.4,match confidence 0.40 below the 0.55 needs-review threshold,NO,,,,,,,
01050165:PHYTCPPI,"Pearl millet flour, Dembi, whole seed, raw, irradiated",PHYTCPPI,682.981925,"Bob's Red Mill Natural Foods, Inc. WHOLE GRAIN MILLET FLOUR",branded_food,0.4,match confidence 0.40 below the 0.55 needs-review threshold,NO,,,,,,,
01050199:IP6,"Pearl millet, paste, fermented",IP6,70.56,MILKimchi Inc GOCHUJANG FERMENTED CHILE PASTE,branded_food,0.4,match confidence 0.40 below the 0.55 needs-review threshold,NO,,,,,,,
01050210:PHYTCA,"Proso millet, TNAU-145, brown",PHYTCA,749.4900000000001,Lotus Foods MILLET & BROWN RICE RAMEN,branded_food,0.4,match confidence 0.40 below the 0.55 needs-review threshold,YES,,,,,,,
01060001:PP-,Amaranth flour,PP-,1.7043000000000001,"Bob's Red Mill Natural Foods, Inc. WHOLE GRAIN AMARANTH FLOUR",branded_food,0.4,match confidence 0.40 below the 0.55 needs-review threshold,YES,,,,,,,
01060041:PPI,"Barley, mix of varieties, whole grain, raw",PPI,252.56,"Raley's BARLEY, PEAS & LENTILS GRAIN MIX",branded_food,0.4,match confidence 0.40 below the 0.55 needs-review threshold,NO,,,,,,,
01060044:PPI,"Barley, PLPB, whole grain, raw",PPI,137.1,Raley's WHOLE GRAIN PENNE,branded_food,0.4,match confidence 0.40 below the 0.55 needs-review threshold,YES,,,,,,,
01060047:IP3,"Barley, Sunnita, 25 kGy irradiated, water-soaked, incubated",IP3,21.591359999999998,Soofer Co. Inc. BARLEY SOUP,branded_food,0.4,match confidence 0.40 below the 0.55 needs-review threshold,NO,,,,,,,
01060047:IP4,"Barley, Sunnita, 25 kGy irradiated, water-soaked, incubated",IP4,18.971999999999998,Soofer Co. Inc. BARLEY SOUP,branded_food,0.4,match confidence 0.40 below the 0.55 needs-review threshold,NO,,,,,,,
01060047:IP5,"Barley, Sunnita, 25 kGy irradiated, water-soaked, incubated",IP5,31.473120000000005,Soofer Co. Inc. BARLEY SOUP,branded_food,0.4,match confidence 0.40 below the 0.55 needs-review threshold,YES,,,,,,,
01060047:IP6,"Barley, Sunnita, 25 kGy irradiated, water-soaked, incubated",IP6,30.697919999999996,Soofer Co. Inc. BARLEY SOUP,branded_food,0.4,match confidence 0.40 below the 0.55 needs-review threshold,YES,,,,,,,
01060062:PHYTC-,"Bread, mixed cereals, Bornhoffen whole food",PHYTC-,288.1,"Whole Foods Market, Inc. MIXED BERRY CEREAL BARS, MIXED BERRY",branded_food,0.4,match confidence 0.40 below the 0.55 needs-review threshold,YES,,,,,,,
01060063:PHYTC-,"Bread, mixed cereals, dutch bran",PHYTC-,341.6,DAMIZLE MIXED CEREAL TEA,branded_food,0.4,match confidence 0.40 below the 0.55 needs-review threshold,NO,,,,,,,
01060064:PHYTC-,"Bread, mixed cereals, golden grain",PHYTC-,330.0,"Sturdiwheat Inc. GOLDEN GRAIN WHITE BREAD MIX, GOLDEN GRAIN WHITE",branded_food,0.4,match confidence 0.40 below the 0.55 needs-review threshold,YES,,,,,,,
01060068:PHYTC-,"Bread, mixed cereals, tank loaf",PHYTC-,408.0,DAMIZLE MIXED CEREAL TEA,branded_food,0.4,match confidence 0.40 below the 0.55 needs-review threshold,NO,,,,,,,
01060073:PHYTCPPI,"Bread, mixed grains flour",PHYTCPPI,292.608,JAYONE MIXED 7 GRAINS,branded_food,0.4,match confidence 0.40 below the 0.55 needs-review threshold,NO,,,,,,,
01060078:PHYTC-,"Bread, rye-based, continental rye",PHYTC-,347.7,"Continental Mills, Inc. BEER BREAD MIX",branded_food,0.4,match confidence 0.40 below the 0.55 needs-review threshold,NO,,,,,,,
01060091:IP3,"Bread, wheat and whole amaranth, with fungal phytase",IP3,2.7888000000000006,RAISIN BRAN WHOLE GRAIN WHEAT AND BRAN CEREAL WITH RAISINS,branded_food,0.4,match confidence 0.40 below the 0.55 needs-review threshold,NO,,,,,,,
01060091:IP4,"Bread, wheat and whole amaranth, with fungal phytase",IP4,3.32,RAISIN BRAN WHOLE GRAIN WHEAT AND BRAN CEREAL WITH RAISINS,branded_food,0.4,match confidence 0.40 below the 0.55 needs-review threshold,NO,,,,,,,
01060091:IP5,"Bread, wheat and whole amaranth, with fungal phytase",IP5,7.7024,RAISIN BRAN WHOLE GRAIN WHEAT AND BRAN CEREAL WITH RAISINS,branded_food,0.4,match confidence 0.40 below the 0.55 needs-review threshold,NO,,,,,,,
01060091:IP5_A_IP6,"Bread, wheat and whole amaranth, with fungal phytase",IP5_A_IP6,64.6736,RAISIN BRAN WHOLE GRAIN WHEAT AND BRAN CEREAL WITH RAISINS,branded_food,0.4,match confidence 0.40 below the 0.55 needs-review threshold,NO,,,,,,,
01060091:IP6,"Bread, wheat and whole amaranth, with fungal phytase",IP6,56.971199999999996,RAISIN BRAN WHOLE GRAIN WHEAT AND BRAN CEREAL WITH RAISINS,branded_food,0.4,match confidence 0.40 below the 0.55 needs-review threshold,NO,,,,,,,
01060092:IP3,"Bread, wheat and whole amaranth, with fungal phytase",IP3,2.835,RAISIN BRAN WHOLE GRAIN WHEAT AND BRAN CEREAL WITH RAISINS,branded_food,0.4,match confidence 0.40 below the 0.55 needs-review threshold,NO,,,,,,,
01060092:IP4,"Bread, wheat and whole amaranth, with fungal phytase",IP4,3.375,RAISIN BRAN WHOLE GRAIN WHEAT AND BRAN CEREAL WITH RAISINS,branded_food,0.4,match confidence 0.40 below the 0.55 needs-review threshold,NO,,,,,,,
01060092:IP5,"Bread, wheat and whole amaranth, with fungal phytase",IP5,15.66,RAISIN BRAN WHOLE GRAIN WHEAT AND BRAN CEREAL WITH RAISINS,branded_food,0.4,match confidence 0.40 below the 0.55 needs-review threshold,YES,,,,,,,
01060092:IP5_A_IP6,"Bread, wheat and whole amaranth, with fungal phytase",IP5_A_IP6,167.13,RAISIN BRAN WHOLE GRAIN WHEAT AND BRAN CEREAL WITH RAISINS,branded_food,0.4,match confidence 0.40 below the 0.55 needs-review threshold,NO,,,,,,,
01060092:IP6,"Bread, wheat and whole amaranth, with fungal phytase",IP6,151.47,RAISIN BRAN WHOLE GRAIN WHEAT AND BRAN CEREAL WITH RAISINS,branded_food,0.4,match confidence 0.40 below the 0.55 needs-review threshold,NO,,,,,,,
01060093:IP3,"Bread, wheat and whole amarantht, with B. longum spp. infantis phytase",IP3,2.793,"Bi-Lo Inc. 100% WHOLE WHEAT BREAD, 100% WHOLE WHEAT",branded_food,0.4,match confidence 0.40 below the 0.55 needs-review threshold,NO,,,,,,,
01060093:IP4,"Bread, wheat and whole amarantht, with B. longum spp. infantis phytase",IP4,3.325,"Bi-Lo Inc. 100% WHOLE WHEAT BREAD, 100% WHOLE WHEAT",branded_food,0.4,match confidence 0.40 below the 0.55 needs-review threshold,YES,,,,,,,
01060093:IP5,"Bread, wheat and whole amarantht, with B. longum spp. infantis phytase",IP5,3.8569999999999998,"Bi-Lo Inc. 100% WHOLE WHEAT BREAD, 100% WHOLE WHEAT",branded_food,0.4,match confidence 0.40 below the 0.55 needs-review threshold,NO,,,,,,,
01060093:IP5_A_IP6,"Bread, wheat and whole amarantht, with B. longum spp. infantis phytase",IP5_A_IP6,12.634999999999998,"Bi-Lo Inc. 100% WHOLE WHEAT BREAD, 100% WHOLE WHEAT",branded_food,0.4,match confidence 0.40 below the 0.55 needs-review threshold,YES,,,,,,,
01060093:IP6,"Bread, wheat and whole amarantht, with B. longum spp. infantis phytase",IP6,8.777999999999999,"Bi-Lo Inc. 100% WHOLE WHEAT BREAD, 100% WHOLE WHEAT",branded_food,0.4,match confidence 0.40 below the 0.55 needs-review threshold,NO,,,,,,,
01060094:IP3,"Bread, wheat and whole amarantht, with B. longum spp. infantis phytase",IP3,5.5356000000000005,"Bi-Lo Inc. 100% WHOLE WHEAT BREAD, 100% WHOLE WHEAT",branded_food,0.4,match confidence 0.40 below the 0.55 needs-review threshold,NO,,,,,,,
01060094:IP4,"Bread, wheat and whole amarantht, with B. longum spp. infantis phytase",IP4,3.295,"Bi-Lo Inc. 100% WHOLE WHEAT BREAD, 100% WHOLE WHEAT",branded_food,0.4,match confidence 0.40 below the 0.55 needs-review threshold,NO,,,,,,,
01060094:IP5,"Bread, wheat and whole amarantht, with B. longum spp. infantis phytase",IP5,19.111,"Bi-Lo Inc. 100% WHOLE WHEAT BREAD, 100% WHOLE WHEAT",branded_food,0.4,match confidence 0.40 below the 0.55 needs-review threshold,NO,,,,,,,
01060094:IP5_A_IP6,"Bread, wheat and whole amarantht, with B. longum spp. infantis phytase",IP5_A_IP6,171.34,"Bi-Lo Inc. 100% WHOLE WHEAT BREAD, 100% WHOLE WHEAT",branded_food,0.4,match confidence 0.40 below the 0.55 needs-review threshold,NO,,,,,,,
01060094:IP6,"Bread, wheat and whole amarantht, with B. longum spp. infantis phytase",IP6,152.229,"Bi-Lo Inc. 100% WHOLE WHEAT BREAD, 100% WHOLE WHEAT",branded_food,0.4,match confidence 0.40 below the 0.55 needs-review threshold,NO,,,,,,,
01060095:PHYTC-,"Breakfast cereal, All Bran",PHYTC-,1097.4,BREAKFAST PACK CEREAL,branded_food,0.4,match confidence 0.40 below the 0.55 needs-review threshold,NO,,,,,,,
01060096:PHYTC-,"Breakfast cereal, Ceravite",PHYTC-,785.7,BREAKFAST PACK CEREAL,branded_food,0.4,match confidence 0.40 below the 0.55 needs-review threshold,NO,,,,,,,
01060098:PHYTC-,"Breakfast cereal, kornies, Kellogg's",PHYTC-,470.0,Kellogg Company US Kellogg's Cereal Breakfast Bar Chocolate,branded_food,0.4,match confidence 0.40 below the 0.55 needs-review threshold,NO,,,,,,,
01060103:IP4,"Breakfast cereal, puffed oats, ""Sunny day"", containing sugar",IP4,235.0,BREAKFAST PACK CEREAL,branded_food,0.4,match confidence 0.40 below the 0.55 needs-review threshold,YES,,,,,,,
01060103:IP5,"Breakfast cereal, puffed oats, ""Sunny day"", containing sugar",IP5,371.2,BREAKFAST PACK CEREAL,branded_food,0.4,match confidence 0.40 below the 0.55 needs-review threshold,NO,,,,,,,
01060103:IP6,"Breakfast cereal, puffed oats, ""Sunny day"", containing sugar",IP6,435.6,BREAKFAST PACK CEREAL,branded_food,0.4,match confidence 0.40 below the 0.55 needs-review threshold,NO,,,,,,,
01060105:PHYTC-,"Breakfast cereal, Weetbix",PHYTC-,705.0,BREAKFAST PACK CEREAL,branded_food,0.4,match confidence 0.40 below the 0.55 needs-review threshold,NO,,,,,,,
01060106:PHYTC-,"Breakfast cereals, Nutties",PHYTC-,329.8,BREAKFAST PACK CEREAL,branded_food,0.4,match confidence 0.40 below the 0.55 needs-review threshold,NO,,,,,,,
01060118:PHYTCPP,"Cracker, white wheat and infrared stabilized rice bran (10%)",PHYTCPP,5873.4,Now Health Group Inc. STABILIZED RICE BRAN,branded_food,0.4,match confidence 0.40 below the 0.55 needs-review threshold,NO,,,,,,,
01060119:PHYTCPP,"Cracker, white wheat and infrared stabilized rice bran (2.5%)",PHYTCPP,2833.572,Now Health Group Inc. STABILIZED RICE BRAN,branded_food,0.4,match confidence 0.40 below the 0.55 needs-review threshold,NO,,,,,,,
01060120:PHYTCPP,"Cracker, white wheat and infrared stabilized rice bran (5%)",PHYTCPP,3721.994,Now Health Group Inc. STABILIZED RICE BRAN,branded_food,0.4,match confidence 0.40 below the 0.55 needs-review threshold,NO,,,,,,,
01060121:PHYTCPPI,"Flour, mixed grains",PHYTCPPI,852.489,JAYONE MIXED 7 GRAINS,branded_food,0.4,match confidence 0.40 below the 0.55 needs-review threshold,NO,,,,,,,
01060122:PHYTCPPI,"Flour, mixed grains",PHYTCPPI,464.38,JAYONE MIXED 7 GRAINS,branded_food,0.4,match confidence 0.40 below the 0.55 needs-review threshold,NO,,,,,,,
01060123:PHYTCPPI,"Flour, wheat and oat",PHYTCPPI,564.554,ORGANIC WHOLE WHEAT FLOUR,branded_food,0.4,match confidence 0.40 below the 0.55 needs-review threshold,NO,,,,,,,
01060127:PHYTCPP,"Injera bread, teff and white sorghum",PHYTCPP,260.14799999999997,SOFT WHITE BREAD,branded_food,0.4,match confidence 0.40 below the 0.55 needs-review threshold,NO,,,,,,,
01060128:PHYTCPPI,"Injera bread, teff-based, flat, fermented",PHYTCPPI,126.0,Toufayan Bakery Inc HEARTH BAKED FLAT BREAD,branded_food,0.4,match confidence 0.40 below the 0.55 needs-review threshold,NO,,,,,,,
01060128:PPI,"Injera bread, teff-based, flat, fermented",PPI,34.44,Toufayan Bakery Inc HEARTH BAKED FLAT BREAD,branded_food,0.4,match confidence 0.40 below the 0.55 needs-review threshold,NO,,,,,,,
01060129:PHYTCPPI,"Injera bread, teff-based, flat, unfermented",PHYTCPPI,389.0,Toufayan Bakery Inc HEARTH BAKED FLAT BREAD,branded_food,0.4,match confidence 0.40 below the 0.55 needs-review threshold,NO,,,,,,,
01060129:PPI,"Injera bread, teff-based, flat, unfermented",PPI,109.19,Toufayan Bakery Inc HEARTH BAKED FLAT BREAD,branded_food,0.4,match confidence 0.40 below the 0.55 needs-review threshold,NO,,,,,,,
01060130:IP5_A_IP6,"Injera bread, teff-based, red, fermented",IP5_A_IP6,117.0,"Chobani, Inc. CHERRY HIBISCUS TEA FERMENTED PLANT-BASED DRINK, CHERRY; HIBISCUS",branded_food,0.4,match confidence 0.40 below the 0.55 needs-review threshold,NO,,,,,,,
01060131:IP5_A_IP6,"Injera bread, teff-based, white and red, fermented",IP5_A_IP6,36.0,"Meijer, Inc. WHITE BREAD, WHITE",branded_food,0.4,match confidence 0.40 below the 0.55 needs-review threshold,NO,,,,,,,
01060132:IP5_A_IP6,"Injera bread, teff-based, white, flat, fermented",IP5_A_IP6,102.0,Toufayan Bakery Inc HEARTH BAKED FLAT BREAD HEARTY WHITE,branded_food,0.4,match confidence 0.40 below the 0.55 needs-review threshold,NO,,,,,,,
01060137:PHYTCA,"Maccheronccini pasta, durum wheat semolina and broad bean flour (10%), uncooked",PHYTCA,300.43199999999996,Lamda Pasta LLC 100% DURUM WHEAT SEMOLINA MACARONI PASTA,branded_food,0.4,match confidence 0.40 below the 0.55 needs-review threshold,NO,,,,,,,
01060138:PHYTCA,"Maccheronccini pasta, durum wheat semolina and broad bean flour (30%), uncooked",PHYTCA,419.29,"La Molisana DURUM WHEAT SEMOLINA, ENRICHED MACARONI, DURUM WHEAT SEMOLINA PASTA",branded_food,0.4,match confidence 0.40 below the 0.55 needs-review threshold,NO,,,,,,,
01060139:PHYTCA,"Maccheronccini pasta, durum wheat semolina and broad bean flour (50%), uncooked",PHYTCA,758.039,"La Molisana DURUM WHEAT SEMOLINA, ENRICHED MACARONI, DURUM WHEAT SEMOLINA PASTA",branded_food,0.4,match confidence 0.40 below the 0.55 needs-review threshold,NO,,,,,,,
01060146:IP4,"Muesli, ""Jordans"" containing tropical fruit",IP4,50.0,"Tropical Nut & Fruit Co. TGF, MEXICALI FIRE",branded_food,0.4,match confidence 0.40 below the 0.55 needs-review threshold,NO,,,,,,,
01060146:IP5,"Muesli, ""Jordans"" containing tropical fruit",IP5,168.2,"Tropical Nut & Fruit Co. TGF, MEXICALI FIRE",branded_food,0.4,match confidence 0.40 below the 0.55 needs-review threshold,NO,,,,,,,
01060146:IP6,"Muesli, ""Jordans"" containing tropical fruit",IP6,534.6,"Tropical Nut & Fruit Co. TGF, MEXICALI FIRE",branded_food,0.4,match confidence 0.40 below the 0.55 needs-review threshold,NO,,,,,,,
01060147:IP4,"Muesli, ""Pirkka Hedelmatnen""",IP4,75.0,"ALPEN MUESLI, 14 OZ",branded_food,0.4,match confidence 0.40 below the 0.55 needs-review threshold,NO,,,,,,,
01060147:IP5,"Muesli, ""Pirkka Hedelmatnen""",IP5,121.8,"ALPEN MUESLI, 14 OZ",branded_food,0.4,match confidence 0.40 below the 0.55 needs-review threshold,NO,,,,,,,
01060147:IP6,"Muesli, ""Pirkka Hedelmatnen""",IP6,429.0,"ALPEN MUESLI, 14 OZ",branded_food,0.4,match confidence 0.40 below the 0.55 needs-review threshold,NO,,,,,,,
01060149:IP3,"Muesli, containing 30% fruit and sugar or honey",IP3,75.6,"Mountain Man Nut & Fruit Co. OAT GRANOLA, HONEY",branded_food,0.4,match confidence 0.40 below the 0.55 needs-review threshold,NO,,,,,,,
01060149:IP4,"Muesli, containing 30% fruit and sugar or honey",IP4,65.0,"Mountain Man Nut & Fruit Co. OAT GRANOLA, HONEY",branded_food,0.4,match confidence 0.40 below the 0.55 needs-review threshold,YES,,,,,,,
01060149:IP5,"Muesli, containing 30% fruit and sugar or honey",IP5,145.0,"Mountain Man Nut & Fruit Co. OAT GRANOLA, HONEY",branded_food,0.4,match confidence 0.40 below the 0.55 needs-review threshold,NO,,,,,,,
01060149:IP6,"Muesli, containing 30% fruit and sugar or honey",IP6,495.0,"Mountain Man Nut & Fruit Co. OAT GRANOLA, HONEY",branded_food,0.4,match confidence 0.40 below the 0.55 needs-review threshold,NO,,,,,,,
01060152:IP4,"Muesli, swiss type, ""Alpen""",IP4,100.0,"ALPEN MUESLI, 14 OZ",branded_food,0.4,match confidence 0.40 below the 0.55 needs-review threshold,NO,,,,,,,
01060152:IP5,"Muesli, swiss type, ""Alpen""",IP5,174.0,"ALPEN MUESLI, 14 OZ",branded_food,0.4,match confidence 0.40 below the 0.55 needs-review threshold,NO,,,,,,,
01060152:IP6,"Muesli, swiss type, ""Alpen""",IP6,415.8,"ALPEN MUESLI, 14 OZ",branded_food,0.4,match confidence 0.40 below the 0.55 needs-review threshold,NO,,,,,,,
01060153:IP4,"Muesli, swiss type, ""Alpen"", containing raisins and nuts",IP4,90.0,"D.S.D. Merchandisers, Inc. MOUNTAIN TRAIL MIX OF NUTS, RAISINS, AND CANDY, MOUNTAIN",branded_food,0.4,match confidence 0.40 below the 0.55 needs-review threshold,NO,,,,,,,
01060153:IP5,"Muesli, swiss type, ""Alpen"", containing raisins and nuts",IP5,191.4,"D.S.D. Merchandisers, Inc. MOUNTAIN TRAIL MIX OF NUTS, RAISINS, AND CANDY, MOUNTAIN",branded_food,0.4,match confidence 0.40 below the 0.55 needs-review threshold,NO,,,,,,,
01060153:IP6,"Muesli, swiss type, ""Alpen"", containing raisins and nuts",IP6,481.8,"D.S.D. Merchandisers, Inc. MOUNTAIN TRAIL MIX OF NUTS, RAISINS, AND CANDY, MOUNTAIN",branded_food,0.4,match confidence 0.40 below the 0.55 needs-review threshold,YES,,,,,,,
01060156:IP4,"Muesli, swiss type, ""Hyvan patvan"", containing wheat bran and honey",IP4,55.0,Pan-O-Gold Baking Co. HONEY WHEAT BREAD,branded_food,0.4,match confidence 0.40 below the 0.55 needs-review threshold,NO,,,,,,,
01060156:IP5,"Muesli, swiss type, ""Hyvan patvan"", containing wheat bran and honey",IP5,133.4,Pan-O-Gold Baking Co. HONEY WHEAT BREAD,branded_food,0.4,match confidence 0.40 below the 0.55 needs-review threshold,NO,,,,,,,
01060156:IP6,"Muesli, swiss type, ""Hyvan patvan"", containing wheat bran and honey",IP6,508.2,Pan-O-Gold Baking Co. HONEY WHEAT BREAD,branded_food,0.4,match confidence 0.40 below the 0.55 needs-review threshold,NO,,,,,,,
01060157:IP4,"Muesli, swiss type, ""Jordans Special"", containing wheat bran",IP4,30.0,Specialty Food Services Ltd. SWISS MUESLI,branded_food,0.4,match confidence 0.40 below the 0.55 needs-review threshold,NO,,,,,,,
01060157:IP5,"Muesli, swiss type, ""Jordans Special"", containing wheat bran",IP5,116.0,Specialty Food Services Ltd. SWISS MUESLI,branded_food,0.4,match confidence 0.40 below the 0.55 needs-review threshold,NO,,,,,,,
01060157:IP6,"Muesli, swiss type, ""Jordans Special"", containing wheat bran",IP6,574.1999999999999,Specialty Food Services Ltd. SWISS MUESLI,branded_food,0.4,match confidence 0.40 below the 0.55 needs-review threshold,YES,,,,,,,
01060158:IP5,"Muesli, swiss type, ""Kevyt ja hyva""",IP5,92.8,FAMILIA SWISS MUESLI,branded_food,0.4,match confidence 0.40 below the 0.55 needs-review threshold,NO,,,,,,,
01060158:IP6,"Muesli, swiss type, ""Kevyt ja hyva""",IP6,745.8000000000001,FAMILIA SWISS MUESLI,branded_food,0.4,match confidence 0.40 below the 0.55 needs-review threshold,NO,,,,,,,
01060160:IP4,"Muesli, swiss type, ""Pirkka"", containing sugar",IP4,45.0,"FAMILIA FAMILIA, SWISS MUESLI",branded_food,0.4,match confidence 0.40 below the 0.55 needs-review threshold,YES,,,,,,,
01060160:IP5,"Muesli, swiss type, ""Pirkka"", containing sugar",IP5,150.8,"FAMILIA FAMILIA, SWISS MUESLI",branded_food,0.4,match confidence 0.40 below the 0.55 needs-review threshold,YES,,,,,,,
01060160:IP6,"Muesli, swiss type, ""Pirkka"", containing sugar",IP6,587.4,"FAMILIA FAMILIA, SWISS MUESLI",branded_food,0.4,match confidence 0.40 below the 0.55 needs-review threshold,NO,,,,,,,
01060161:IP5,"Muesli, swiss type, ""Sinun""",IP5,98.6,"FAMILIA FAMILIA, SWISS MUESLI",branded_food,0.4,match confidence 0.40 below the 0.55 needs-review threshold,YES,,,,,,,
01060161:IP6,"Muesli, swiss type, ""Sinun""",IP6,514.8,"FAMILIA FAMILIA, SWISS MUESLI",branded_food,0.4,match confidence 0.40 below the 0.55 needs-review threshold,NO,,,,,,,
01060163:PHYTC-,"Muesli, toasted, nutoata",PHYTC-,282.0,FREEDOM FOODS TOASTED MUESLI,branded_food,0.4,match confidence 0.40 below the 0.55 needs-review threshold,NO,,,,,,,
01060164:PHYTC-,"Muesli, untoasted, RealFoods",PHYTC-,927.0,FREEDOM FOODS TOASTED MUESLI,branded_food,0.4,match confidence 0.40 below the 0.55 needs-review threshold,NO,,,,,,,
01060165:PHYTC-,"Muesli, untoasted, Sanitarium",PHYTC-,855.0,FREEDOM FOODS TOASTED MUESLI,branded_food,0.4,match confidence 0.40 below the 0.55 needs-review threshold,NO,,,,,,,
01060190:PHYTCPPI,"Oat, baking flour",PHYTCPPI,32.148,ORGANIC OAT FLOUR,branded_food,0.4,match confidence 0.40 below the 0.55 needs-review threshold,NO,,,,,,,
01060191:PHYTC-,"Oat, meal",PHYTC-,809.9,MUSH OATMEAL,branded_food,0.4,match confidence 0.40 below the 0.55 needs-review threshold,NO,,,,,,,
01060193:PHYTC-,"Oats, rolled",PHYTC-,947.6,"Post Consumer Brands, LLC ROLLED OATS, ROLLED OATS",branded_food,0.4,match confidence 0.40 below the 0.55 needs-review threshold,NO,,,,,,,
01060196:IP5,"Porridge formula, barleymeal, commercial, ""Nalle""",IP5,34.8,"Fortune Commercial Corp PAMANA, CHICKEN RICE PORRIDGE",branded_food,0.4,match confidence 0.40 below the 0.55 needs-review threshold,NO,,,,,,,
01060196:IP6,"Porridge formula, barleymeal, commercial, ""Nalle""",IP6,165.0,"Fortune Commercial Corp PAMANA, CHICKEN RICE PORRIDGE",branded_food,0.4,match confidence 0.40 below the 0.55 needs-review threshold,NO,,,,,,,
01060198:IP5,"Porridge formula, cereal mixture, commercial, ""Ahaa""",IP5,110.2,"Fortune Commercial Corp PAMANA, CHICKEN RICE PORRIDGE",branded_food,0.4,match confidence 0.40 below the 0.55 needs-review threshold,YES,,,,,,,
01060198:IP6,"Porridge formula, cereal mixture, commercial, ""Ahaa""",IP6,554.4,"Fortune Commercial Corp PAMANA, CHICKEN RICE PORRIDGE",branded_food,0.4,match confidence 0.40 below the 0.55 needs-review threshold,NO,,,,,,,
01060199:IP4,"Porridge formula, cereal mixture, commercial, ""Maan parhaat""",IP4,35.0,"Fortune Commercial Corp PAMANA, CHICKEN RICE PORRIDGE",branded_food,0.4,match confidence 0.40 below the 0.55 needs-review threshold,NO,,,,,,,
01060199:IP5,"Porridge formula, cereal mixture, commercial, ""Maan parhaat""",IP5,162.4,"Fortune Commercial Corp PAMANA, CHICKEN RICE PORRIDGE",branded_food,0.4,match confidence 0.40 below the 0.55 needs-review threshold,NO,,,,,,,
01060199:IP6,"Porridge formula, cereal mixture, commercial, ""Maan parhaat""",IP6,501.6,"Fortune Commercial Corp PAMANA, CHICKEN RICE PORRIDGE",branded_food,0.4,match confidence 0.40 below the 0.55 needs-review threshold,NO,,,,,,,
01060200:IP5,"Porridge formula, cereal mixture, commercial, ""Nalle""",IP5,81.2,"Fortune Commercial Corp PAMANA, CHICKEN RICE PORRIDGE",branded_food,0.4,match confidence 0.40 below the 0.55 needs-review threshold,YES,,,,,,,
01060200:IP6,"Porridge formula, cereal mixture, commercial, ""Nalle""",IP6,349.8,"Fortune Commercial Corp PAMANA, CHICKEN RICE PORRIDGE",branded_food,0.4,match confidence 0.40 below the 0.55 needs-review threshold,NO,,,,,,,
01060201:IP5,"Porridge formula, cereal mixture, commercial, ""Pirkka""",IP5,127.6,"Fortune Commercial Corp PAMANA, CHICKEN RICE PORRIDGE",branded_food,0.4,match confidence 0.40 below the 0.55 needs-review threshold,NO,,,,,,,
01060201:IP6,"Porridge formula, cereal mixture, commercial, ""Pirkka""",IP6,561.0,"Fortune Commercial Corp PAMANA, CHICKEN RICE PORRIDGE",branded_food,0.4,match confidence 0.40 below the 0.55 needs-review threshold,NO,,,,,,,
01060203:IP4,"Porridge formula, oatmeal, commercial, ""Aamunhyva"" quick",IP4,120.0,"Fortune Commercial Corp PAMANA, CHICKEN RICE PORRIDGE",branded_food,0.4,match confidence 0.40 below the 0.55 needs-review threshold,NO,,,,,,,
01060203:IP5,"Porridge formula, oatmeal, commercial, ""Aamunhyva"" quick",IP5,179.8,"Fortune Commercial Corp PAMANA, CHICKEN RICE PORRIDGE",branded_food,0.4,match confidence 0.40 below the 0.55 needs-review threshold,NO,,,,,,,
01060203:IP6,"Porridge formula, oatmeal, commercial, ""Aamunhyva"" quick",IP6,488.4,"Fortune Commercial Corp PAMANA, CHICKEN RICE PORRIDGE",branded_food,0.4,match confidence 0.40 below the 0.55 needs-review threshold,NO,,,,,,,
01060207:IP4,"Porridge formula, oatmeal, commercial, ""Elovena"" large flakes",IP4,45.0,"Fortune Commercial Corp PAMANA, CHICKEN RICE PORRIDGE",branded_food,0.4,match confidence 0.40 below the 0.55 needs-review threshold,NO,,,,,,,
01060207:IP5,"Porridge formula, oatmeal, commercial, ""Elovena"" large flakes",IP5,226.2,"Fortune Commercial Corp PAMANA, CHICKEN RICE PORRIDGE",branded_food,0.4,match confidence 0.40 below the 0.55 needs-review threshold,YES,,,,,,,
01060207:IP6,"Porridge formula, oatmeal, commercial, ""Elovena"" large flakes",IP6,719.4,"Fortune Commercial Corp PAMANA, CHICKEN RICE PORRIDGE",branded_food,0.4,match confidence 0.40 below the 0.55 needs-review threshold,NO,,,,,,,
01060208:IP4,"Porridge formula, oatmeal, commercial, ""Myllyn paras""",IP4,30.0,"Fortune Commercial Corp PAMANA, CHICKEN RICE PORRIDGE",branded_food,0.4,match confidence 0.40 below the 0.55 needs-review threshold,NO,,,,,,,
01060208:IP5,"Porridge formula, oatmeal, commercial, ""Myllyn paras""",IP5,168.2,"Fortune Commercial Corp PAMANA, CHICKEN RICE PORRIDGE",branded_food,0.4,match confidence 0.40 below the 0.55 needs-review threshold,NO,,,,,,,
01060208:IP6,"Porridge formula, oatmeal, commercial, ""Myllyn paras""",IP6,514.8,"Fortune Commercial Corp PAMANA, CHICKEN RICE PORRIDGE",branded_food,0.4,match confidence 0.40 below the 0.55 needs-review threshold,NO,,,,,,,
01060215:IP5,"Porridge formula, ryemeal, commercial, ""Ahaa""",IP5,139.2,"Fortune Commercial Corp PAMANA, CHICKEN RICE PORRIDGE",branded_food,0.4,match confidence 0.40 below the 0.55 needs-review threshold,YES,,,,,,,
01060215:IP6,"Porridge formula, ryemeal, commercial, ""Ahaa""",IP6,534.6,"Fortune Commercial Corp PAMANA, CHICKEN RICE PORRIDGE",branded_food,0.4,match confidence 0.40 below the 0.55 needs-review threshold,NO,,,,,,,
01060216:IP5,"Porridge formula, ryemeal, commercial, ""Maan parhaat""",IP5,116.0,"Fortune Commercial Corp PAMANA, CHICKEN RICE PORRIDGE",branded_food,0.4,match confidence 0.40 below the 0.55 needs-review threshold,YES,,,,,,,
01060216:IP6,"Porridge formula, ryemeal, commercial, ""Maan parhaat""",IP6,547.8000000000001,"Fortune Commercial Corp PAMANA, CHICKEN RICE PORRIDGE",branded_food,0.4,match confidence 0.40 below the 0.55 needs-review threshold,YES,,,,,,,
01060217:IP5,"Porridge formula, ryemeal, commercial, ""Nalle""",IP5,104.4,"Fortune Commercial Corp PAMANA, CHICKEN RICE PORRIDGE",branded_food,0.4,match confidence 0.40 below the 0.55 needs-review threshold,NO,,,,,,,
01060217:IP6,"Porridge formula, ryemeal, commercial, ""Nalle""",IP6,587.4,"Fortune Commercial Corp PAMANA, CHICKEN RICE PORRIDGE",branded_food,0.4,match confidence 0.40 below the 0.55 needs-review threshold,NO,,,,,,,
01060227:PHYTC-,"Rye, whole-grain flakes",PHYTC-,421.2,"Eden Foods, Inc. ORGANIC WHOLE GRAIN RYE FLAKES, ORGANIC WHOLE GRAIN",branded_food,0.4,match confidence 0.40 below the 0.55 needs-review threshold,NO,,,,,,,
01060229:PHYTCA,Teff flour,PHYTCA,1520.0,The Teff Company IVORY TEFF FLOUR,branded_food,0.4,match confidence 0.40 below the 0.55 needs-review threshold,NO,,,,,,,
02010001:PHYTCPP,Potato starch,PHYTCPP,0.0,Gracekennedy Foods (USA) LLC POTATO STARCH FLOUR,branded_food,0.4,match confidence 0.40 below the 0.55 needs-review threshold,YES,,,,,,,
02010008:IP6,"Potato, chips, LAY'S Classic, McDonalds",IP6,94.0,CLASSIC POTATO CHIPS,branded_food,0.4,match confidence 0.40 below the 0.55 needs-review threshold,NO,,,,,,,
02010011:IP6,"Potato, freezed and sun-dried, boiled",IP6,15.08,"SFDF, LLC SWEET POTATO FREEZE DRIED CHIPS, SWEET POTATO",branded_food,0.4,match confidence 0.40 below the 0.55 needs-review threshold,NO,,,,,,,
02010037:PHYTCPP,Sweet potato starch,PHYTCPP,0.0,SWEET POTATO SOUP,branded_food,0.4,match confidence 0.40 below the 0.55 needs-review threshold,NO,,,,,,,
02010038:IP6,"Sweet potato, blanched for 10 min",IP6,0.12,"Mindful Foods, Inc. SWEET POTATO",branded_food,0.4,match confidence 0.40 below the 0.55 needs-review threshold,NO,,,,,,,
02010039:IP6,"Sweet potato, blanched for 2.5 min",IP6,0.35,"Mindful Foods, Inc. SWEET POTATO",branded_food,0.4,match confidence 0.40 below the 0.55 needs-review threshold,NO,,,,,,,
02010040:IP6,"Sweet potato, blanched for 5 min",IP6,0.21,"Mindful Foods, Inc. SWEET POTATO",branded_food,0.4,match confidence 0.40 below the 0.55 needs-review threshold,NO,,,,,,,
02010041:PHYTCPPD,"Sweet potato, boiled",PHYTCPPD,12.0,SWEET POTATO SOUP,branded_food,0.4,match confidence 0.40 below the 0.55 needs-review threshold,NO,,,,,,,
02010042:PHYTCPP,"Sweet potato, boiled",PHYTCPP,10.0,SWEET POTATO SOUP,branded_food,0.4,match confidence 0.40 below the 0.55 needs-review threshold,NO,,,,,,,
02010043:PHYTCPPI,"Sweet potato, boiled",PHYTCPPI,34.0,SWEET POTATO SOUP,branded_food,0.4,match confidence 0.40 below the 0.55 needs-review threshold,NO,,,,,,,
02010043:PPI,"Sweet potato, boiled",PPI,15.37,SWEET POTATO SOUP,branded_food,0.4,match confidence 0.40 below the 0.55 needs-review threshold,NO,,,,,,,
02010046:IP6,"Sweet potato, microwaved for 30 sec",IP6,0.36,"Mindful Foods, Inc. SWEET POTATO",branded_food,0.4,match confidence 0.40 below the 0.55 needs-review threshold,NO,,,,,,,
02010047:IP6,"Sweet potato, microwaved for 45 sec",IP6,0.24,"Mindful Foods, Inc. SWEET POTATO",branded_food,0.4,match confidence 0.40 below the 0.55 needs-review threshold,NO,,,,,,,
02010048:IP6,"Sweet potato, microwaved for 60 sec",IP6,0.15,"Mindful Foods, Inc. SWEET POTATO",branded_food,0.4,match confidence 0.40 below the 0.55 needs-review threshold,NO,,,,,,,
02020012:IP5,"Cassava, groud-dried, fermented",IP5,24.0,"K & W Industries, Inc. WHITE CORN & CASSAVA FERMENTED BANKU FLOUR, WHITE CORN & CASSAVA",branded_food,0.4,match confidence 0.40 below the 0.55 needs-review threshold,NO,,,,,,,
02020012:IP5_A_IP6,"Cassava, groud-dried, fermented",IP5_A_IP6,82.0,"K & W Industries, Inc. WHITE CORN & CASSAVA FERMENTED BANKU FLOUR, WHITE CORN & CASSAVA",branded_food,0.4,match confidence 0.40 below the 0.55 needs-review threshold,NO,,,,,,,
02020012:IP6,"Cassava, groud-dried, fermented",IP6,58.0,"K & W Industries, Inc. WHITE CORN & CASSAVA FERMENTED BANKU FLOUR, WHITE CORN & CASSAVA",branded_food,0.4,match confidence 0.40 below the 0.55 needs-review threshold,NO,,,,,,,
02020012:PHYTCPP,"Cassava, groud-dried, fermented",PHYTCPP,51.0,"K & W Industries, Inc. WHITE CORN & CASSAVA FERMENTED BANKU FLOUR, WHITE CORN & CASSAVA",branded_food,0.4,match confidence 0.40 below the 0.55 needs-review threshold,NO,,,,,,,
02020013:IP5,"Cassava, groud-dried, fermented",IP5,20.0,"K & W Industries, Inc. WHITE CORN & CASSAVA FERMENTED BANKU FLOUR, WHITE CORN & CASSAVA",branded_food,0.4,match confidence 0.40 below the 0.55 needs-review threshold,NO,,,,,,,
02020013:IP5_A_IP6,"Cassava, groud-dried, fermented",IP5_A_IP6,94.0,"K & W Industries, Inc. WHITE CORN & CASSAVA FERMENTED BANKU FLOUR, WHITE CORN & CASSAVA",branded_food,0.4,match confidence 0.40 below the 0.55 needs-review threshold,YES,,,,,,,
02020013:IP6,"Cassava, groud-dried, fermented",IP6,74.0,"K & W Industries, Inc. WHITE CORN & CASSAVA FERMENTED BANKU FLOUR, WHITE CORN & CASSAVA",branded_food,0.4,match confidence 0.40 below the 0.55 needs-review threshold,NO,,,,,,,
02020013:PHYTCPP,"Cassava, groud-dried, fermented",PHYTCPP,118.0,"K & W Industries, Inc. WHITE CORN & CASSAVA FERMENTED BANKU FLOUR, WHITE CORN & CASSAVA",branded_food,0.4,match confidence 0.40 below the 0.55 needs-review threshold,NO,,,,,,,
02020015:PHYTCPPD,"Cassava, Kello 44/72, roots, fermented",PHYTCPPD,98.11717,"K & W Industries, Inc. WHITE CORN & CASSAVA FERMENTED BANKU FLOUR, WHITE CORN & CASSAVA",branded_food,0.4,match confidence 0.40 below the 0.55 needs-review threshold,NO,,,,,,,
02020019:PHYTCPPD,"Cassava, Quelle 104/72, roots, fermented",PHYTCPPD,57.77155,"K & W Industries, Inc. WHITE CORN & CASSAVA FERMENTED BANKU FLOUR, WHITE CORN & CASSAVA",branded_food,0.4,match confidence 0.40 below the 0.55 needs-review threshold,NO,,,,,,,
02030003:PHYTC-,"Cocoyam, corm, wild, washed, unpeeled, grated, fermented, dried",PHYTC-,123.06,Wakefern Food Corporation DRIED WILD BLUEBERRIES,branded_food,0.4,match confidence 0.40 below the 0.55 needs-review threshold,NO,,,,,,,
02030005:PHYTCPPI,"Cocoyam, grated, wrapped, streamed",PHYTCPPI,1.41056,"KARMA COCOA DUSTED WRAPPED CASHEWS, COCOA DUSTED",branded_food,0.4,match confidence 0.40 below the 0.55 needs-review threshold,NO,,,,,,,
02030006:PHYTCPPI,"Taro (dasheen), Esculenta, white fleshed, peeled, boiled",PHYTCPPI,23.11474,Peeled Inc WHITE CHEDDAR BAKED PEA PUFFS,branded_food,0.4,match confidence 0.40 below the 0.55 needs-review threshold,YES,,,,,,,
02030008:PHYTCPPI,"Taro (eddoe), boiled",PHYTCPPI,18.0,Target Stores HARD-BOILED EGGS,branded_food,0.4,match confidence 0.40 below the 0.55 needs-review threshold,YES,,,,,,,
02030008:PPI,"Taro (eddoe), boiled",PPI,5.2,Target Stores HARD-BOILED EGGS,branded_food,0.4,match confidence 0.40 below the 0.55 needs-review threshold,NO,,,,,,,
02050001:PHYTCPPI,"American yam bean root, IRNAS N° 11",PHYTCPPI,21.839999999999996,"American Game Cartridges Inc. ROOTS, BLACK BEAN HUMMUS",branded_food,0.4,match confidence 0.40 below the 0.55 needs-review threshold,YES,,,,,,,
02050002:PHYTCPPI,"American yam bean root, IRNAS N° 4",PHYTCPPI,23.240999999999996,"American Game Cartridges Inc. ROOTS, BLACK BEAN HUMMUS",branded_food,0.4,match confidence 0.40 below the 0.55 needs-review threshold,NO,,,,,,,
02050003:PHYTCPPI,"American yam bean root, IRNAS N° 5",PHYTCPPI,21.945,"American Game Cartridges Inc. ROOTS, BLACK BEAN HUMMUS",branded_food,0.4,match confidence 0.40 below the 0.55 needs-review threshold,NO,,,,,,,
02050004:PHYTCPPI,"American yam bean root, IRNAS N° 9",PHYTCPPI,31.486000000000004,"American Game Cartridges Inc. ROOTS, BLACK BEAN HUMMUS",branded_food,0.4,match confidence 0.40 below the 0.55 needs-review threshold,NO,,,,,,,
02060005:PHYTCPPD,"Plantain, Ebang, roasted",PHYTCPPD,0.120582,LEVANT ROASTED EGGPLANT,branded_food,0.4,match confidence 0.40 below the 0.55 needs-review threshold,NO,,,,,,,
02060008:PHYTCPPD,"Plantain, Essong, roasted",PHYTCPPD,0.12647999999999998,LEVANT ROASTED EGGPLANT,branded_food,0.4,match confidence 0.40 below the 0.55 needs-review threshold,NO,,,,,,,
03010001:PHYTC-,"African faba bean, seed, cooked, oven-dried",PHYTC-,236.6,American Farms Coop. Inc. REFRIED BEANS,branded_food,0.4,match confidence 0.40 below the 0.55 needs-review threshold,NO,,,,,,,
03010013:PHYT-,"African locust bean, pulp, flour",PHYT-,60.0,JR Frisco Inc. LIMA BEAN FLOUR,branded_food,0.4,match confidence 0.40 below the 0.55 needs-review threshold,NO,,,,,,,
03010021:PHYT-,African yam bean flour,PHYT-,2745.474,JR Frisco Inc. LIMA BEAN FLOUR,branded_food,0.4,match confidence 0.40 below the 0.55 needs-review threshold,NO,,,,,,,
03010025:PHYT-,"African yam bean, steamed, dehulled, soaked, dried",PHYT-,1097.1494,EAT MORE BEANS STEAMED BEAN SNACK,branded_food,0.4,match confidence 0.40 below the 0.55 needs-review threshold,NO,,,,,,,
03010034:PHYT-,"Bambara groundnut, roasted",PHYT-,113.71,C.B.P. Ltd GROUND GEERA ROASTED (CUMIN),branded_food,0.4,match confidence 0.40 below the 0.55 needs-review threshold,NO,,,,,,,
03010047:PHYTCPPI,"Bean, black, split, raw",PHYTCPPI,712.8,Raley's BLACK BEANS,branded_food,0.4,match confidence 0.40 below the 0.55 needs-review threshold,NO,,,,,,,
03010051:PHYTC-,"Bean, great northern, dried",PHYTC-,490.0,GREAT NORTHERN BEANS,branded_food,0.4,match confidence 0.40 below the 0.55 needs-review threshold,NO,,,,,,,
03010056:PHYTCPPD,"Bean, pinto and red, dried",PHYTCPPD,700.3136,ARRIBA! PINTO BEAN DIP,branded_food,0.4,match confidence 0.40 below the 0.55 needs-review threshold,NO,,,,,,,
03010059:PHYTCPPI,"Bean, 'Rhynchosia cana', Siruvani, raw",PHYTCPPI,362.6,Raley's CANNELLINI BEANS,branded_food,0.4,match confidence 0.40 below the 0.55 needs-review threshold,NO,,,,,,,
03010060:PHYTCPPI,"Bean, 'Rhynchosia cana', Srivilliputhur, raw",PHYTCPPI,394.98835999999994,Raley's CANNELLINI BEANS,branded_food,0.4,match confidence 0.40 below the 0.55 needs-review threshold,NO,,,,,,,
03010062:PHYTCPPI,"Bean, 'Rhynchosia rufescens', Courtallam, raw",PHYTCPPI,359.0067000000001,CONCHITA ROMAN BEANS,branded_food,0.4,match confidence 0.40 below the 0.55 needs-review threshold,NO,,,,,,,
03010071:PHYTCPPI,"Bean, 'Vigna racemosa', fermented (controlled)",PHYTCPPI,85.725,"Nong Shim Co., Ltd. BEEF & FERMENTED BEAN ANSUNG NOODLE SOUP, BEEF & FERMENTED BEAN",branded_food,0.4,match confidence 0.40 below the 0.55 needs-review threshold,NO,,,,,,,
03010074:PHYTCPP,"Bean, 'Vigna racemosa', TVnu 105, Brown mottled, seed, raw",PHYTCPP,858.0,Raley's FLAX SEED MILLED BROWN,branded_food,0.4,match confidence 0.40 below the 0.55 needs-review threshold,YES,,,,,,,
03010076:PHYTCPP,"Bean, 'Vigna reticulata', TVnu 225, Light Brown, seed, raw",PHYTCPP,475.0,Raley's LIGHT RED KIDNEY BEANS,branded_food,0.4,match confidence 0.40 below the 0.55 needs-review threshold,NO,,,,,,,
03010087:PHYTCPP,"Bean, 'Vigna vexillata', TVnu 71, Brown, seed, raw",PHYTCPP,1520.0,Raley's FLAX SEED MILLED BROWN,branded_food,0.4,match confidence 0.40 below the 0.55 needs-review threshold,YES,,,,,,,
03010092:PHYTCPPD,"Bengal bean, boiled",PHYTCPPD,166.0,"Ito, Inc. EDAMAME (BOILED SOY BEAN)",branded_food,0.4,match confidence 0.40 below the 0.55 needs-review threshold,NO,,,,,,,
03010097:PHYTCPPI,"Bengal gram, brown, whole grain, immature, raw",PHYTCPPI,113.79,WHOLE GRAIN BROWN RICE,branded_food,0.4,match confidence 0.40 below the 0.55 needs-review threshold,NO,,,,,,,
03010098:PHYTCPPI,"Bengal gram, brown, whole grain, immature, roasted",PHYTCPPI,64.688,WHOLE GRAIN BROWN RICE,branded_food,0.4,match confidence 0.40 below the 0.55 needs-review threshold,NO,,,,,,,
03010099:PHYTCPPI,"Bengal gram, brown, whole grain, immature, roasted in pods",PHYTCPPI,71.712,Uncle Ben's Inc. NATURAL WHOLE GRAIN BROWN RICE,branded_food,0.4,match confidence 0.40 below the 0.55 needs-review threshold,NO,,,,,,,
03010100:PHYTCPPI,"Bengal gram, brown, whole grain, raw",PHYTCPPI,1103.124,WHOLE GRAIN BROWN RICE,branded_food,0.4,match confidence 0.40 below the 0.55 needs-review threshold,NO,,,,,,,
03010101:PHYTCPPI,"Bengal gram, brown, whole grain, raw",PHYTCPPI,1103.368,WHOLE GRAIN BROWN RICE,branded_food,0.4,match confidence 0.40 below the 0.55 needs-review threshold,NO,,,,,,,
03010102:PHYTCPPI,"Bengal gram, brown, whole grain, raw",PHYTCPPI,658.145,WHOLE GRAIN BROWN RICE,branded_food,0.4,match confidence 0.40 below the 0.55 needs-review threshold,NO,,,,,,,
03010103:PHYTCPPI,"Bengal gram, brown, whole grain, roasted",PHYTCPPI,716.43,WHOLE GRAIN BROWN RICE,branded_food,0.4,match confidence 0.40 below the 0.55 needs-review threshold,NO,,,,,,,
03010104:PHYTCPPI,"Bengal gram, brown, whole grain, water-soaked",PHYTCPPI,617.435,"STATER BROS. WHOLE GRAIN BROWN RICE, WHOLE GRAIN",branded_food,0.4,match confidence 0.40 below the 0.55 needs-review threshold,NO,,,,,,,
03010105:PHYTCPPI,"Bengal gram, brown, whole grain, water-soaked",PHYTCPPI,590.295,"STATER BROS. WHOLE GRAIN BROWN RICE, WHOLE GRAIN",branded_food,0.4,match confidence 0.40 below the 0.55 needs-review threshold,YES,,,,,,,
03010106:PHYTCPPI,"Bengal gram, brown, whole grain, water-soaked",PHYTCPPI,576.7249999999999,"STATER BROS. WHOLE GRAIN BROWN RICE, WHOLE GRAIN",branded_food,0.4,match confidence 0.40 below the 0.55 needs-review threshold,NO,,,,,,,
03010112:PHYTCPP,"Bengal gram, dehulled, split",PHYTCPP,859.0,ORGANIC CHANA DAL BENGAL GRAM SPLIT,branded_food,0.4,match confidence 0.40 below the 0.55 needs-review threshold,NO,,,,,,,
03010115:PHYTCPPI,"Bengal gram, white, whole grain, NaHCO3-soaked",PHYTCPPI,286.0,WHOLE GRAIN WHITE BREAD,branded_food,0.4,match confidence 0.40 below the 0.55 needs-review threshold,YES,,,,,,,
03010116:PHYTCPPI,"Bengal gram, white, whole grain, NaHCO3-soaked, boiled",PHYTCPPI,448.0,WHOLE GRAIN WHITE BREAD,branded_food,0.4,match confidence 0.40 below the 0.55 needs-review threshold,NO,,,,,,,
03010117:PHYTCPPI,"Bengal gram, white, whole grain, raw",PHYTCPPI,702.0,WHOLE GRAIN WHITE BREAD,branded_food,0.4,match confidence 0.40 below the 0.55 needs-review threshold,NO,,,,,,,
03010118:PHYTCPPI,"Bengal gram, white, whole grain, raw",PHYTCPPI,702.0,WHOLE GRAIN WHITE BREAD,branded_food,0.4,match confidence 0.40 below the 0.55 needs-review threshold,NO,,,,,,,
03010119:PHYTCPPI,"Bengal gram, white, whole grain, water-soaked",PHYTCPPI,492.80000000000007,WHOLE GRAIN WHITE BREAD,branded_food,0.4,match confidence 0.40 below the 0.55 needs-review threshold,NO,,,,,,,
03010120:PHYTCPPI,"Bengal gram, white, whole grain, water-soaked, boiled",PHYTCPPI,389.28,WHOLE GRAIN WHITE BREAD,branded_food,0.4,match confidence 0.40 below the 0.55 needs-review threshold,NO,,,,,,,
03010121:PHYTCPPI,"Bengal gram, white, whole grain, water-soaked, boiled, fried, boiled",PHYTCPPI,389.75,WHOLE GRAIN WHITE BREAD,branded_food,0.4,match confidence 0.40 below the 0.55 needs-review threshold,NO,,,,,,,
03010126:PHYTCPP,"Black gram, split, raw",PHYTCPP,708.0,T. Jag Crew Records BLACK GRAM SPLIT (URAD CHILKA),branded_food,0.4,match confidence 0.40 below the 0.55 needs-review threshold,NO,,,,,,,
03010127:PHYTCPP,"Black gram, whole, raw",PHYTCPP,679.0,Indian As Apple Pie WHOLE BLACK GRAM,branded_food,0.4,match confidence 0.40 below the 0.55 needs-review threshold,NO,,,,,,,
03010130:PHYTCPPI,Broad bean stew,PHYTCPPI,196.0,HTY BROAD BEAN,branded_food,0.4,match confidence 0.40 below the 0.55 needs-review threshold,NO,,,,,,,
03010130:PPI,Broad bean stew,PPI,60.77,HTY BROAD BEAN,branded_food,0.4,match confidence 0.40 below the 0.55 needs-review threshold,NO,,,,,,,
03010131:IP4,"Broad bean, Giza 716, fried",IP4,4.3605,HTY BROAD BEAN,branded_food,0.4,match confidence 0.40 below the 0.55 needs-review threshold,NO,,,,,,,
03010131:IP5,"Broad bean, Giza 716, fried",IP5,15.174540000000002,HTY BROAD BEAN,branded_food,0.4,match confidence 0.40 below the 0.55 needs-review threshold,NO,,,,,,,
03010131:IP6,"Broad bean, Giza 716, fried",IP6,136.86156,HTY BROAD BEAN,branded_food,0.4,match confidence 0.40 below the 0.55 needs-review threshold,YES,,,,,,,
03010131:IPSUM,"Broad bean, Giza 716, fried",IPSUM,156.3966,HTY BROAD BEAN,branded_food,0.4,match confidence 0.40 below the 0.55 needs-review threshold,NO,,,,,,,
03010132:IP5,"Broad bean, Giza 716, raw",IP5,77.795284,HTY BROAD BEAN,branded_food,0.4,match confidence 0.40 below the 0.55 needs-review threshold,NO,,,,,,,
03010132:IP6,"Broad bean, Giza 716, raw",IP6,742.665,HTY BROAD BEAN,branded_food,0.4,match confidence 0.40 below the 0.55 needs-review threshold,NO,,,,,,,
03010132:IPSUM,"Broad bean, Giza 716, raw",IPSUM,820.460284,HTY BROAD BEAN,branded_food,0.4,match confidence 0.40 below the 0.55 needs-review threshold,NO,,,,,,,
03010133:IP5_A_IP6,"Broad bean, whole, raw",IP5_A_IP6,478.0,HTY BROAD BEAN,branded_food,0.4,match confidence 0.40 below the 0.55 needs-review threshold,NO,,,,,,,
03010136:PHYTCPPI,Chickpea stew,PHYTCPPI,292.0,"Plant-Strong by Engine 2 LLC THAI CARROT CHICKPEA STEW, THAI CARROT CHICKPEA",branded_food,0.4,match confidence 0.40 below the 0.55 needs-review threshold,NO,,,,,,,
03010136:PPI,Chickpea stew,PPI,81.42,"Plant-Strong by Engine 2 LLC THAI CARROT CHICKPEA STEW, THAI CARROT CHICKPEA",branded_food,0.4,match confidence 0.40 below the 0.55 needs-review threshold,NO,,,,,,,
03010145:PHYTCPPI,"Chickpea, Kabuli, Giza 1, decorticated",PHYTCPPI,902.8389999999999,House of Spices KABULI CHANA CHICKPEAS,branded_food,0.4,match confidence 0.40 below the 0.55 needs-review threshold,NO,,,,,,,
03010148:PHYTCPPI,"Chickpea, Kabuli, Giza 2-L, decorticated",PHYTCPPI,726.732,House of Spices KABULI CHANA CHICKPEAS,branded_food,0.4,match confidence 0.40 below the 0.55 needs-review threshold,NO,,,,,,,
03010151:PHYTCPPI,"Chickpea, Kabuli, Giza 2-U, decorticated",PHYTCPPI,579.52,House of Spices KABULI CHANA CHICKPEAS,branded_food,0.4,match confidence 0.40 below the 0.55 needs-review threshold,NO,,,,,,,
03010153:PHYT-,"Chickpea, Kabuli, seed, raw",PHYT-,227.5,House of Spices KABULI CHANA CHICKPEAS,branded_food,0.4,match confidence 0.40 below the 0.55 needs-review threshold,NO,,,,,,,
03010154:PPI,"Chickpea, PBG 1, 36h germinated, raw",PPI,104.7375,"GERMINAL ORGANIC INC. ORGANIC MINI CRACKERS, CHICKPEA & RICE",branded_food,0.4,match confidence 0.40 below the 0.55 needs-review threshold,NO,,,,,,,
03010155:PPI,"Chickpea, PBG 1, 48h germinated, raw",PPI,91.5324,"GERMINAL ORGANIC INC. ORGANIC MINI CRACKERS, CHICKPEA & RICE",branded_food,0.4,match confidence 0.40 below the 0.55 needs-review threshold,YES,,,,,,,
03010156:PPI,"Chickpea, PBG 1, 60h germinated, raw",PPI,74.7495,"GERMINAL ORGANIC INC. ORGANIC MINI CRACKERS, CHICKPEA & RICE",branded_food,0.4,match confidence 0.40 below the 0.55 needs-review threshold,NO,,,,,,,
03010157:PPI,"Chickpea, PBG 1, germinated, raw",PPI,90.56618,PEREG CHICKPEA,branded_food,0.4,match confidence 0.40 below the 0.55 needs-review threshold,YES,,,,,,,
03010158:PPI,"Chickpea, PBG 1, germinated, microwaved",PPI,71.23780000000001,"GERMINAL ORGANIC INC. ORGANIC MINI CRACKERS, CHICKPEA & RICE",branded_food,0.4,match confidence 0.40 below the 0.55 needs-review threshold,NO,,,,,,,
03010161:PPI,"Chickpea, PBG 1, water-soaked",PPI,193.5189,NATCO CHICKPEAS IN SALTED WATER,branded_food,0.4,match confidence 0.40 below the 0.55 needs-review threshold,NO,,,,,,,
03010180:IP4,"Chickpea, water-soaked, 24h germinated, dried",IP4,5.525999999999999,NATCO CHICKPEAS IN SALTED WATER,branded_food,0.4,match confidence 0.40 below the 0.55 needs-review threshold,YES,,,,,,,
03010180:IP5,"Chickpea, water-soaked, 24h germinated, dried",IP5,30.392999999999997,NATCO CHICKPEAS IN SALTED WATER,branded_food,0.4,match confidence 0.40 below the 0.55 needs-review threshold,NO,,,,,,,
03010180:IP6,"Chickpea, water-soaked, 24h germinated, dried",IP6,193.41,NATCO CHICKPEAS IN SALTED WATER,branded_food,0.4,match confidence 0.40 below the 0.55 needs-review threshold,NO,,,,,,,
03010180:IPSUM,"Chickpea, water-soaked, 24h germinated, dried",IPSUM,229.32899999999998,NATCO CHICKPEAS IN SALTED WATER,branded_food,0.4,match confidence 0.40 below the 0.55 needs-review threshold,NO,,,,,,,
03010181:IP4,"Chickpea, water-soaked, 48h germinated, dried",IP4,4.61,NATCO CHICKPEAS IN SALTED WATER,branded_food,0.4,match confidence 0.40 below the 0.55 needs-review threshold,NO,,,,,,,
03010181:IP5,"Chickpea, water-soaked, 48h germinated, dried",IP5,34.114000000000004,NATCO CHICKPEAS IN SALTED WATER,branded_food,0.4,match confidence 0.40 below the 0.55 needs-review threshold,NO,,,,,,,
03010181:IP6,"Chickpea, water-soaked, 48h germinated, dried",IP6,192.69799999999998,NATCO CHICKPEAS IN SALTED WATER,branded_food,0.4,match confidence 0.40 below the 0.55 needs-review threshold,NO,,,,,,,
03010181:IPSUM,"Chickpea, water-soaked, 48h germinated, dried",IPSUM,231.422,NATCO CHICKPEAS IN SALTED WATER,branded_food,0.4,match confidence 0.40 below the 0.55 needs-review threshold,NO,,,,,,,
03010185:PHYTCPPD,"Common bean flour, BRS grafite, black",PHYTCPPD,1008.2203999999999,Bush Brothers & Company BLACK BEAN DIP,branded_food,0.4,match confidence 0.40 below the 0.55 needs-review threshold,YES,,,,,,,
03010186:PHYTCPPD,"Common bean flour, BRS grafite, black, extruded",PHYTCPPD,754.1162,H E Butt Grocery Company BLACK BEAN SOUP,branded_food,0.4,match confidence 0.40 below the 0.55 needs-review threshold,NO,,,,,,,
03010189:PHYTCPPI,"Common bean stew, Kidney",PHYTCPPI,168.0,CORA WHITE KIDNEY BEANS,branded_food,0.4,match confidence 0.40 below the 0.55 needs-review threshold,NO,,,,,,,
03010189:PPI,"Common bean stew, Kidney",PPI,47.15,CORA WHITE KIDNEY BEANS,branded_food,0.4,match confidence 0.40 below the 0.55 needs-review threshold,YES,,,,,,,
03010190:PHYTCPPI,"Common bean stew, Kidney",PHYTCPPI,325.0,CORA WHITE KIDNEY BEANS,branded_food,0.4,match confidence 0.40 below the 0.55 needs-review threshold,NO,,,,,,,
03010190:PPI,"Common bean stew, Kidney",PPI,91.25,CORA WHITE KIDNEY BEANS,branded_food,0.4,match confidence 0.40 below the 0.55 needs-review threshold,NO,,,,,,,
03010215:PHYT-,"Common bean, Inta Linea 628-08, bright red, raw",PHYT-,785.1007999999998,"Furman Foods, Inc. LIGHT RED KIDNEY BEANS IN BRINE",branded_food,0.4,match confidence 0.40 below the 0.55 needs-review threshold,NO,,,,,,,
03010216:PHYT-,"Common bean, Inta Linea 628-09, dark red, raw",PHYT-,744.6789,Harmons Inc DARK RED KIDNEY BEANS,branded_food,0.4,match confidence 0.40 below the 0.55 needs-review threshold,NO,,,,,,,
03010217:PHYT-,"Common bean, Inta Rojo, non-uniform red, raw",PHYT-,768.2506000000001,"Unified Grocers, Inc. RED BEANS",branded_food,0.4,match confidence 0.40 below the 0.55 needs-review threshold,NO,,,,,,,
03010244:PHYT-,"Common bean, Sen46, black, raw",PHYT-,850.6966,"Raley's BLACK BEAN & CORN SALSA, BLACK BEAN & CORN",branded_food,0.4,match confidence 0.40 below the 0.55 needs-review threshold,NO,,,,,,,
03010268:PHYT-,"Cowpea flour, Cylindrica, cooked seed",PHYT-,281.4,Hope Wine LLC PRECOOKED CORN FLOUR,branded_food,0.4,match confidence 0.40 below the 0.55 needs-review threshold,NO,,,,,,,
03010273:PHYTCPPI,"Cowpea flour, fermented, dried",PHYTCPPI,557.063,"K & W Industries, Inc. FERMENTED CORNFLOUR",branded_food,0.4,match confidence 0.40 below the 0.55 needs-review threshold,NO,,,,,,,
03010277:PHYTCPPI,"Cowpea milk, White, fermented with Lactobacillus acidophilus",PHYTCPPI,177.38400000000001,"Sonora Corporation PEACH FLAVORED DRINK WITH LACTOBACILLUS, PEACH",branded_food,0.4,match confidence 0.40 below the 0.55 needs-review threshold,NO,,,,,,,
03010278:PHYTCPPI,"Cowpea milk, White, fermented with Lactobacillus plantarum",PHYTCPPI,163.54,"Sonora Corporation PEACH FLAVORED DRINK WITH LACTOBACILLUS, PEACH",branded_food,0.4,match confidence 0.40 below the 0.55 needs-review threshold,NO,,,,,,,
03010279:PHYTCPPI,"Cowpea milk, White, fermented with Lactobacillus plantarum and L. acidophilus",PHYTCPPI,145.197,"Sonora Corporation PEACH FLAVORED DRINK WITH LACTOBACILLUS, PEACH",branded_food,0.4,match confidence 0.40 below the 0.55 needs-review threshold,NO,,,,,,,
03010287:PHYTCPPI,"Cowpea, 24h germinated",PHYTCPPI,314.65000000000003,The J.M. Smucker Company GERMINATED BROWN RICE,branded_food,0.4,match confidence 0.40 below the 0.55 needs-review threshold,NO,,,,,,,
03010287:PPI,"Cowpea, 24h germinated",PPI,88.102,The J.M. Smucker Company GERMINATED BROWN RICE,branded_food,0.4,match confidence 0.40 below the 0.55 needs-review threshold,NO,,,,,,,
03010290:PHYTCPPI,"Cowpea, 48h germinated",PHYTCPPI,234.78,The J.M. Smucker Company GERMINATED BROWN RICE,branded_food,0.4,match confidence 0.40 below the 0.55 needs-review threshold,NO,,,,,,,
03010290:PPI,"Cowpea, 48h germinated",PPI,65.919,The J.M. Smucker Company GERMINATED BROWN RICE,branded_food,0.4,match confidence 0.40 below the 0.55 needs-review threshold,NO,,,,,,,
03010295:PHYTCPPI,"Cowpea, 72h germinated",PHYTCPPI,182.8,The J.M. Smucker Company GERMINATED BROWN RICE,branded_food,0.4,match confidence 0.40 below the 0.55 needs-review threshold,NO,,,,,,,
03010295:PPI,"Cowpea, 72h germinated",PPI,51.184000000000005,The J.M. Smucker Company GERMINATED BROWN RICE,branded_food,0.4,match confidence 0.40 below the 0.55 needs-review threshold,YES,,,,,,,
03010299:PHYTCPPD,"Cowpea, Akidi, water-dehulled",PHYTCPPD,853.16,"Crider's, Inc. PULLED PORK IN WATER",branded_food,0.4,match confidence 0.40 below the 0.55 needs-review threshold,NO,,,,,,,
03010313:PPI,"Cowpea, CL367, germinated, pressure-cooked",PPI,71.54465,"Sutter Home Winery, Inc. DEGERMINATED PRE-COOKED YELLOW CORNMEAL",branded_food,0.4,match confidence 0.40 below the 0.55 needs-review threshold,NO,,,,,,,
03010328:PHYTCPPI,"Cowpea, IT84S-2246-4, germinated, raw",PHYTCPPI,89.0424,The J.M. Smucker Company GERMINATED BROWN RICE,branded_food,0.4,match confidence 0.40 below the 0.55 needs-review threshold,NO,,,,,,,
03010331:PHYTCPPD,"Cowpea, IT88D-867-11, water-dehulled",PHYTCPPD,628.0139999999999,"Crider's, Inc. PULLED PORK IN WATER",branded_food,0.4,match confidence 0.40 below the 0.55 needs-review threshold,NO,,,,,,,
03010337:PHYTCPP,"Cowpea, Kpodjiguegue, smooth, green grey, raw",PHYTCPP,735.0,AWESOME FOODS RAW GREEN SMOOTHIE,branded_food,0.4,match confidence 0.40 below the 0.55 needs-review threshold,NO,,,,,,,
03010341:PHYTCPP,"Cowpea, Malanville gros grains, wrinkled, unpigmented, raw",PHYTCPP,866.25,"Community Grains COMMUNITY GRAINS, WHOLE GRAIN & WHOLE MILLED LINGUIUNE",branded_food,0.4,match confidence 0.40 below the 0.55 needs-review threshold,NO,,,,,,,
03010344:PHYTCPPD,"Cowpea, Olaudi, water-dehulled",PHYTCPPD,563.686,"Crider's, Inc. PULLED PORK IN WATER",branded_food,0.4,match confidence 0.40 below the 0.55 needs-review threshold,NO,,,,,,,
03010358:PHYTCPP,"Cowpea, Sowetin, smooth, streaked light brown, raw",PHYTCPP,857.5000000000001,Dean Foods Company SMOOTH & CREAMY LIGHT SOUR CREAM,branded_food,0.4,match confidence 0.40 below the 0.55 needs-review threshold,NO,,,,,,,
03010366:PHYTCPPD,Faba bean flour,PHYTCPPD,1462.0,Peruvian Import Company TOASTED FABA BEAN FLOUR,branded_food,0.4,match confidence 0.40 below the 0.55 needs-review threshold,YES,,,,,,,
03010374:IP6,"Faba bean, boiled",IP6,292.5,"Ito, Inc. EDAMAME (BOILED SOY BEAN)",branded_food,0.4,match confidence 0.40 below the 0.55 needs-review threshold,NO,,,,,,,
03010397:PHYTCPPI,"Faba bean, Qidou 2, autoclaved soaked in acid solution",PHYTCPPI,211.355,"Auto Parts Solutions, Inc. HOT SALSA",branded_food,0.4,match confidence 0.40 below the 0.55 needs-review threshold,YES,,,,,,,
03010399:PHYTCPPI,"Faba bean, Qidou 2, dry heated, soaked in acid solution",PHYTCPPI,270.351,"Dse Healthcare Solutions, LLC FRIED CHILI IN OIL",branded_food,0.4,match confidence 0.40 below the 0.55 needs-review threshold,NO,,,,,,,
03010407:PHYTCPPI,"Faba bean, Qidou 2, steeped for 12 hours",PHYTCPPI,338.074,7 For All Mankind STEAMED BEAN SNACK,branded_food,0.4,match confidence 0.40 below the 0.55 needs-review threshold,NO,,,,,,,
03010408:PHYTCPPI,"Faba bean, Qidou 2, steeped for 24 hours",PHYTCPPI,323.3808,7 For All Mankind STEAMED BEAN SNACK,branded_food,0.4,match confidence 0.40 below the 0.55 needs-review threshold,NO,,,,,,,
03010409:PHYTCPPI,"Faba bean, Qidou 2, steeped for 4 hours",PHYTCPPI,370.92019999999997,7 For All Mankind STEAMED BEAN SNACK,branded_food,0.4,match confidence 0.40 below the 0.55 needs-review threshold,YES,,,,,,,
03010410:PHYTCPPI,"Faba bean, Qidou 2, steeped for 8 hours",PHYTCPPI,351.5504,7 For All Mankind STEAMED BEAN SNACK,branded_food,0.4,match confidence 0.40 below the 0.55 needs-review threshold,YES,,,,,,,
03010411:PHYTCPPI,"Faba bean, Qidou 2, steeped, germinated for 120h, raw",PHYTCPPI,134.3566,GRASS RUN FARMS 100% GRASS FED BEEF FOR STEW,branded_food,0.4,match confidence 0.40 below the 0.55 needs-review threshold,NO,,,,,,,
03010414:PHYTCPPI,"Faba bean, Qidou 2, steeped, germinated for 72h, raw",PHYTCPPI,237.958,7 For All Mankind STEAMED BEAN SNACK,branded_food,0.4,match confidence 0.40 below the 0.55 needs-review threshold,YES,,,,,,,
03010423:PHYTCPPI,"Faba bean, water-soaked for 12h",PHYTCPPI,338.07399999999996,"Conchita Foods, Inc. SMALL RED BEANS IN WATER & SALT",branded_food,0.4,match confidence 0.40 below the 0.55 needs-review threshold,NO,,,,,,,
03010424:PHYTCPPI,"Faba bean, water-soaked for 24h",PHYTCPPI,323.38079999999997,"Conchita Foods, Inc. SMALL RED BEANS IN WATER & SALT",branded_food,0.4,match confidence 0.40 below the 0.55 needs-review threshold,NO,,,,,,,
03010427:PHYTCPPI,"Faba bean, water-soaked, fermented",PHYTCPPI,232.88440000000003,"Wang Globalnet WANG KOREA, FERMENTED SOY BEAN PASTE",branded_food,0.4,match confidence 0.40 below the 0.55 needs-review threshold,YES,,,,,,,
03010428:PHYTCPPI,"Faba bean, water-soaked, fermented",PHYTCPPI,184.0986,"Wang Globalnet WANG KOREA, FERMENTED SOY BEAN PASTE",branded_food,0.4,match confidence 0.40 below the 0.55 needs-review threshold,NO,,,,,,,
03010429:PHYTCPPI,"Faba bean, water-soaked, fermented",PHYTCPPI,139.204,"Wang Globalnet WANG KOREA, FERMENTED SOY BEAN PASTE",branded_food,0.4,match confidence 0.40 below the 0.55 needs-review threshold,NO,,,,,,,
03010430:PHYTCPPI,"Faba bean, water-soaked, fermented",PHYTCPPI,70.96640000000001,"Wang Globalnet WANG KOREA, FERMENTED SOY BEAN PASTE",branded_food,0.4,match confidence 0.40 below the 0.55 needs-review threshold,NO,,,,,,,
03010437:PHYTCPP,"Field bean, black, raw",PHYTCPP,759.0,"BLACK BEANS, BLACK",branded_food,0.4,match confidence 0.40 below the 0.55 needs-review threshold,NO,,,,,,,
03010441:PHYTCPP,"Grass pea, split, dried",PHYTCPP,560.0,GREEN SPLIT PEAS,branded_food,0.4,match confidence 0.40 below the 0.55 needs-review threshold,NO,,,,,,,
03010442:PHYTCPP,"Grass pea, split, dried",PHYTCPP,15.33,GREEN SPLIT PEAS,branded_food,0.4,match confidence 0.40 below the 0.55 needs-review threshold,NO,,,,,,,
03010443:PHYTCPP,"Green gram, dal",PHYTCPP,170.0,GREEN WISE GRANOLA,branded_food,0.4,match confidence 0.40 below the 0.55 needs-review threshold,NO,,,,,,,
03010445:PHYTCPP,"Green gram, split, raw",PHYTCPP,580.0,GREEN SPLIT PEAS,branded_food,0.4,match confidence 0.40 below the 0.55 needs-review threshold,NO,,,,,,,
03010450:PHYTCPP,"Green gram, whole, raw",PHYTCPP,375.0,Raley's WHOLE GREEN BEANS,branded_food,0.4,match confidence 0.40 below the 0.55 needs-review threshold,NO,,,,,,,
03010457:IP5_A_IP6,"Haricot bean, white, whole grain, sun-dried",IP5_A_IP6,604.0,WHOLE GRAIN WHITE BREAD,branded_food,0.4,match confidence 0.40 below the 0.55 needs-review threshold,NO,,,,,,,
03010501:PHYTC-,"Lima bean, autoclaved for 10 min, dried",PHYTC-,7.840980000000001,"Del Monte Foods Inc. DEL MONTE, LIMA BEAN",branded_food,0.4,match confidence 0.40 below the 0.55 needs-review threshold,YES,,,,,,,
03010501:PP-,"Lima bean, autoclaved for 10 min, dried",PP-,2.3196600000000003,"Del Monte Foods Inc. DEL MONTE, LIMA BEAN",branded_food,0.4,match confidence 0.40 below the 0.55 needs-review threshold,NO,,,,,,,
03010502:PHYTC-,"Lima bean, autoclaved for 15 min, dried",PHYTC-,3.79308,"Del Monte Foods Inc. DEL MONTE, LIMA BEAN",branded_food,0.4,match confidence 0.40 below the 0.55 needs-review threshold,NO,,,,,,,
03010502:PP-,"Lima bean, autoclaved for 15 min, dried",PP-,1.1691,"Del Monte Foods Inc. DEL MONTE, LIMA BEAN",branded_food,0.4,match confidence 0.40 below the 0.55 needs-review threshold,NO,,,,,,,
03010508:PHYTC-,"Lima bean, toasted for 10 min",PHYTC-,15.955034999999999,"Del Monte Foods Inc. DEL MONTE, LIMA BEAN",branded_food,0.4,match confidence 0.40 below the 0.55 needs-review threshold,NO,,,,,,,
03010508:PP-,"Lima bean, toasted for 10 min",PP-,4.1699589999999995,"Del Monte Foods Inc. DEL MONTE, LIMA BEAN",branded_food,0.4,match confidence 0.40 below the 0.55 needs-review threshold,NO,,,,,,,
03010509:PHYTC-,"Lima bean, toasted for 15 min",PHYTC-,13.006869,"Del Monte Foods Inc. DEL MONTE, LIMA BEAN",branded_food,0.4,match confidence 0.40 below the 0.55 needs-review threshold,NO,,,,,,,
03010509:PP-,"Lima bean, toasted for 15 min",PP-,3.5153700000000003,"Del Monte Foods Inc. DEL MONTE, LIMA BEAN",branded_food,0.4,match confidence 0.40 below the 0.55 needs-review threshold,NO,,,,,,,
03010510:PHYTC-,"Lima bean, toasted for 20 min",PHYTC-,13.417701,"Del Monte Foods Inc. DEL MONTE, LIMA BEAN",branded_food,0.4,match confidence 0.40 below the 0.55 needs-review threshold,NO,,,,,,,
03010510:PP-,"Lima bean, toasted for 20 min",PP-,3.580037,"Del Monte Foods Inc. DEL MONTE, LIMA BEAN",branded_food,0.4,match confidence 0.40 below the 0.55 needs-review threshold,YES,,,,,,,
03010511:PHYTC-,"Lima bean, water-soaked for 3h, dried",PHYTC-,15.492449999999998,STATER BROS. LIMA BEANS,branded_food,0.4,match confidence 0.40 below the 0.55 needs-review threshold,NO,,,,,,,
03010511:PP-,"Lima bean, water-soaked for 3h, dried",PP-,4.25125,STATER BROS. LIMA BEANS,branded_food,0.4,match confidence 0.40 below the 0.55 needs-review threshold,NO,,,,,,,
03010512:PHYTC-,"Lima bean, water-soaked for 6h, dried",PHYTC-,15.486260999999999,STATER BROS. LIMA BEANS,branded_food,0.4,match confidence 0.40 below the 0.55 needs-review threshold,YES,,,,,,,
03010512:PP-,"Lima bean, water-soaked for 6h, dried",PP-,4.1815620000000004,STATER BROS. LIMA BEANS,branded_food,0.4,match confidence 0.40 below the 0.55 needs-review threshold,YES,,,,,,,
03010513:PHYTC-,"Lima bean, water-soaked for 9h, dried",PHYTC-,13.839294,STATER BROS. LIMA BEANS,branded_food,0.4,match confidence 0.40 below the 0.55 needs-review threshold,NO,,,,,,,
03010513:PP-,"Lima bean, water-soaked for 9h, dried",PP-,388.15319999999997,STATER BROS. LIMA BEANS,branded_food,0.4,match confidence 0.40 below the 0.55 needs-review threshold,NO,,,,,,,
03010519:IP5,"Long bean, boiled",IP5,1.43,"Ito, Inc. EDAMAME (BOILED SOY BEAN)",branded_food,0.4,match confidence 0.40 below the 0.55 needs-review threshold,YES,,,,,,,
03010519:IP5_A_IP6,"Long bean, boiled",IP5_A_IP6,19.47,"Ito, Inc. EDAMAME (BOILED SOY BEAN)",branded_food,0.4,match confidence 0.40 below the 0.55 needs-review threshold,NO,,,,,,,
03010519:IP6,"Long bean, boiled",IP6,18.04,"Ito, Inc. EDAMAME (BOILED SOY BEAN)",branded_food,0.4,match confidence 0.40 below the 0.55 needs-review threshold,NO,,,,,,,
03010521:PHYTCPPD,Lupin flour,PHYTCPPD,235.2236,"The Carrington Tea Company LLC. LUPIN FLOUR MADE FROM LUPIN BEAN, LUPIN FLOUR",branded_food,0.4,match confidence 0.40 below the 0.55 needs-review threshold,YES,,,,,,,
03010522:PHYTCPPD,Lupin flour,PHYTCPPD,229.95739999999998,"The Carrington Tea Company LLC. LUPIN FLOUR MADE FROM LUPIN BEAN, LUPIN FLOUR",branded_food,0.4,match confidence 0.40 below the 0.55 needs-review threshold,NO,,,,,,,
03010535:PHYTCPP,"Lupin, water-soaked",PHYTCPP,848.82,WATER SARDINES,branded_food,0.4,match confidence 0.40 below the 0.55 needs-review threshold,YES,,,,,,,
03010536:PHYTCPP,"Mexican palo verde bean, raw",PHYTCPP,705.66,"Herdez S.A. MOLE VERDE MEXICAN SAUCE, MOLE VERDE",branded_food,0.4,match confidence 0.40 below the 0.55 needs-review threshold,NO,,,,,,,
03010537:PHYTCPP,"Mexican palo verde bean, raw",PHYTCPP,689.1619999999999,"Herdez S.A. MOLE VERDE MEXICAN SAUCE, MOLE VERDE",branded_food,0.4,match confidence 0.40 below the 0.55 needs-review threshold,NO,,,,,,,
03010538:PHYTCPP,"Mexican palo verde bean, raw",PHYTCPP,647.71,"Herdez S.A. MOLE VERDE MEXICAN SAUCE, MOLE VERDE",branded_food,0.4,match confidence 0.40 below the 0.55 needs-review threshold,NO,,,,,,,
03010541:PHYTCPPI,"Milletia, seed, dehulled, toasted",PHYTCPPI,0.6693399999999999,"Continental Mills, Inc. TOASTED CHIA SEED",branded_food,0.4,match confidence 0.40 below the 0.55 needs-review threshold,NO,,,,,,,
03010566:PPI,"Mung bean, ML-613, water-soaked, germinated",PPI,87.42,Soofer Co. Inc. MUNG BEANS,branded_food,0.4,match confidence 0.40 below the 0.55 needs-review threshold,NO,,,,,,,
03010568:PPI,"Mung bean, ML-613, water-soaked, ground, fermented",PPI,111.3056,"Mundo Publishing, Corp. MASTER, FERMENTED BEAN SAUCE WITH CHILI",branded_food,0.4,match confidence 0.40 below the 0.55 needs-review threshold,NO,,,,,,,
03010569:PPI,"Mung bean, ML-613, water-soaked, ground, fermented, deep-fried",PPI,105.36400000000002,"Mundo Publishing, Corp. MASTER, FERMENTED BEAN SAUCE WITH CHILI",branded_food,0.4,match confidence 0.40 below the 0.55 needs-review threshold,NO,,,,,,,
03010580:PPI,"Mung bean, PAU911, water-soaked",PPI,99.40855000000002,Soofer Co. Inc. MUNG BEANS,branded_food,0.4,match confidence 0.40 below the 0.55 needs-review threshold,NO,,,,,,,
03010629:PHYT-,"Pigeon pea, steamed, dehulled, soaked, dried",PHYT-,768.7305,"Casablanca MADAME GOUGOUSSE, DRIED PIGEON PEAS",branded_food,0.4,match confidence 0.40 below the 0.55 needs-review threshold,NO,,,,,,,
03010635:PHYTCPP,"Red gram, dal",PHYTCPP,277.0,WOOT FROOT RED GRAPES,branded_food,0.4,match confidence 0.40 below the 0.55 needs-review threshold,NO,,,,,,,
03010642:PHYTCPPD,"Rice bean, Beziarnah, oven-dried",PHYTCPPD,1939.98,China Doll Rice and Beans Inc. DRIED LIMA BEANS,branded_food,0.4,match confidence 0.40 below the 0.55 needs-review threshold,NO,,,,,,,
03010644:PHYTCPPD,"Rice bean, Beziarnah, oven-dried, pressure-cooked",PHYTCPPD,1247.2199999999998,Rhee Bros. Inc. PRE-COOKED JASMINE RICE,branded_food,0.4,match confidence 0.40 below the 0.55 needs-review threshold,NO,,,,,,,
03010646:PHYTCPPD,"Rice bean, RBL-121, oven-dried",PHYTCPPD,1790.2079999999999,China Doll Rice and Beans Inc. DRIED LIMA BEANS,branded_food,0.4,match confidence 0.40 below the 0.55 needs-review threshold,NO,,,,,,,
03010648:PHYTCPPD,"Rice bean, RBL-121, oven-dried, pressure-cooked",PHYTCPPD,1104.5520000000001,Rhee Bros. Inc. PRE-COOKED JASMINE RICE,branded_food,0.4,match confidence 0.40 below the 0.55 needs-review threshold,NO,,,,,,,
03010652:PHYTCPPD,"Rice bean, RBL-4, oven-dried",PHYTCPPD,1829.88,China Doll Rice and Beans Inc. DRIED LIMA BEANS,branded_food,0.4,match confidence 0.40 below the 0.55 needs-review threshold,NO,,,,,,,
03010654:PHYTCPPD,"Rice bean, RBL-4, oven-dried, pressure-cooked",PHYTCPPD,1177.856,Rhee Bros. Inc. PRE-COOKED JASMINE RICE,branded_food,0.4,match confidence 0.40 below the 0.55 needs-review threshold,NO,,,,,,,
03010657:PHYTCPPD,"Rice bean, RBL-4, seed, brown, raw",PHYTCPPD,1829.88,Raley's BROWN RICE,branded_food,0.4,match confidence 0.40 below the 0.55 needs-review threshold,YES,,,,,,,
03010658:PHYTCPPD,"Rice bean, RBL-6, oven-dried",PHYTCPPD,1768.52,China Doll Rice and Beans Inc. DRIED LIMA BEANS,branded_food,0.4,match confidence 0.40 below the 0.55 needs-review threshold,NO,,,,,,,
03010660:PHYTCPPD,"Rice bean, RBL-6, oven-dried, pressure-cooked",PHYTCPPD,1087.1250000000002,Rhee Bros. Inc. PRE-COOKED JASMINE RICE,branded_food,0.4,match confidence 0.40 below the 0.55 needs-review threshold,NO,,,,,,,
03010680:PPI,"Stink bean, boiled",PPI,9.271510999999999,"Ito, Inc. EDAMAME (BOILED SOY BEAN)",branded_food,0.4,match confidence 0.40 below the 0.55 needs-review threshold,YES,,,,,,,
03010685:PHYTCPPD,"Stink bean, NaHCO3-soaked, autoclaved",PHYTCPPD,766.4,"SPARTAN SPARTAN, BAKED BEANS",branded_food,0.4,match confidence 0.40 below the 0.55 needs-review threshold,NO,,,,,,,
03010690:PHYTCPPD,"Stink bean, water-soaked, autoclaved",PHYTCPPD,739.97,STATER BROS. PINK BEANS,branded_food,0.4,match confidence 0.40 below the 0.55 needs-review threshold,NO,,,,,,,
03010691:PHYTCPPD,"Stink bean, water-soaked, autoclaved, fermented, dried",PHYTCPPD,620.75,"Wang Globalnet WANG KOREA, FERMENTED SOY BEAN PASTE",branded_food,0.4,match confidence 0.40 below the 0.55 needs-review threshold,NO,,,,,,,
03010699:PHYTCPPD,"Velvet bean, Black, dehulled, raw",PHYTCPPD,1112.1264,Raley's BLACK BEANS,branded_food,0.4,match confidence 0.40 below the 0.55 needs-review threshold,NO,,,,,,,
03010701:PHYTC-,"Velvet bean, Cream, seed, sun-dried",PHYTC-,72.4,Velvet Ice Cream Co. ICE CREAM,branded_food,0.4,match confidence 0.40 below the 0.55 needs-review threshold,NO,,,,,,,
03010702:PHYTC-,"Velvet bean, Maroon, seed, sun-dried",PHYTC-,200.42,TWO-BITE RED VELVET MACAROON TREATS,branded_food,0.4,match confidence 0.40 below the 0.55 needs-review threshold,NO,,,,,,,
03010703:PHYTC-,"Velvet bean, Mottled, seed, sun-dried",PHYTC-,169.48,SUN VISTA REFRIED BEANS,branded_food,0.4,match confidence 0.40 below the 0.55 needs-review threshold,YES,,,,,,,
03010704:PHYTC-,"Velvet bean, Mottled, seed, sun-dried",PHYTC-,157.93,SUN VISTA REFRIED BEANS,branded_food,0.4,match confidence 0.40 below the 0.55 needs-review threshold,NO,,,,,,,
03010706:PHYTC-,"Velvet bean, seed, sun-dried",PHYTC-,89.7,SUN VISTA REFRIED BEANS,branded_food,0.4,match confidence 0.40 below the 0.55 needs-review threshold,NO,,,,,,,
03010707:PHYTC-,"Velvet bean, seed, sun-dried",PHYTC-,124.88000000000002,SUN VISTA REFRIED BEANS,branded_food,0.4,match confidence 0.40 below the 0.55 needs-review threshold,NO,,,,,,,
03020001:PHYTCPP,Bean curd,PHYTCPP,987.0,"FU-CHUNG FU-CHUNG, BEAN CURD",branded_food,0.4,match confidence 0.40 below the 0.55 needs-review threshold,NO,,,,,,,
03020003:PHYTCPP,"Edamame, Hearty brand, raw",PHYTCPP,273.0,HEARTLAND OAT BRAN,branded_food,0.4,match confidence 0.40 below the 0.55 needs-review threshold,YES,,,,,,,
03020006:IP6,"Soy bacon bits, Super Giant",IP6,1365.0,"Supervalu, Inc. BACON BITS",branded_food,0.4,match confidence 0.40 below the 0.55 needs-review threshold,NO,,,,,,,
03020007:IP6,"Soy bacon, Manischewitz, Light Life",IP6,384.0,MANISCHEWITZ MATZO BALL SOUP,branded_food,0.4,match confidence 0.40 below the 0.55 needs-review threshold,NO,,,,,,,
03020009:PHYTC-,"Soy, grits",PHYTC-,919.1,SHURFINE GRITS,branded_food,0.4,match confidence 0.40 below the 0.55 needs-review threshold,NO,,,,,,,
03020011:PHYTCPPD,"Soybean bran, treated",PHYTCPPD,207.0,SOYBEAN PASTE,branded_food,0.4,match confidence 0.40 below the 0.55 needs-review threshold,NO,,,,,,,
03020022:PHYTCPP,"Soybean flour, Bulk brand",PHYTCPP,1102.0,GAAY BRAND BESAN (GRAM FLOUR),branded_food,0.4,match confidence 0.40 below the 0.55 needs-review threshold,NO,,,,,,,
03020027:PHYTCPP,"Soybean protein, textured vegetable, Red Mill brand",PHYTCPP,1879.0,"Bob's Red Mill Natural Foods, Inc. TEXTURED VEGETABLE PROTEIN",branded_food,0.4,match confidence 0.40 below the 0.55 needs-review threshold,NO,,,,,,,
03020043:PHYTCPP,"Soybean, Daewon, dried",PHYTCPP,2.00859,SOYBEAN PASTE,branded_food,0.4,match confidence 0.40 below the 0.55 needs-review threshold,NO,,,,,,,
03020049:IP3,"Soybean, Giza 82, fried",IP3,60.23304,SOYBEAN PASTE,branded_food,0.4,match confidence 0.40 below the 0.55 needs-review threshold,NO,,,,,,,
03020049:IP4,"Soybean, Giza 82, fried",IP4,52.81050000000001,SOYBEAN PASTE,branded_food,0.4,match confidence 0.40 below the 0.55 needs-review threshold,NO,,,,,,,
03020049:IP5,"Soybean, Giza 82, fried",IP5,83.17895999999999,SOYBEAN PASTE,branded_food,0.4,match confidence 0.40 below the 0.55 needs-review threshold,NO,,,,,,,
03020049:IP6,"Soybean, Giza 82, fried",IP6,147.73374,SOYBEAN PASTE,branded_food,0.4,match confidence 0.40 below the 0.55 needs-review threshold,NO,,,,,,,
03020049:IPSUM,"Soybean, Giza 82, fried",IPSUM,343.95624000000004,SOYBEAN PASTE,branded_food,0.4,match confidence 0.40 below the 0.55 needs-review threshold,NO,,,,,,,
03020058:PHYTCPP,"Soybean, powder, Fearn brand",PHYTCPP,1405.0,BRANDLESS PEANUT POWDER,branded_food,0.4,match confidence 0.40 below the 0.55 needs-review threshold,NO,,,,,,,
03020059:PHYTCPPI,"Soybean, prennial, dried",PHYTCPPI,1100.4,SOYBEAN PASTE,branded_food,0.4,match confidence 0.40 below the 0.55 needs-review threshold,NO,,,,,,,
03020060:PHYTCPP,"Soybean, Puleun, dried",PHYTCPP,1.8803999999999998,SOYBEAN PASTE,branded_food,0.4,match confidence 0.40 below the 0.55 needs-review threshold,NO,,,,,,,
03020067:PHYTCPP,"Soybean, shrimp favoured, fried",PHYTCPP,1253.0,YUM CHA SHRIMP FRIED RICE,branded_food,0.4,match confidence 0.40 below the 0.55 needs-review threshold,NO,,,,,,,
03020068:PHYTCPP,"Soybean, Sinpaldal n.2, dried",PHYTCPP,0.809432,SOYBEAN PASTE,branded_food,0.4,match confidence 0.40 below the 0.55 needs-review threshold,NO,,,,,,,
03020070:PHYTCPP,"Soybean, Taewang, dried",PHYTCPP,1.985299,SOYBEAN PASTE,branded_food,0.4,match confidence 0.40 below the 0.55 needs-review threshold,NO,,,,,,,
03020090:PHYTCPP,"Soymilk, from Baxter soybeans",PHYTCPP,129.0,LOCAL SOYBEANS,branded_food,0.4,match confidence 0.40 below the 0.55 needs-review threshold,NO,,,,,,,
03020091:PHYTCPP,"Soymilk, from Biscay soybeans",PHYTCPP,119.0,LOCAL SOYBEANS,branded_food,0.4,match confidence 0.40 below the 0.55 needs-review threshold,NO,,,,,,,
03020092:PHYTCPP,"Soymilk, from Bygland soybeans",PHYTCPP,149.0,LOCAL SOYBEANS,branded_food,0.4,match confidence 0.40 below the 0.55 needs-review threshold,NO,,,,,,,
03020094:PHYTCPP,"Soymilk, from CX1836 soybeans",PHYTCPP,59.0,LOCAL SOYBEANS,branded_food,0.4,match confidence 0.40 below the 0.55 needs-review threshold,NO,,,,,,,
03020096:PHYTCPP,"Soymilk, from Kandi soybeans",PHYTCPP,119.0,LOCAL SOYBEANS,branded_food,0.4,match confidence 0.40 below the 0.55 needs-review threshold,NO,,,,,,,
03020097:PHYTCPP,"Soymilk, from Korador soybeans",PHYTCPP,129.0,LOCAL SOYBEANS,branded_food,0.4,match confidence 0.40 below the 0.55 needs-review threshold,NO,,,,,,,
03020109:PHYTCPP,"Soymilk, from P9071 soybeans",PHYTCPP,120.0,LOCAL SOYBEANS,branded_food,0.4,match confidence 0.40 below the 0.55 needs-review threshold,NO,,,,,,,
03020117:PHYTCPP,"Soymilk, from SB2450 soybeans",PHYTCPP,210.0,LOCAL SOYBEANS,branded_food,0.4,match confidence 0.40 below the 0.55 needs-review threshold,NO,,,,,,,
03020118:PHYTCPP,"Soymilk, from Soaord soybeans",PHYTCPP,143.0,LOCAL SOYBEANS,branded_food,0.4,match confidence 0.40 below the 0.55 needs-review threshold,NO,,,,,,,
03020120:PHYTCPP,"Soymilk, from Surge soybeans",PHYTCPP,131.0,LOCAL SOYBEANS,branded_food,0.4,match confidence 0.40 below the 0.55 needs-review threshold,NO,,,,,,,
03020123:PHYTCPP,"Soymilk, from Vinton soybeans",PHYTCPP,110.0,LOCAL SOYBEANS,branded_food,0.4,match confidence 0.40 below the 0.55 needs-review threshold,NO,,,,,,,
03020124:PHYTCPP,"Soymilk, from Vinton soybeans",PHYTCPP,88.0,LOCAL SOYBEANS,branded_food,0.4,match confidence 0.40 below the 0.55 needs-review threshold,NO,,,,,,,
03020125:PHYTCPP,"Soymilk, from Windsorr soybeans",PHYTCPP,148.0,LOCAL SOYBEANS,branded_food,0.4,match confidence 0.40 below the 0.55 needs-review threshold,YES,,,,,,,
03020126:PHYTCPP,"Soymilk, from X5715 soybeans",PHYTCPP,100.0,LOCAL SOYBEANS,branded_food,0.4,match confidence 0.40 below the 0.55 needs-review threshold,NO,,,,,,,
03020128:PHYTCPPD,"Soymilk, JS9650, from germinated seeds",PHYTCPPD,27.140000000000022,ORIGINAL SOYMILK,branded_food,0.4,match confidence 0.40 below the 0.55 needs-review threshold,NO,,,,,,,
03020129:PHYTCPPD,"Soymilk, JS9650, from germinated seeds",PHYTCPPD,27.140000000000022,ORIGINAL SOYMILK,branded_food,0.4,match confidence 0.40 below the 0.55 needs-review threshold,NO,,,,,,,
03020130:PHYTCPPD,"Soymilk, JS9650, from germinated seeds",PHYTCPPD,29.070000000000007,ORIGINAL SOYMILK,branded_food,0.4,match confidence 0.40 below the 0.55 needs-review threshold,NO,,,,,,,
03020131:PHYTCPP,"Soymilk, Pacific Soy brand",PHYTCPP,80.0,PACIFIC ORGANIC MILK,branded_food,0.4,match confidence 0.40 below the 0.55 needs-review threshold,NO,,,,,,,
03020134:PHYTCPP,"Soymilk, Proto soybean 0 months stored (84% RH and 30ºC)",PHYTCPP,149.0,"Wal-Mart Stores, Inc. GREAT VALUE, 8G PROTEIN PER CUP SOYMILK",branded_food,0.4,match confidence 0.40 below the 0.55 needs-review threshold,YES,,,,,,,
03020135:PHYTCPP,"Soymilk, Proto soybean 1 month stored (84% RH and 30ºC)",PHYTCPP,142.0,"Wal-Mart Stores, Inc. GREAT VALUE, 8G PROTEIN PER CUP SOYMILK",branded_food,0.4,match confidence 0.40 below the 0.55 needs-review threshold,NO,,,,,,,
03020137:PHYTCPP,"Soymilk, Proto soybean 2 month stored (57% RH and 20ºC)",PHYTCPP,149.0,FRY'S FOOD STORES 2% REDUCED AT MILK,branded_food,0.4,match confidence 0.40 below the 0.55 needs-review threshold,NO,,,,,,,
03020138:PHYTCPP,"Soymilk, Proto soybean 2 month stored (84% RH and 30ºC)",PHYTCPP,134.0,FRY'S FOOD STORES 2% REDUCED AT MILK,branded_food,0.4,match confidence 0.40 below the 0.55 needs-review threshold,YES,,,,,,,
03020139:PHYTCPP,"Soymilk, Proto soybean 3 month stored (84% RH and 30ºC)",PHYTCPP,136.0,"Wal-Mart Stores, Inc. GREAT VALUE, 8G PROTEIN PER CUP SOYMILK",branded_food,0.4,match confidence 0.40 below the 0.55 needs-review threshold,NO,,,,,,,
03020141:PHYTCPP,"Soymilk, Proto soybean 4 month stored (84% RH and 30ºC)",PHYTCPP,130.0,"Wal-Mart Stores, Inc. GREAT VALUE, 8G PROTEIN PER CUP SOYMILK",branded_food,0.4,match confidence 0.40 below the 0.55 needs-review threshold,NO,,,,,,,
03020143:PHYTCPP,"Soymilk, Proto soybean 5 month stored (84% RH and 30ºC)",PHYTCPP,126.0,"Wal-Mart Stores, Inc. GREAT VALUE, 8G PROTEIN PER CUP SOYMILK",branded_food,0.4,match confidence 0.40 below the 0.55 needs-review threshold,NO,,,,,,,
03020145:PHYTCPP,"Soymilk, Proto soybean 6 month stored (84% RH and 30ºC)",PHYTCPP,125.0,"Wal-Mart Stores, Inc. GREAT VALUE, 8G PROTEIN PER CUP SOYMILK",branded_food,0.4,match confidence 0.40 below the 0.55 needs-review threshold,NO,,,,,,,
03020146:PHYTCPP,"Soymilk, Proto soybean 7 month stored (84% RH and 30ºC)",PHYTCPP,91.0,"Wal-Mart Stores, Inc. GREAT VALUE, 8G PROTEIN PER CUP SOYMILK",branded_food,0.4,match confidence 0.40 below the 0.55 needs-review threshold,YES,,,,,,,
03020147:PHYTCPP,"Soymilk, Proto soybean 8 month stored (84% RH and 30ºC)",PHYTCPP,83.0,"Wal-Mart Stores, Inc. GREAT VALUE, 8G PROTEIN PER CUP SOYMILK",branded_food,0.4,match confidence 0.40 below the 0.55 needs-review threshold,NO,,,,,,,
03020149:PHYTCPP,"Soynut butter, “low carb”, I. M. Healthy brand",PHYTCPP,764.0,"The Soy Nut Butter Co I.M. HEALTHY, SOYNUT BUTTER",branded_food,0.4,match confidence 0.40 below the 0.55 needs-review threshold,NO,,,,,,,
03020150:PHYTCPP,"Soynut butter, “original creamy”, I. M. Healthy brand",PHYTCPP,467.0,"The Soy Nut Butter Co I.M. HEALTHY, CREAMY SOYNUT BUTTER",branded_food,0.4,match confidence 0.40 below the 0.55 needs-review threshold,NO,,,,,,,
03020153:PHYTCPPD,Soy-textured vegetable protein (TVP),PHYTCPPD,882.7,Green World TEXTURED SOY PROTEIN,branded_food,0.4,match confidence 0.40 below the 0.55 needs-review threshold,NO,,,,,,,
03020157:PHYTCPP,"Tempeh, Turtle Islan brand",PHYTCPP,431.0,"Turtle Island Foods, Inc. TEMPEH",branded_food,0.4,match confidence 0.40 below the 0.55 needs-review threshold,NO,,,,,,,
03020167:PHYTCPP,"Tofu, Japanese traditional, prepared with CaSO4, PacSoy brand",PHYTCPP,462.0,"Kustom Foods TOFU, JAPANESE-TRADITIONAL",branded_food,0.4,match confidence 0.40 below the 0.55 needs-review threshold,NO,,,,,,,
03020168:PHYTCPP,"Tofu, Japanese traditional, prepared with CaSO4, PacSoy brand",PHYTCPP,210.0,"Kustom Foods TOFU, JAPANESE-TRADITIONAL",branded_food,0.4,match confidence 0.40 below the 0.55 needs-review threshold,NO,,,,,,,
03020173:PHYTCPP,"Tofu, Kinugoshi type, soft, prepared with CaSO4, PacSoy brand",PHYTCPP,157.0,Tacoma Tofu Inc. KINUGOSHI (SOFT),branded_food,0.4,match confidence 0.40 below the 0.55 needs-review threshold,NO,,,,,,,
03020186:PHYTCPP,"Tofu, Proto soybean 4 months stored (84% RH and 30ºC)",PHYTCPP,225.0,HOUSE FOODS ORGANIC TOFU PROTEIN FROM SOYBEANS,branded_food,0.4,match confidence 0.40 below the 0.55 needs-review threshold,NO,,,,,,,
03020189:PHYTCPP,"Tofu, Proto soybean 6 months stored (84% RH and 30ºC)",PHYTCPP,340.0,HOUSE FOODS ORGANIC TOFU PROTEIN FROM SOYBEANS,branded_food,0.4,match confidence 0.40 below the 0.55 needs-review threshold,NO,,,,,,,
04010064:PHYTCPPD,"Bitterleaves, leaves, dried",PHYTCPPD,3.436539,"Bi-Lo Inc. DRIED PITTED DATES, DRIED PITTED",branded_food,0.4,match confidence 0.40 below the 0.55 needs-review threshold,NO,,,,,,,
04010154:PHYTC-,"Indian long pepper, leaves, raw",PHYTC-,31.3,"Erma Industries Inc HOT PEPPER LEAVES, HOT PEPPER",branded_food,0.4,match confidence 0.40 below the 0.55 needs-review threshold,NO,,,,,,,
04010198:IP5,"Pennywort, indian, blanched",IP5,1.0,"Meijer, Inc. BLANCHED PEANUTS",branded_food,0.4,match confidence 0.40 below the 0.55 needs-review threshold,NO,,,,,,,
04010198:IP5_A_IP6,"Pennywort, indian, blanched",IP5_A_IP6,4.0,"Meijer, Inc. BLANCHED PEANUTS",branded_food,0.4,match confidence 0.40 below the 0.55 needs-review threshold,NO,,,,,,,
04010198:IP6,"Pennywort, indian, blanched",IP6,3.0,"Meijer, Inc. BLANCHED PEANUTS",branded_food,0.4,match confidence 0.40 below the 0.55 needs-review threshold,YES,,,,,,,
04010233:IP6,"Sweet potato greens, Georgia Jet, conventional blanched (2.5min)",IP6,211.0,"Walgreens Co. SWEET POTATO STICKS, SWEET",branded_food,0.4,match confidence 0.40 below the 0.55 needs-review threshold,NO,,,,,,,
04010234:IP6,"Sweet potato greens, Georgia Jet, microwave blanched (30sec)",IP6,225.0,Green Thumb Produce MICROWAVEABLE ORGANIC SWEET POTATOES,branded_food,0.4,match confidence 0.40 below the 0.55 needs-review threshold,NO,,,,,,,
04010235:IP6,"Sweet potato greens, Georgia Jet, raw",IP6,300.0,FULL GREEN RICED SWEET POTATO,branded_food,0.4,match confidence 0.40 below the 0.55 needs-review threshold,NO,,,,,,,
04010237:IP6,"Sweet potato greens, Jewel, microwave blanched (30sec)",IP6,250.0,Green Thumb Produce MICROWAVEABLE ORGANIC SWEET POTATOES,branded_food,0.4,match confidence 0.40 below the 0.55 needs-review threshold,NO,,,,,,,
04010238:IP6,"Sweet potato greens, Jewel, raw",IP6,280.0,FULL GREEN RICED SWEET POTATO,branded_food,0.4,match confidence 0.40 below the 0.55 needs-review threshold,NO,,,,,,,
04010240:IP6,"Sweet potato greens, TU-82-155, microwave blanched (30sec)",IP6,290.0,Green Thumb Produce MICROWAVEABLE ORGANIC SWEET POTATOES,branded_food,0.4,match confidence 0.40 below the 0.55 needs-review threshold,NO,,,,,,,
04010241:IP6,"Sweet potato greens, TU-82-155, raw",IP6,380.0,FULL GREEN RICED SWEET POTATO,branded_food,0.4,match confidence 0.40 below the 0.55 needs-review threshold,NO,,,,,,,
04030017:IP5,"Cowslip creeper, boiled",IP5,1.0,"Country Creek Farms, LLC HARD- BOILED EGGS",branded_food,0.4,match confidence 0.40 below the 0.55 needs-review threshold,NO,,,,,,,
04030017:IP5_A_IP6,"Cowslip creeper, boiled",IP5_A_IP6,19.0,"Country Creek Farms, LLC HARD- BOILED EGGS",branded_food,0.4,match confidence 0.40 below the 0.55 needs-review threshold,NO,,,,,,,
04030017:IP6,"Cowslip creeper, boiled",IP6,18.0,"Country Creek Farms, LLC HARD- BOILED EGGS",branded_food,0.4,match confidence 0.40 below the 0.55 needs-review threshold,NO,,,,,,,
04030064:PHYTCPP,"Kovai, small, raw",PHYTCPP,8.79,"Ahold USA, Inc. SMALL RAW SHRIMP",branded_food,0.4,match confidence 0.40 below the 0.55 needs-review threshold,YES,,,,,,,
04030076:PHYTCPPD,"Mushroom, 'Termitomyces letestui', fresh, raw",PHYTCPPD,9.775883999999996,Country Fresh Mushroom Co. LOBSTER DRIED MUSHROOMS,branded_food,0.4,match confidence 0.40 below the 0.55 needs-review threshold,NO,,,,,,,
05010001:PHYTC-,"African star apple, peel, raw",PHYTC-,0.32880000000000004,AMERICAN PECANS RAW,branded_food,0.4,match confidence 0.40 below the 0.55 needs-review threshold,NO,,,,,,,
05010002:PHYT-,"African star apple, peel, raw",PHYT-,0.3288,AMERICAN PECANS RAW,branded_food,0.4,match confidence 0.40 below the 0.55 needs-review threshold,NO,,,,,,,
05010003:PHYTC-,"African star apple, pulp, raw",PHYTC-,0.52,"Raley's APPLE PIE, APPLE",branded_food,0.4,match confidence 0.40 below the 0.55 needs-review threshold,NO,,,,,,,
05010004:PHYT-,"African star apple, pulp, raw",PHYT-,0.52,"Raley's APPLE PIE, APPLE",branded_food,0.4,match confidence 0.40 below the 0.55 needs-review threshold,NO,,,,,,,
05020012:PHYTCPP,"Barberry, ripe, unpeeled, dark purple coloured fruit pulp, raw",PHYTCPP,0.1036,"KIND Inc. FRUIT BAR, DARK CHOCOLATE STRAWBERRY",branded_food,0.4,match confidence 0.40 below the 0.55 needs-review threshold,NO,,,,,,,
05020013:PHYTCPP,"Barberry, ripe, unpeeled, dark purple coloured fruit pulp, raw",PHYTCPP,0.4427,"KIND Inc. FRUIT BAR, DARK CHOCOLATE STRAWBERRY",branded_food,0.4,match confidence 0.40 below the 0.55 needs-review threshold,NO,,,,,,,
05020014:PHYTCPP,"Barberry, ripe, unpeeled, dark purple coloured fruit pulp, raw",PHYTCPP,0.3542,"KIND Inc. FRUIT BAR, DARK CHOCOLATE STRAWBERRY",branded_food,0.4,match confidence 0.40 below the 0.55 needs-review threshold,NO,,,,,,,
05020015:PHYTCPP,"Barberry, ripe, unpeeled, dark purple coloured fruit pulp, raw",PHYTCPP,0.8487,"KIND Inc. FRUIT BAR, DARK CHOCOLATE STRAWBERRY",branded_food,0.4,match confidence 0.40 below the 0.55 needs-review threshold,NO,,,,,,,
05020016:PHYTCPP,"Barberry, ripe, unpeeled, dark purple coloured fruit pulp, raw",PHYTCPP,1.32,"KIND Inc. FRUIT BAR, DARK CHOCOLATE STRAWBERRY",branded_food,0.4,match confidence 0.40 below the 0.55 needs-review threshold,NO,,,,,,,
05020032:PHYTCPPI,"Grapes, fresh fruit, raw",PHYTCPPI,0.051800000000000006,Fresh Fruit Cuts RED GRAPES,branded_food,0.4,match confidence 0.40 below the 0.55 needs-review threshold,NO,,,,,,,
05020044:PHYTCPPD,"Indian fig tree, whole fruit, raw",PHYTCPPD,37.8,"Tree of Life, Inc. TREE OF LIFE, WHOLE RAW ALMONDS",branded_food,0.4,match confidence 0.40 below the 0.55 needs-review threshold,NO,,,,,,,
05020044:PPD,"Indian fig tree, whole fruit, raw",PPD,10.64,"Tree of Life, Inc. TREE OF LIFE, WHOLE RAW ALMONDS",branded_food,0.4,match confidence 0.40 below the 0.55 needs-review threshold,NO,,,,,,,
05030001:PHYTCPP,"Apricot, dried",PHYTCPP,194.0,YUSA DRIED APRICOTS,branded_food,0.4,match confidence 0.40 below the 0.55 needs-review threshold,NO,,,,,,,
05030006:PHYTCPP,"Raisins, black",PHYTCPP,20.34,"Paramount Foods, LLC BLACK RAISINS, BLACK",branded_food,0.4,match confidence 0.40 below the 0.55 needs-review threshold,NO,,,,,,,
05040002:PHYTCPP,"Dates, processed",PHYTCPP,106.0,DAIRYLEA PROCESSED CHEESE-SLICES,branded_food,0.4,match confidence 0.40 below the 0.55 needs-review threshold,NO,,,,,,,
05040003:PHYTCPPD,"Mango, boiled",PHYTCPPD,20.0,MANGO,branded_food,0.4,match confidence 0.40 below the 0.55 needs-review threshold,NO,,,,,,,
06010015:PHYTCPPI,"Almond, Nonpareil marketing, raw",PHYTCPPI,350.0,Kingston Marketing Co NONPAREIL CAPERS,branded_food,0.4,match confidence 0.40 below the 0.55 needs-review threshold,NO,,,,,,,
06010016:PHYTCPP,"Almond, raw",PHYTCPP,964.0,RAW ALMONDS,branded_food,0.4,match confidence 0.40 below the 0.55 needs-review threshold,YES,,,,,,,
06010029:PHYTCPP,"Black sesame, powder, raw",PHYTCPP,440.0,BLACK SESAME CAKE,branded_food,0.4,match confidence 0.40 below the 0.55 needs-review threshold,NO,,,,,,,
06010043:PHYTCPP,"Cole's wattle, seed, raw, milled",PHYTCPP,8.424,Raley's FLAX SEED MILLED BROWN,branded_food,0.4,match confidence 0.40 below the 0.55 needs-review threshold,NO,,,,,,,
06010048:PHYTCPPI,"Conophor nut, shelled, raw",PHYTCPPI,3.2,Nut Tree Pecan Co. SHELLED PECAN,branded_food,0.4,match confidence 0.40 below the 0.55 needs-review threshold,NO,,,,,,,
06010056:PHYTCPP,"Foothills palo verde, seed, raw",PHYTCPP,452.74260000000004,Tio Foods VERDE CHILLED SOUP,branded_food,0.4,match confidence 0.40 below the 0.55 needs-review threshold,NO,,,,,,,
06010058:PHYTCPP,"Gingelly seed, black, raw",PHYTCPP,845.0,Raley's BLACK CHIA SEED,branded_food,0.4,match confidence 0.40 below the 0.55 needs-review threshold,NO,,,,,,,
06010061:PHYTCPPI,"Golden shower, seed flour, dehulled",PHYTCPPI,246.27200000000002,Raley's MILLED GOLDEN FLAX SEED,branded_food,0.4,match confidence 0.40 below the 0.55 needs-review threshold,YES,,,,,,,
06010086:PHYTCPPD,"Kola, seed, bitter, dehulled",PHYTCPPD,550.0,HULLED HEMP SEEDS,branded_food,0.4,match confidence 0.40 below the 0.55 needs-review threshold,NO,,,,,,,
06010117:PHYTCPP,"Mesquite, seed, raw",PHYTCPP,669.0668,ZINT LLC MESQUITE RAW ORGANIC POWDER,branded_food,0.4,match confidence 0.40 below the 0.55 needs-review threshold,NO,,,,,,,
06010122:PHYTCPP,"Niger seed, black, raw",PHYTCPP,1974.0,Raley's BLACK CHIA SEED,branded_food,0.4,match confidence 0.40 below the 0.55 needs-review threshold,NO,,,,,,,
06010131:IP6,"Peanut, blanched for 10 min",IP6,0.18,"Meijer, Inc. BLANCHED PEANUTS",branded_food,0.4,match confidence 0.40 below the 0.55 needs-review threshold,YES,,,,,,,
06010132:IP6,"Peanut, blanched for 2.5 min",IP6,0.3,"Meijer, Inc. BLANCHED PEANUTS",branded_food,0.4,match confidence 0.40 below the 0.55 needs-review threshold,NO,,,,,,,
06010133:IP6,"Peanut, blanched for 5 min",IP6,0.27,"Meijer, Inc. BLANCHED PEANUTS",branded_food,0.4,match confidence 0.40 below the 0.55 needs-review threshold,NO,,,,,,,
06010134:PHYTCPP,"Peanut, coarsely",PHYTCPP,339.0,Walgreens Co. PEANUT,branded_food,0.4,match confidence 0.40 below the 0.55 needs-review threshold,NO,,,,,,,
06010147:PHYTCPP,"Pindan wattle, Broome 18653, seed, raw, milled",PHYTCPP,2.784,Raley's FLAX SEED MILLED BROWN,branded_food,0.4,match confidence 0.40 below the 0.55 needs-review threshold,NO,,,,,,,
06010149:PHYTCPP,"Pindan wattle, Tanami 18646, seed, raw, milled",PHYTCPP,3.7039999999999997,Raley's FLAX SEED MILLED BROWN,branded_food,0.4,match confidence 0.40 below the 0.55 needs-review threshold,NO,,,,,,,
06010153:PHYTCPPI,"Pistachio, Paramount Farms, raw",PHYTCPPI,290.0,"Paramount Foods, LLC RAW PISTACHIOS",branded_food,0.4,match confidence 0.40 below the 0.55 needs-review threshold,NO,,,,,,,
06010157:PHYTCPPI,"Pumpkin, seed, dehulled, defatted, roasted",PHYTCPPI,56.1,ROASTED & SALTED PUMPKIN SEEDS,branded_food,0.4,match confidence 0.40 below the 0.55 needs-review threshold,NO,,,,,,,
06010161:PHYTCPPD,"Sesame seed, grown inorganic, raw",PHYTCPPD,1043.57,Now Health Group Inc. ORGANIC RAW SESAME SEEDS,branded_food,0.4,match confidence 0.40 below the 0.55 needs-review threshold,NO,,,,,,,
06010162:PHYTCPPD,"Sesame seed, HT-1, grown organic, raw",PHYTCPPD,945.4,Now Health Group Inc. ORGANIC RAW SESAME SEEDS,branded_food,0.4,match confidence 0.40 below the 0.55 needs-review threshold,NO,,,,,,,
06010182:PHYTC-,"Walnut, raw",PHYTC-,611.0,"Meijer, Inc. RAW WALNUTS",branded_food,0.4,match confidence 0.40 below the 0.55 needs-review threshold,NO,,,,,,,
06010183:PHYTCPP,"Walnut, raw",PHYTCPP,1001.0,"Meijer, Inc. RAW WALNUTS",branded_food,0.4,match confidence 0.40 below the 0.55 needs-review threshold,NO,,,,,,,
12010001:PHYTCPPD,Afzelia seed's oil,PHYTCPPD,0.06899999999999999,Raley's CHIA SEED,branded_food,0.4,match confidence 0.40 below the 0.55 needs-review threshold,NO,,,,,,,
12010002:PHYTCPPD,Afzelia seed's oil,PHYTCPPD,0.047,Raley's CHIA SEED,branded_food,0.4,match confidence 0.40 below the 0.55 needs-review threshold,NO,,,,,,,
13030002:PHYTCPPD,"Cocoa powder, industrial",PHYTCPPD,713.25,Super Store Industries COCOA POWDER,branded_food,0.4,match confidence 0.40 below the 0.55 needs-review threshold,NO,,,,,,,
13030003:PHYTCPPD,"Cocoa powder, industrial",PHYTCPPD,584.1,Super Store Industries COCOA POWDER,branded_food,0.4,match confidence 0.40 below the 0.55 needs-review threshold,NO,,,,,,,
13030004:PHYTCPPD,"Cocoa powder, industrial",PHYTCPPD,629.933,Super Store Industries COCOA POWDER,branded_food,0.4,match confidence 0.40 below the 0.55 needs-review threshold,NO,,,,,,,
13030005:PHYTCPPD,"Cocoa powder, industrial",PHYTCPPD,662.335,Super Store Industries COCOA POWDER,branded_food,0.4,match confidence 0.40 below the 0.55 needs-review threshold,NO,,,,,,,
13030006:PHYTCPPD,"Cocoa powder, industrial",PHYTCPPD,631.332,Super Store Industries COCOA POWDER,branded_food,0.4,match confidence 0.40 below the 0.55 needs-review threshold,NO,,,,,,,
13030014:PHYTCPPD,"Roselle, Green Calyces, soaked in wood ash, dried",PHYTCPPD,306.404,Forever Green Food Inc. DRIED MANGO,branded_food,0.4,match confidence 0.40 below the 0.55 needs-review threshold,YES,,,,,,,
14010001:PHYTCPPD,"Biscuit, butter biscuit",PHYTCPPD,167.0,BAHLSEN BUTTER BISCUIT,branded_food,0.4,match confidence 0.40 below the 0.55 needs-review threshold,NO,,,,,,,
14010002:PHYTCPPD,"Biscuit, digestive",PHYTCPPD,580.0,DIGESTIVE BISCUITS,branded_food,0.4,match confidence 0.40 below the 0.55 needs-review threshold,NO,,,,,,,
14010010:IP3,"Biscuit, whole wheat, ""Weetabix""",IP3,151.2,Weetabix Ltd WHOLE WHEAT CEREAL BISCUITS,branded_food,0.4,match confidence 0.40 below the 0.55 needs-review threshold,NO,,,,,,,
14010010:IP4,"Biscuit, whole wheat, ""Weetabix""",IP4,155.0,Weetabix Ltd WHOLE WHEAT CEREAL BISCUITS,branded_food,0.4,match confidence 0.40 below the 0.55 needs-review threshold,YES,,,,,,,
14010010:IP5,"Biscuit, whole wheat, ""Weetabix""",IP5,232.0,Weetabix Ltd WHOLE WHEAT CEREAL BISCUITS,branded_food,0.4,match confidence 0.40 below the 0.55 needs-review threshold,NO,,,,,,,
14010010:IP6,"Biscuit, whole wheat, ""Weetabix""",IP6,283.8,Weetabix Ltd WHOLE WHEAT CEREAL BISCUITS,branded_food,0.4,match confidence 0.40 below the 0.55 needs-review threshold,NO,,,,,,,
14030002:PHYTC-,"Carob bar, Nutoata",PHYTC-,726.8,MISSY J'S CAROB BAR,branded_food,0.4,match confidence 0.40 below the 0.55 needs-review threshold,NO,,,,,,,
14030005:PHYTC-,"Granola, Sanitarium",PHYTC-,733.2,San Franola GRANOLA,branded_food,0.4,match confidence 0.40 below the 0.55 needs-review threshold,NO,,,,,,,
14030007:PHYTC-,"Snackbar, Granny's, ""apricot and cashew"", Granny's",PHYTC-,661.2,"The Toasted Oat THE TOASTED OAT, GRANOLA, NO. 4 CASHEW + APRICOT",branded_food,0.4,match confidence 0.40 below the 0.55 needs-review threshold,NO,,,,,,,
14030008:PHYTC-,"Snackbar, Granny's, ""grape'n'nuts"", Granny's",PHYTC-,548.1,"ROUNDY'S ROUNDY'S, GRANOLA NUTS N HONEY",branded_food,0.4,match confidence 0.40 below the 0.55 needs-review threshold,YES,,,,,,,
15010019:PHYTCPP,"Cardamom, green, dried",PHYTCPP,721.0,PARADISE GREEN DRIED MANGO,branded_food,0.4,match confidence 0.40 below the 0.55 needs-review threshold,NO,,,,,,,
15010031:PHYTCPP,"Cinnamon, leaves, dried",PHYTCPP,802.452,CINNAMON WAFFLES,branded_food,0.4,match confidence 0.40 below the 0.55 needs-review threshold,NO,,,,,,,
15010056:PHYTCPP,"Garlic, bulb, dried",PHYTCPP,949.4496,"GARLIC BREAD, GARLIC",branded_food,0.4,match confidence 0.40 below the 0.55 needs-review threshold,YES,,,,,,,
15010083:PHYTCPPD,"Sweet pepper, seed kernel",PHYTCPPD,836.6399999999999,BUTTER KERNEL SWEET PEAS,branded_food,0.4,match confidence 0.40 below the 0.55 needs-review threshold,NO,,,,,,,
15010084:PHYTCPP,"Turmeric, dried, powdered",PHYTCPP,358.0,HexArmor TURMERIC POWDER,branded_food,0.4,match confidence 0.40 below the 0.55 needs-review threshold,NO,,,,,,,
15020008:PHYTCPPD,"Sauce, out of dried moringa leaves, meat, cottonseed oil, onion, peanut paste, tomato, salt, cube, tchoukouri (extract of wood ash) and water",PHYTCPPD,42.79850500000001,"Stone Way Eateries, LLC MEAT LASAGNA LASAGNA PASTA, RICOTTA, PROVOLONE, MOZZARELLA, GRANA PADANO, MEAT SAUCE, WHOLE PEELED ITALIAN TOMATOES, EXTRA VIRGIN OLIVE OIL, ONIONS, GARLIC, SEA SALT, MEAT",branded_food,0.4,match confidence 0.40 below the 0.55 needs-review threshold,YES,,,,,,,
15020009:PHYTCPPD,"Sauce, out of dried moringa leaves, meat, cowpea, cottonseed oil, onion, peanut paste, tomato, salt, cube, tchoukouri (extract of wood ash) and water",PHYTCPPD,38.13051499999999,"Stone Way Eateries, LLC MEAT LASAGNA LASAGNA PASTA, RICOTTA, PROVOLONE, MOZZARELLA, GRANA PADANO, MEAT SAUCE, WHOLE PEELED ITALIAN TOMATOES, EXTRA VIRGIN OLIVE OIL, ONIONS, GARLIC, SEA SALT, MEAT",branded_food,0.4,match confidence 0.40 below the 0.55 needs-review threshold,NO,,,,,,,
15020012:PHYTCPP,"Sauce, out of dried okra",PHYTCPP,114.0,DRIED OKRA,branded_food,0.4,match confidence 0.40 below the 0.55 needs-review threshold,NO,,,,,,,
15020018:PHYTCPPD,"Sauce, out of fresh moringa leaves, cowpea, cottonseed oil, onion, peanut paste, tomato, salt, cube, tchoukouri (extract of wood ash) and water",PHYTCPPD,86.79397999999999,"Wakefern Food Corporation TOMATO AND BASIL PASTA SAUCE, TOMATO AND BASIL",branded_food,0.4,match confidence 0.40 below the 0.55 needs-review threshold,NO,,,,,,,
15020019:PHYTCPPD,"Sauce, out of fresh moringa leaves, meat, cottonseed oil, onion, peanut paste, tomato, salt, cube, tchoukouri (extract of wood ash) and water",PHYTCPPD,32.542060000000006,"Stone Way Eateries, LLC MEAT LASAGNA LASAGNA PASTA, RICOTTA, PROVOLONE, MOZZARELLA, GRANA PADANO, MEAT SAUCE, WHOLE PEELED ITALIAN TOMATOES, EXTRA VIRGIN OLIVE OIL, ONIONS, GARLIC, SEA SALT, MEAT",branded_food,0.4,match confidence 0.40 below the 0.55 needs-review threshold,NO,,,,,,,
15020020:PHYTCPPD,"Sauce, out of fresh moringa leaves, meat, cowpea, cottonseed oil, onion, peanut paste, tomato, salt, cube, tchoukouri (extract of wood ash) and water",PHYTCPPD,36.784705,"Stone Way Eateries, LLC MEAT LASAGNA LASAGNA PASTA, RICOTTA, PROVOLONE, MOZZARELLA, GRANA PADANO, MEAT SAUCE, WHOLE PEELED ITALIAN TOMATOES, EXTRA VIRGIN OLIVE OIL, ONIONS, GARLIC, SEA SALT, MEAT",branded_food,0.4,match confidence 0.40 below the 0.55 needs-review threshold,NO,,,,,,,
15020027:PHYTCPPI,"Sauce, out of green leafy vegetables",PHYTCPPI,160.0,Misionero Vegetables GREEN LEAF,branded_food,0.4,match confidence 0.40 below the 0.55 needs-review threshold,NO,,,,,,,
15020028:PHYTCPPI,"Sauce, out of groundnut",PHYTCPPI,120.0,COLOSIMO SAUCE GROUND SAUCE,branded_food,0.4,match confidence 0.40 below the 0.55 needs-review threshold,NO,,,,,,,
15020030:PHYTCPPI,"Sauce, out of sorrel leaves and groundnut",PHYTCPPI,30.0,Colosimo Joes LLC GROUND SAUCE,branded_food,0.4,match confidence 0.40 below the 0.55 needs-review threshold,NO,,,,,,,
17010007:PHYTC-,"Vegetable protein, textured, ""ham""",PHYTC-,700.8,"Bob's Red Mill Natural Foods, Inc. TEXTURED VEGETABLE PROTEIN",branded_food,0.4,match confidence 0.40 below the 0.55 needs-review threshold,NO,,,,,,,
17010008:PHYTC-,"Vegetable protein, textured, ""vegetable goulash""",PHYTC-,966.0,"Bob's Red Mill Natural Foods, Inc. TEXTURED VEGETABLE PROTEIN",branded_food,0.4,match confidence 0.40 below the 0.55 needs-review threshold,NO,,,,,,,
17010009:PHYTC-,"Vegetable protein, textured, ""vegetable""",PHYTC-,496.8,"Bob's Red Mill Natural Foods, Inc. TEXTURED VEGETABLE PROTEIN",branded_food,0.4,match confidence 0.40 below the 0.55 needs-review threshold,NO,,,,,,,
19020003:PHYTCPPD,"Banana cake, fried banana",PHYTCPPD,504.0,TIA'S BAKERY BANANA CAKE,branded_food,0.4,match confidence 0.40 below the 0.55 needs-review threshold,NO,,,,,,,
19020008:PHYTCPPI,"Cassava dish, peeled, smashed, fried, sprinkled over fish and vegetables",PHYTCPPI,2.61146,Overseas Food Dist Inc. PICKLED VEGETABLES,branded_food,0.4,match confidence 0.40 below the 0.55 needs-review threshold,NO,,,,,,,
19020018:PHYTCPP,Meat pie,PHYTCPP,19.428700000000013,LANDRY'S MEAT PIES,branded_food,0.4,match confidence 0.40 below the 0.55 needs-review threshold,YES,,,,,,,
19020023:PHYTCPP,"Okra, stew",PHYTCPP,38.0,Ragozzino Foods OKRA STEW,branded_food,0.4,match confidence 0.40 below the 0.55 needs-review threshold,NO,,,,,,,
19020024:PHYTCPP,"Peanut paste soup, with other ingredients",PHYTCPP,81.0,"Finlay Extracts & Ingredients USA, Inc. CHICKEN WITH WHOLE WHEAT PASTA SOUP, CHICKEN WITH WHOLE WHEAT PASTA",branded_food,0.4,match confidence 0.40 below the 0.55 needs-review threshold,NO,,,,,,,
19020027:PHYTCPPD,"Porridge, ripe plantain with other ingredients",PHYTCPPD,0.08201200000000002,YANGBAN RICE PORRIDGE WITH TUNA,branded_food,0.4,match confidence 0.40 below the 0.55 needs-review threshold,NO,,,,,,,
19020029:IP5,"Rice stew, with other ingredients",IP5,40.0,"Goya Foods, Inc. BEEF STEW WITH RICE",branded_food,0.4,match confidence 0.40 below the 0.55 needs-review threshold,NO,,,,,,,
19020029:IP5_A_IP6,"Rice stew, with other ingredients",IP5_A_IP6,75.0,"Goya Foods, Inc. BEEF STEW WITH RICE",branded_food,0.4,match confidence 0.40 below the 0.55 needs-review threshold,NO,,,,,,,
19020029:IP6,"Rice stew, with other ingredients",IP6,35.0,"Goya Foods, Inc. BEEF STEW WITH RICE",branded_food,0.4,match confidence 0.40 below the 0.55 needs-review threshold,NO,,,,,,,
19020029:PHYTCPP,"Rice stew, with other ingredients",PHYTCPP,123.0,"Goya Foods, Inc. BEEF STEW WITH RICE",branded_food,0.4,match confidence 0.40 below the 0.55 needs-review threshold,NO,,,,,,,
19020030:PHYTCPP,"Rice stew, with other ingredients",PHYTCPP,113.0,"Goya Foods, Inc. BEEF STEW WITH RICE",branded_food,0.4,match confidence 0.40 below the 0.55 needs-review threshold,YES,,,,,,,
19020031:IP5,"Rice stew, with other ingredients",IP5,40.0,"Goya Foods, Inc. BEEF STEW WITH RICE",branded_food,0.4,match confidence 0.40 below the 0.55 needs-review threshold,NO,,,,,,,
19020031:IP5_A_IP6,"Rice stew, with other ingredients",IP5_A_IP6,72.0,"Goya Foods, Inc. BEEF STEW WITH RICE",branded_food,0.4,match confidence 0.40 below the 0.55 needs-review threshold,YES,,,,,,,
19020031:IP6,"Rice stew, with other ingredients",IP6,32.0,"Goya Foods, Inc. BEEF STEW WITH RICE",branded_food,0.4,match confidence 0.40 below the 0.55 needs-review threshold,NO,,,,,,,
19020031:PHYTCPP,"Rice stew, with other ingredients",PHYTCPP,118.0,"Goya Foods, Inc. BEEF STEW WITH RICE",branded_food,0.4,match confidence 0.40 below the 0.55 needs-review threshold,NO,,,,,,,
19020032:IP5,"Rice stew, with other ingredients",IP5,37.0,"Goya Foods, Inc. BEEF STEW WITH RICE",branded_food,0.4,match confidence 0.40 below the 0.55 needs-review threshold,NO,,,,,,,
19020032:IP5_A_IP6,"Rice stew, with other ingredients",IP5_A_IP6,67.0,"Goya Foods, Inc. BEEF STEW WITH RICE",branded_food,0.4,match confidence 0.40 below the 0.55 needs-review threshold,NO,,,,,,,
19020032:IP6,"Rice stew, with other ingredients",IP6,30.0,"Goya Foods, Inc. BEEF STEW WITH RICE",branded_food,0.4,match confidence 0.40 below the 0.55 needs-review threshold,NO,,,,,,,
19020032:PHYTCPP,"Rice stew, with other ingredients",PHYTCPP,96.0,"Goya Foods, Inc. BEEF STEW WITH RICE",branded_food,0.4,match confidence 0.40 below the 0.55 needs-review threshold,NO,,,,,,,
19020033:PHYTCPPD,Rice with bean pod curry,PHYTCPPD,79.17,"CVS Pharmacy, Inc. RED KIDNEY BEAN CURRY WITH BASMATI RICE",branded_food,0.4,match confidence 0.40 below the 0.55 needs-review threshold,NO,,,,,,,
19020034:PHYTCPPD,Rice with bean pod curry,PHYTCPPD,80.19,"CVS Pharmacy, Inc. RED KIDNEY BEAN CURRY WITH BASMATI RICE",branded_food,0.4,match confidence 0.40 below the 0.55 needs-review threshold,NO,,,,,,,
19020035:PHYTCPPI,"Rice, boiled, pounded with groundnut stew and smoked fish",PHYTCPPI,0.80904,"Goya Foods, Inc. RICE WITH GROUND BEEF",branded_food,0.4,match confidence 0.40 below the 0.55 needs-review threshold,NO,,,,,,,
19020036:PHYTCPPD,"Rice, boiled, with coconut ‘Sambol’ (tempered in coconut oil)",PHYTCPPD,19.72,"Goya Foods, Inc. SEASONED RICE WITH COCONUT, COCONUT",branded_food,0.4,match confidence 0.40 below the 0.55 needs-review threshold,NO,,,,,,,
19020039:PHYTCPPI,"Rice, boiled, with groundnuts",PHYTCPPI,60.0,"Goya Foods, Inc. RICE WITH GROUND BEEF",branded_food,0.4,match confidence 0.40 below the 0.55 needs-review threshold,NO,,,,,,,
19020045:PHYTCPPI,"Rice, cooked with meat and vegetables",PHYTCPPI,4.1772,The Kroger Co. RICE WITH CHICKEN AND VEGETABLES,branded_food,0.4,match confidence 0.40 below the 0.55 needs-review threshold,NO,,,,,,,
19020051:PHYTCPPI,"Soup, green leafy vegetables with tomatoes, peppers, fermented beans and melon seeds",PHYTCPPI,3.25888,"Target Stores GARDEN VEGETABLE PASTA SALAD MADE WITH TOMATOES, RED & GREEN PEPPERS, CORN, ONION AND LEMON JUICE, GARDEN VEGETABLE PASTA",branded_food,0.4,match confidence 0.40 below the 0.55 needs-review threshold,NO,,,,,,,
19020054:PHYTCPPI,"Soup, palm fruit based",PHYTCPPI,30.0,"Silco Oil Co PALM FRUIT IN BRINE, PALM FRUIT",branded_food,0.4,match confidence 0.40 below the 0.55 needs-review threshold,NO,,,,,,,
19020055:PHYTCPPI,"Soup, spinach, yakuwa (Hibiscus sabdarifa) leaves",PHYTCPPI,1.90266,"Safeway, Inc. BABY SPINACH LEAVES",branded_food,0.4,match confidence 0.40 below the 0.55 needs-review threshold,NO,,,,,,,
19020056:PHYTCPPI,"Soup, yam with beans and melon seeds",PHYTCPPI,0.83419,"CHIN CHIN CHIN CHIN, RED BEAN SOUP WITH LOTUS SEED",branded_food,0.4,match confidence 0.40 below the 0.55 needs-review threshold,NO,,,,,,,
