row_identifier,food_description,compound_fraction,value,food_id,fdc_id,approved_fdc_food,data_type,review_verdict,match_scope,reviewer,review_date,review_notes,catalogue_checksum
01010004:PHYTCPPI,"Bread, brown rice-based, INIAP 15, fermented",PHYTCPPI,547.507,144756,497921,"Food For Life Baking Co Inc FOOD FOR LIFE, BROWN RICE BREAD",branded_food,approve,category_estimate,Paul S,16/08/2026,Genuine brown-rice bread product; fermentation-only specificity (no germination stage stated) not captured but category and form correct.,7e7836ad3e41985c306efc62d0c2456f69b4aad225a1ed83a2591f68dec84c86
01010007:IP5,"Breakfast cereal, puffed rice, ""Funny day"", containing sugar",IP5,29.0,103086,441776,"Hannaford Bros. Co. HANNAFORD, PUFFED RICE CEREAL",branded_food,approve,category_estimate,Paul S,16/08/2026,"A genuine puffed-rice cereal product; brand (""Funny day"") and sugar content not confirmed but category and form correct.",7e7836ad3e41985c306efc62d0c2456f69b4aad225a1ed83a2591f68dec84c86
01010007:IP6,"Breakfast cereal, puffed rice, ""Funny day"", containing sugar",IP6,46.199999999999996,103086,441776,"Hannaford Bros. Co. HANNAFORD, PUFFED RICE CEREAL",branded_food,approve,category_estimate,Paul S,16/08/2026,"A genuine puffed-rice cereal product; brand (""Funny day"") and sugar content not confirmed but category and form correct.",7e7836ad3e41985c306efc62d0c2456f69b4aad225a1ed83a2591f68dec84c86
01010008:IP6,"Breakfast cereal, rice, Cocoa Krispies, Kellogg’s",IP6,178.0,1373654,2662934,WK KELLOGG CO Kellogg's Rice Krispies Cereal .88oz,branded_food,approve,category_estimate,Paul S,16/08/2026,"Same product line (Kellogg's Krispies), flavored variant (cocoa) not exact -- reasonable category estimate.",7e7836ad3e41985c306efc62d0c2456f69b4aad225a1ed83a2591f68dec84c86
01010009:PHYTCPP,"Cracker, rice-based",PHYTCPP,136.78,5885,173161,Rice crackers,sr_legacy_food,approve,category_estimate,Paul S,16/08/2026,Clean match.,7e7836ad3e41985c306efc62d0c2456f69b4aad225a1ed83a2591f68dec84c86
01010010:PHYTCPP,"Noodle, rice-based, dried",PHYTCPP,14.0,2602,169742,"Rice noodles, dry",sr_legacy_food,approve,category_estimate,Paul S,16/08/2026,Clean genus+prep match.,7e7836ad3e41985c306efc62d0c2456f69b4aad225a1ed83a2591f68dec84c86
01010011:PHYTCPP,"Noodles, rice-based, dried",PHYTCPP,106.32,2602,169742,"Rice noodles, dry",sr_legacy_food,approve,category_estimate,Paul S,16/08/2026,Clean genus+prep match.,7e7836ad3e41985c306efc62d0c2456f69b4aad225a1ed83a2591f68dec84c86
01010060:IP5,Rice flour,IP5,10.536,1772,168898,"Rice flour, brown",sr_legacy_food,approve,category_estimate,Paul S,16/08/2026,"Brown assumed for an unspecified ""Rice flour"" -- reasonable default, established pattern.",7e7836ad3e41985c306efc62d0c2456f69b4aad225a1ed83a2591f68dec84c86
01010060:IP5_A_IP6,Rice flour,IP5_A_IP6,88.678,1772,168898,"Rice flour, brown",sr_legacy_food,approve,category_estimate,Paul S,16/08/2026,"Brown assumed for an unspecified ""Rice flour"" -- reasonable default, established pattern.",7e7836ad3e41985c306efc62d0c2456f69b4aad225a1ed83a2591f68dec84c86
01010060:IP6,Rice flour,IP6,78.142,1772,168898,"Rice flour, brown",sr_legacy_food,approve,category_estimate,Paul S,16/08/2026,"Brown assumed for an unspecified ""Rice flour"" -- reasonable default, established pattern.",7e7836ad3e41985c306efc62d0c2456f69b4aad225a1ed83a2591f68dec84c86
01010061:PHYTCA,Rice flour,PHYTCA,210.0,1772,168898,"Rice flour, brown",sr_legacy_food,approve,category_estimate,Paul S,16/08/2026,"Brown assumed for an unspecified ""Rice flour"" -- a reasonable default, no strong reason to doubt.",7e7836ad3e41985c306efc62d0c2456f69b4aad225a1ed83a2591f68dec84c86
01010063:PHYTCPPD,"Rice, Agb0101, brown, genetically modified, raw",PHYTCPPD,649.116,528281,1338250,"General Mills, Inc. BROWN RICE",branded_food,approve,category_estimate,Paul S,16/08/2026,"GM breeding-line-specific source, reasonable generic brown-rice category estimate; cultivar specificity not preserved.",7e7836ad3e41985c306efc62d0c2456f69b4aad225a1ed83a2591f68dec84c86
01010065:PHYTCPP,"Rice, Bar68-1, brown, genetically modified, raw, milled",PHYTCPP,167.96,528281,1338250,"General Mills, Inc. BROWN RICE",branded_food,approve,category_estimate,Paul S,16/08/2026,"GM breeding-line-specific source, reasonable generic brown-rice category estimate; cultivar specificity not preserved.",7e7836ad3e41985c306efc62d0c2456f69b4aad225a1ed83a2591f68dec84c86
01010066:PHYTCPP,"Rice, Bar68-1, brown, genetically modified, raw",PHYTCPP,210.23999999999998,528281,1338250,"General Mills, Inc. BROWN RICE",branded_food,approve,category_estimate,Paul S,16/08/2026,"GM breeding-line-specific source, reasonable generic brown-rice category estimate -- cultivar specificity not preserved, same caveat as similar clusters throughout this review.",7e7836ad3e41985c306efc62d0c2456f69b4aad225a1ed83a2591f68dec84c86
01010071:PHYTCPPD,"Rice, Bg 352/Bg300, parboiled",PHYTCPPD,231.42,52285,369316,"ARROZ ARROZ, PARBOILED RICE",branded_food,approve,category_estimate,Paul S,16/08/2026,"Source explicitly states parboiled, matching the candidate's own parboiled process -- genuine match, unlike a plain ""boiled"" source being matched to a parboiled candidate elsewhere in this review.",7e7836ad3e41985c306efc62d0c2456f69b4aad225a1ed83a2591f68dec84c86
01010072:PHYTCPPD,"Rice, Bg 352/Bg300, parboiled",PHYTCPPD,194.48,52285,369316,"ARROZ ARROZ, PARBOILED RICE",branded_food,approve,category_estimate,Paul S,16/08/2026,"Source explicitly states parboiled, matching the candidate's own parboiled process -- genuine match, unlike a plain ""boiled"" source being matched to a parboiled candidate elsewhere in this review.",7e7836ad3e41985c306efc62d0c2456f69b4aad225a1ed83a2591f68dec84c86
01010073:PHYTCPPD,"Rice, Bg 352/Bg300, parboiled",PHYTCPPD,95.92,52285,369316,"ARROZ ARROZ, PARBOILED RICE",branded_food,approve,category_estimate,Paul S,16/08/2026,"Source explicitly states parboiled, matching the candidate's own parboiled process -- genuine match, unlike a plain ""boiled"" source being matched to a parboiled candidate elsewhere in this review.",7e7836ad3e41985c306efc62d0c2456f69b4aad225a1ed83a2591f68dec84c86
01010074:PHYTCPPD,"Rice, Bg 352/Bg300, parboiled",PHYTCPPD,53.07,52285,369316,"ARROZ ARROZ, PARBOILED RICE",branded_food,approve,category_estimate,Paul S,16/08/2026,"Source explicitly states parboiled, matching the candidate's own parboiled process -- genuine match, unlike a plain ""boiled"" source being matched to a parboiled candidate elsewhere in this review.",7e7836ad3e41985c306efc62d0c2456f69b4aad225a1ed83a2591f68dec84c86
01010079:PHYTCPPD,"Rice, Bg 379-2, parboiled",PHYTCPPD,267.96,52285,369316,"ARROZ ARROZ, PARBOILED RICE",branded_food,approve,category_estimate,Paul S,16/08/2026,"Source explicitly states parboiled, matching the candidate's own parboiled process -- genuine match, unlike a plain ""boiled"" source being matched to a parboiled candidate elsewhere in this review.",7e7836ad3e41985c306efc62d0c2456f69b4aad225a1ed83a2591f68dec84c86
01010080:PHYTCPPD,"Rice, Bg 379-2, parboiled",PHYTCPPD,73.95,52285,369316,"ARROZ ARROZ, PARBOILED RICE",branded_food,approve,category_estimate,Paul S,16/08/2026,"Source explicitly states parboiled, matching the candidate's own parboiled process -- genuine match, unlike a plain ""boiled"" source being matched to a parboiled candidate elsewhere in this review.",7e7836ad3e41985c306efc62d0c2456f69b4aad225a1ed83a2591f68dec84c86
01010084:PHYTCPPD,"Rice, Bg94-1/At354, parboiled",PHYTCPPD,127.89,52285,369316,"ARROZ ARROZ, PARBOILED RICE",branded_food,approve,category_estimate,Paul S,16/08/2026,"Source explicitly states parboiled, matching the candidate's own parboiled process -- genuine match, unlike a plain ""boiled"" source being matched to a parboiled candidate elsewhere in this review.",7e7836ad3e41985c306efc62d0c2456f69b4aad225a1ed83a2591f68dec84c86
01010087:PHYTC-,"Rice, black, raw",PHYTC-,130.92,353,2710825,"Rice, black, unenriched, raw",foundation_food,approve,category_estimate,Paul S,16/08/2026,Clean match.,7e7836ad3e41985c306efc62d0c2456f69b4aad225a1ed83a2591f68dec84c86
01010091:PHYTCPP,"Rice, BR-28, parboiled, milled",PHYTCPP,99.0,52285,369316,"ARROZ ARROZ, PARBOILED RICE",branded_food,approve,category_estimate,Paul S,16/08/2026,"Source explicitly states parboiled, matching the candidate's own parboiled process -- genuine match, unlike a plain ""boiled"" source being matched to a parboiled candidate elsewhere in this review.",7e7836ad3e41985c306efc62d0c2456f69b4aad225a1ed83a2591f68dec84c86
01010093:PHYTCPP,"Rice, brown, germinated, raw",PHYTCPP,965.47,430131,1177050,The J.M. Smucker Company GERMINATED BROWN RICE,branded_food,approve,category_estimate,Paul S,16/08/2026,"Germinated matches germinated, brown rice matches brown rice -- clean match; specific cultivar/soak-duration not captured.",7e7836ad3e41985c306efc62d0c2456f69b4aad225a1ed83a2591f68dec84c86
01010094:PHYTCPP,"Rice, brown, raw",PHYTCPP,1548.75,220768,604461,Raley's BROWN RICE,branded_food,approve,category_estimate,Paul S,16/08/2026,"Cultivar/GM-line specificity not preserved, reasonable generic brown-rice category estimate.",7e7836ad3e41985c306efc62d0c2456f69b4aad225a1ed83a2591f68dec84c86
01010095:IP6,"Rice, brown, raw",IP6,721.27,220768,604461,Raley's BROWN RICE,branded_food,approve,category_estimate,Paul S,16/08/2026,Clean match.,7e7836ad3e41985c306efc62d0c2456f69b4aad225a1ed83a2591f68dec84c86
01010096:PHYTC-,"Rice, brown, raw",PHYTC-,23.79,220768,604461,Raley's BROWN RICE,branded_food,approve,category_estimate,Paul S,16/08/2026,"Cultivar/GM-line specificity not preserved, reasonable generic brown-rice category estimate.",7e7836ad3e41985c306efc62d0c2456f69b4aad225a1ed83a2591f68dec84c86
01010097:PHYTCPP,"Rice, brown, raw",PHYTCPP,742.0,220768,604461,Raley's BROWN RICE,branded_food,approve,category_estimate,Paul S,16/08/2026,"Cultivar/GM-line specificity not preserved, reasonable generic brown-rice category estimate.",7e7836ad3e41985c306efc62d0c2456f69b4aad225a1ed83a2591f68dec84c86
01010099:PHYTCPPI,"Rice, Calrose, brown, raw",PHYTCPPI,792.528,191930,564762,BOTAN CALROSE BROWN RICE,branded_food,approve,category_estimate,Paul S,16/08/2026,Clean cultivar/prep-state match (raw vs raw).,7e7836ad3e41985c306efc62d0c2456f69b4aad225a1ed83a2591f68dec84c86
01010103:PHYTCPP,"Rice, D68, brown, raw",PHYTCPP,219.25,220768,604461,Raley's BROWN RICE,branded_food,approve,category_estimate,Paul S,16/08/2026,"Cultivar-specific source, reasonable generic brown-rice category estimate.",7e7836ad3e41985c306efc62d0c2456f69b4aad225a1ed83a2591f68dec84c86
01010105:PHYTCPP,"Rice, flaked",PHYTCPP,851.0,126025,471667,"Hy-Vee, Inc. TOASTED RICE FLAKES",branded_food,approve,category_estimate,Paul S,16/08/2026,"""Flaked"" doesn't confirm toasting; candidate assumes a toasted product -- category estimate with that caveat, no better plain-flaked option evident.",7e7836ad3e41985c306efc62d0c2456f69b4aad225a1ed83a2591f68dec84c86
01010106:PHYTCPP,"Rice, flaked",PHYTCPP,474.0,126025,471667,"Hy-Vee, Inc. TOASTED RICE FLAKES",branded_food,approve,category_estimate,Paul S,16/08/2026,Same toasting caveat as above.,7e7836ad3e41985c306efc62d0c2456f69b4aad225a1ed83a2591f68dec84c86
01010110:PHYTCPPD,"Rice, H-4, parboiled",PHYTCPPD,368.72,52285,369316,"ARROZ ARROZ, PARBOILED RICE",branded_food,approve,category_estimate,Paul S,16/08/2026,"Source explicitly states parboiled, matching the candidate's own parboiled process -- genuine match, unlike a plain ""boiled"" source being matched to a parboiled candidate elsewhere in this review.",7e7836ad3e41985c306efc62d0c2456f69b4aad225a1ed83a2591f68dec84c86
01010114:PHYTCPP,"Rice, Indica, brown, raw",PHYTCPP,291.72,1284831,2547324,INSTANT BROWN RICE,branded_food,approve,category_estimate,Paul S,16/08/2026,"Raw vs instant (pre-cooked) is a real prep-state gap, but no better candidate identified -- category estimate with that caveat.",7e7836ad3e41985c306efc62d0c2456f69b4aad225a1ed83a2591f68dec84c86
01010116:PHYTCPP,"Rice, Indica, Liangyou 2186, brown, raw",PHYTCPP,291.72,1284831,2547324,INSTANT BROWN RICE,branded_food,approve,category_estimate,Paul S,16/08/2026,Same as above -- raw vs instant prep-state caveat.,7e7836ad3e41985c306efc62d0c2456f69b4aad225a1ed83a2591f68dec84c86
01010118:PHYTCPP,"Rice, Indica, Liangyou Kefeng No. 6, brown, genetically modified, raw",PHYTCPP,263.1,528281,1338250,"General Mills, Inc. BROWN RICE",branded_food,approve,category_estimate,Paul S,16/08/2026,"GM breeding-line-specific source, reasonable generic brown-rice category estimate.",7e7836ad3e41985c306efc62d0c2456f69b4aad225a1ed83a2591f68dec84c86
01010120:PP-,"Rice, IR 32, brown, raw",PP-,355.2147239263804,220768,604461,Raley's BROWN RICE,branded_food,approve,category_estimate,Paul S,16/08/2026,"Cultivar-specific source, reasonable generic brown-rice category estimate.",7e7836ad3e41985c306efc62d0c2456f69b4aad225a1ed83a2591f68dec84c86
01010125:PP-,"Rice, IR 480-5-9, brown, raw",PP-,994.6012269938651,220768,604461,Raley's BROWN RICE,branded_food,approve,category_estimate,Paul S,16/08/2026,"Cultivar-specific source, reasonable generic brown-rice category estimate.",7e7836ad3e41985c306efc62d0c2456f69b4aad225a1ed83a2591f68dec84c86
01010130:PHYTCPP,"Rice, IRR, brown, raw",PHYTCPP,263.1,220768,604461,Raley's BROWN RICE,branded_food,approve,category_estimate,Paul S,16/08/2026,"Cultivar-specific source, reasonable generic brown-rice category estimate.",7e7836ad3e41985c306efc62d0c2456f69b4aad225a1ed83a2591f68dec84c86
01010288:PHYTCPPD,"Rice, Ld 355/Bg450, parboiled",PHYTCPPD,23.76,52285,369316,"ARROZ ARROZ, PARBOILED RICE",branded_food,approve,category_estimate,Paul S,16/08/2026,"Source explicitly states parboiled, matching the candidate's own parboiled process -- genuine match, unlike a plain ""boiled"" source being matched to a parboiled candidate elsewhere in this review.",7e7836ad3e41985c306efc62d0c2456f69b4aad225a1ed83a2591f68dec84c86
01010300:PHYTCPPD,"Rice, milled, steamed",PHYTCPPD,29.718,73226,398843,GRAIN TRUST STEAMED BROWN RICE,branded_food,approve,category_estimate,Paul S,16/08/2026,"Milled rice, steamed matches steamed -- reasonable match.",7e7836ad3e41985c306efc62d0c2456f69b4aad225a1ed83a2591f68dec84c86
01010301:PHYTCPPD,"Rice, milled, steamed",PHYTCPPD,26.499,73226,398843,GRAIN TRUST STEAMED BROWN RICE,branded_food,approve,category_estimate,Paul S,16/08/2026,"Milled rice, steamed matches steamed -- reasonable match.",7e7836ad3e41985c306efc62d0c2456f69b4aad225a1ed83a2591f68dec84c86
01010302:PHYTCPPD,"Rice, milled, steamed",PHYTCPPD,23.94,73226,398843,GRAIN TRUST STEAMED BROWN RICE,branded_food,approve,category_estimate,Paul S,16/08/2026,"Milled rice, steamed matches steamed -- reasonable match.",7e7836ad3e41985c306efc62d0c2456f69b4aad225a1ed83a2591f68dec84c86
01010303:PHYTCPPD,"Rice, milled, steamed",PHYTCPPD,71.736,73226,398843,GRAIN TRUST STEAMED BROWN RICE,branded_food,approve,category_estimate,Paul S,16/08/2026,"Milled rice, steamed matches steamed -- reasonable match.",7e7836ad3e41985c306efc62d0c2456f69b4aad225a1ed83a2591f68dec84c86
01010305:PHYTCPPD,"Rice, Nakdongbyeo, brown, raw",PHYTCPPD,612.858,220768,604461,Raley's BROWN RICE,branded_food,approve,category_estimate,Paul S,16/08/2026,"Cultivar-specific source, reasonable generic brown-rice category estimate.",7e7836ad3e41985c306efc62d0c2456f69b4aad225a1ed83a2591f68dec84c86
01010308:PHYTCPP,"Rice, Panjin Pearl, raw",PHYTCPP,131.0,1302179,2569712,OG BLACK PEARL RICE,branded_food,approve,category_estimate,Paul S,16/08/2026,"Panjin is a region associated with black/pigmented rice, so a black-pearl-rice candidate is a plausible cultivar match; raw/raw prep aligns.",7e7836ad3e41985c306efc62d0c2456f69b4aad225a1ed83a2591f68dec84c86
01010309:PHYTCPP,"Rice, Panjin Pearl, steamed",PHYTCPP,38.0,73226,398843,GRAIN TRUST STEAMED BROWN RICE,branded_food,approve,category_estimate,Paul S,16/08/2026,"Cultivar-specific, steamed matches steamed.",7e7836ad3e41985c306efc62d0c2456f69b4aad225a1ed83a2591f68dec84c86
01010312:PHYTCPP,"Rice, parboiled, milled",PHYTCPP,274.0,52285,369316,"ARROZ ARROZ, PARBOILED RICE",branded_food,approve,category_estimate,Paul S,16/08/2026,"Source explicitly states parboiled, matching the candidate's own parboiled process -- genuine match, unlike a plain ""boiled"" source being matched to a parboiled candidate elsewhere in this review.",7e7836ad3e41985c306efc62d0c2456f69b4aad225a1ed83a2591f68dec84c86
01010315:PHYTCPP,"Rice, puffed",PHYTCPP,115.0,6566,173912,"Cereals ready-to-eat, rice, puffed, fortified",sr_legacy_food,approve,category_estimate,Paul S,16/08/2026,Clean match.,7e7836ad3e41985c306efc62d0c2456f69b4aad225a1ed83a2591f68dec84c86
01010316:PHYTCPP,"Rice, puffed, salted",PHYTCPP,656.0,106570,446204,"Ahold USA, Inc. PUFFED RICE",branded_food,approve,category_estimate,Paul S,16/08/2026,"Genuine puffed rice match; ""salted"" seasoning not confirmed but category correct.",7e7836ad3e41985c306efc62d0c2456f69b4aad225a1ed83a2591f68dec84c86
01010321:PHYTCPPI,"Rice, RD-7, brown, germinated, dried",PHYTCPPI,1048.11,430131,1177050,The J.M. Smucker Company GERMINATED BROWN RICE,branded_food,approve,category_estimate,Paul S,16/08/2026,"Germinated matches germinated, brown rice matches brown rice -- clean match.",7e7836ad3e41985c306efc62d0c2456f69b4aad225a1ed83a2591f68dec84c86
01010322:PHYTCPPI,"Rice, RD-8, brown, raw, dehulled",PHYTCPPI,3844.8,220768,604461,Raley's BROWN RICE,branded_food,approve,category_estimate,Paul S,16/08/2026,"Cultivar-specific source, reasonable generic brown-rice category estimate.",7e7836ad3e41985c306efc62d0c2456f69b4aad225a1ed83a2591f68dec84c86
01010323:PHYTCPPI,"Rice, RD-8, brown, water-soaked",PHYTCPPI,2403.1929999999998,262967,721430,"STATER BROS. WHOLE GRAIN BROWN RICE, WHOLE GRAIN",branded_food,approve,category_estimate,Paul S,16/08/2026,"Soaked vs raw grain, minor prep gap -- reasonable category estimate.",7e7836ad3e41985c306efc62d0c2456f69b4aad225a1ed83a2591f68dec84c86
01010324:PHYTCPPI,"Rice, RD-8, brown, water-soaked, 1d germinated",PHYTCPPI,2074.272,430131,1177050,The J.M. Smucker Company GERMINATED BROWN RICE,branded_food,approve,category_estimate,Paul S,16/08/2026,Good match -- germinated matches germinated.,7e7836ad3e41985c306efc62d0c2456f69b4aad225a1ed83a2591f68dec84c86
01010325:PHYTCPPI,"Rice, RD-8, brown, water-soaked, 2d germinated",PHYTCPPI,1752.975,430131,1177050,The J.M. Smucker Company GERMINATED BROWN RICE,branded_food,approve,category_estimate,Paul S,16/08/2026,"Germinated matches germinated, brown rice matches brown rice -- clean match.",7e7836ad3e41985c306efc62d0c2456f69b4aad225a1ed83a2591f68dec84c86
01010326:PHYTCPPI,"Rice, RD-8, brown, water-soaked, 3d germinated",PHYTCPPI,1150.92,430131,1177050,The J.M. Smucker Company GERMINATED BROWN RICE,branded_food,approve,category_estimate,Paul S,16/08/2026,"Germinated matches germinated, brown rice matches brown rice -- clean match.",7e7836ad3e41985c306efc62d0c2456f69b4aad225a1ed83a2591f68dec84c86
01010327:PHYTCPPI,"Rice, RD-8, brown, water-soaked, 4d germinated",PHYTCPPI,827.382,430131,1177050,The J.M. Smucker Company GERMINATED BROWN RICE,branded_food,approve,category_estimate,Paul S,16/08/2026,"Germinated matches germinated, brown rice matches brown rice -- clean match.",7e7836ad3e41985c306efc62d0c2456f69b4aad225a1ed83a2591f68dec84c86
01010329:PHYTCPPI,"Rice, rough, germinated, dried",PHYTCPPI,835.2679999999999,430131,1177050,The J.M. Smucker Company GERMINATED BROWN RICE,branded_food,approve,category_estimate,Paul S,16/08/2026,"""Rough"" (unmilled) specificity not captured, but germinated brown rice category correct.",7e7836ad3e41985c306efc62d0c2456f69b4aad225a1ed83a2591f68dec84c86
01010334:PHYTC-,"Rice, unpolished, raw",PHYTC-,551.8,353,2710825,"Rice, black, unenriched, raw",foundation_food,approve,category_estimate,Paul S,16/08/2026,"'Unpolished' doesn't confirm the black-rice variety, but still same broad rice-with-bran category -- category estimate with variety caveat.",7e7836ad3e41985c306efc62d0c2456f69b4aad225a1ed83a2591f68dec84c86
01010335:IP6,"Rice, white medium grain, polished, boiled",IP6,47.57,1753,168879,"Rice, white, medium-grain, raw, enriched",sr_legacy_food,approve,category_estimate,Paul S,16/08/2026,Boiled vs raw prep differs but same grain type -- category estimate with prep caveat.,7e7836ad3e41985c306efc62d0c2456f69b4aad225a1ed83a2591f68dec84c86
01010337:PHYTCPP,"Rice, white, long grains, raw",PHYTCPP,69.68,276,2512381,"Rice, white, long grain, unenriched, raw",foundation_food,approve,category_estimate,Paul S,16/08/2026,Clean/exact match.,7e7836ad3e41985c306efc62d0c2456f69b4aad225a1ed83a2591f68dec84c86
01010339:PHYTCPPI,"Rice, Calrose, white, raw",PHYTCPPI,116.64,168978,532005,HINODE CALROSE WHITE RICE,branded_food,approve,category_estimate,Paul S,16/08/2026,Clean cultivar/prep-state match (raw vs raw).,7e7836ad3e41985c306efc62d0c2456f69b4aad225a1ed83a2591f68dec84c86
01010341:PHYTCPP,"Rice, white, short grains, raw",PHYTCPP,183.12,1805,168931,"Rice, white, short-grain, raw, unenriched",sr_legacy_food,approve,category_estimate,Paul S,16/08/2026,Clean match.,7e7836ad3e41985c306efc62d0c2456f69b4aad225a1ed83a2591f68dec84c86
01010342:PHYTCPP,"Rice, white, sunned, aromatic",PHYTCPP,92.0,1351877,2631073,"Kennedy Rice Mill, LLC JASMINE WHITE AROMATIC RICE, JASMINE WHITE",branded_food,approve,category_estimate,Paul S,16/08/2026,Aromatic rice category reasonably matched to a jasmine (common aromatic variety) product.,7e7836ad3e41985c306efc62d0c2456f69b4aad225a1ed83a2591f68dec84c86
01020001:PHYTC-,"Bread, corn-based",PHYTC-,216.0,220617,604256,"CORN BREAD, CORN",branded_food,approve,category_estimate,Paul S,16/08/2026,Corn bread matches corn bread.,7e7836ad3e41985c306efc62d0c2456f69b4aad225a1ed83a2591f68dec84c86
01020002:PHYTCPP,"Bread, corn-based, leavened",PHYTCPP,61.0,220617,604256,"CORN BREAD, CORN",branded_food,approve,category_estimate,Paul S,16/08/2026,Corn bread matches corn bread; leavening is typical/implicit.,7e7836ad3e41985c306efc62d0c2456f69b4aad225a1ed83a2591f68dec84c86
01020004:PHYTCPP,"Bread, corn-based, unleavened",PHYTCPP,18.0,220617,604256,"CORN BREAD, CORN",branded_food,approve,category_estimate,Paul S,16/08/2026,Good match.,7e7836ad3e41985c306efc62d0c2456f69b4aad225a1ed83a2591f68dec84c86
01020006:PHYTC-,"Bread, full corn-based",PHYTC-,235.6,220617,604256,"CORN BREAD, CORN",branded_food,approve,category_estimate,Paul S,16/08/2026,"""Full corn"" nuance not captured, but corn bread category correct.",7e7836ad3e41985c306efc62d0c2456f69b4aad225a1ed83a2591f68dec84c86
01020008:IP5_A_IP6,"Bread, maize-based, unleavened",IP5_A_IP6,394.0,960,168070,"Restaurant, Latino, arepa (unleavened cornmeal bread)",sr_legacy_food,approve,category_estimate,Paul S,16/08/2026,Arepa genuinely is an unleavened cornmeal bread -- good match.,7e7836ad3e41985c306efc62d0c2456f69b4aad225a1ed83a2591f68dec84c86
01020012:IP5,"Breakfast cereal, cornflakes",IP5,29.0,1368271,2657078,"CORN FLAKES CEREAL, CORN FLAKES",branded_food,approve,category_estimate,Paul S,16/08/2026,Generic corn flakes cereal matches cornflakes; category correct.,7e7836ad3e41985c306efc62d0c2456f69b4aad225a1ed83a2591f68dec84c86
01020012:IP6,"Breakfast cereal, cornflakes",IP6,46.199999999999996,1368271,2657078,"CORN FLAKES CEREAL, CORN FLAKES",branded_food,approve,category_estimate,Paul S,16/08/2026,Generic corn flakes cereal matches cornflakes; category correct.,7e7836ad3e41985c306efc62d0c2456f69b4aad225a1ed83a2591f68dec84c86
01020018:PHYTCPP,Corn flour,PHYTCPP,310.0,2608,169748,"Corn flour, whole-grain, white",sr_legacy_food,approve,category_estimate,Paul S,16/08/2026,Clean match.,7e7836ad3e41985c306efc62d0c2456f69b4aad225a1ed83a2591f68dec84c86
01020021:PHYTCPP,Corn starch,PHYTCPP,0.0,68114,391672,RAPUNZEL ORGANIC CORN STARCH,branded_food,approve,category_estimate,Paul S,16/08/2026,Clean match (corn starch).,7e7836ad3e41985c306efc62d0c2456f69b4aad225a1ed83a2591f68dec84c86
01020035:PHYTCPP,"Corn, flake, raw",PHYTCPP,275.0,1368271,2657078,"CORN FLAKES CEREAL, CORN FLAKES",branded_food,approve,category_estimate,Paul S,16/08/2026,Flaked corn reasonably corresponds to corn flakes cereal.,7e7836ad3e41985c306efc62d0c2456f69b4aad225a1ed83a2591f68dec84c86
01020039:PP-,"Corn, low phytate, grain, raw",PP-,100,3135,170288,"Corn grain, yellow",sr_legacy_food,approve,category_estimate,Paul S,06/08/2026,"DRAFT -- confirm before sign-off. Genus/category correctly matches (corn), but this is an explicitly bred LOW-PHYTATE cultivar -- collapsing it onto the generic ""Corn grain, yellow"" entry loses exactly the trait distinction this feature exists to serve (mineral content / breeding-line phytate reduction, per the review protocol's stated priority). Approved as category_estimate rather than exact, with this caveat explicit -- a future matching-rule improvement should consider a way to preserve breeding-line identity rather than collapsing to the generic entry.",7e7836ad3e41985c306efc62d0c2456f69b4aad225a1ed83a2591f68dec84c86
01020040:PHYTC-,"Corn, meal",PHYTC-,687.3,1270420,2526886,PRECOOKED CORN MEAL,branded_food,approve,category_estimate,Paul S,16/08/2026,"Precooked vs presumably-raw meal, minor prep caveat -- reasonable category estimate.",7e7836ad3e41985c306efc62d0c2456f69b4aad225a1ed83a2591f68dec84c86
01020051:PHYTCPP,"Dumplings, corn-based, boiled in corn leaves",PHYTCPP,107.0,1258326,2506773,"Ito, Inc. PLANT-BASED DUMPLINGS",branded_food,approve,category_estimate,Paul S,16/08/2026,"Corn-based dumplings, generic plant-based dumplings candidate reasonable.",7e7836ad3e41985c306efc62d0c2456f69b4aad225a1ed83a2591f68dec84c86
01020052:IP5,"Dumplings, corn-based, boiled in corn leaves",IP5,29.0,1258326,2506773,"Ito, Inc. PLANT-BASED DUMPLINGS",branded_food,approve,category_estimate,Paul S,16/08/2026,"Corn-based dumplings, generic plant-based dumplings candidate reasonable.",7e7836ad3e41985c306efc62d0c2456f69b4aad225a1ed83a2591f68dec84c86
01020052:IP5_A_IP6,"Dumplings, corn-based, boiled in corn leaves",IP5_A_IP6,44.0,1258326,2506773,"Ito, Inc. PLANT-BASED DUMPLINGS",branded_food,approve,category_estimate,Paul S,16/08/2026,"Corn-based dumplings, generic plant-based dumplings candidate reasonable.",7e7836ad3e41985c306efc62d0c2456f69b4aad225a1ed83a2591f68dec84c86
01020052:IP6,"Dumplings, corn-based, boiled in corn leaves",IP6,15.0,1258326,2506773,"Ito, Inc. PLANT-BASED DUMPLINGS",branded_food,approve,category_estimate,Paul S,16/08/2026,"Corn-based dumplings, generic plant-based dumplings candidate reasonable.",7e7836ad3e41985c306efc62d0c2456f69b4aad225a1ed83a2591f68dec84c86
01020052:PHYTCPP,"Dumplings, corn-based, boiled in corn leaves",PHYTCPP,210.0,1258326,2506773,"Ito, Inc. PLANT-BASED DUMPLINGS",branded_food,approve,category_estimate,Paul S,16/08/2026,"Corn-based dumplings, generic plant-based dumplings candidate reasonable.",7e7836ad3e41985c306efc62d0c2456f69b4aad225a1ed83a2591f68dec84c86
01020053:IP5,"Dumplings, corn-based, boiled in corn leaves",IP5,34.0,1258326,2506773,"Ito, Inc. PLANT-BASED DUMPLINGS",branded_food,approve,category_estimate,Paul S,16/08/2026,"Corn-based dumplings, generic plant-based dumplings candidate reasonable.",7e7836ad3e41985c306efc62d0c2456f69b4aad225a1ed83a2591f68dec84c86
01020053:IP5_A_IP6,"Dumplings, corn-based, boiled in corn leaves",IP5_A_IP6,60.0,1258326,2506773,"Ito, Inc. PLANT-BASED DUMPLINGS",branded_food,approve,category_estimate,Paul S,16/08/2026,"Corn-based dumplings, generic plant-based dumplings candidate reasonable.",7e7836ad3e41985c306efc62d0c2456f69b4aad225a1ed83a2591f68dec84c86
01020053:IP6,"Dumplings, corn-based, boiled in corn leaves",IP6,26.0,1258326,2506773,"Ito, Inc. PLANT-BASED DUMPLINGS",branded_food,approve,category_estimate,Paul S,16/08/2026,"Corn-based dumplings, generic plant-based dumplings candidate reasonable.",7e7836ad3e41985c306efc62d0c2456f69b4aad225a1ed83a2591f68dec84c86
01020053:PHYTCPP,"Dumplings, corn-based, boiled in corn leaves",PHYTCPP,200.0,1258326,2506773,"Ito, Inc. PLANT-BASED DUMPLINGS",branded_food,approve,category_estimate,Paul S,16/08/2026,"Corn-based dumplings, generic plant-based dumplings candidate reasonable.",7e7836ad3e41985c306efc62d0c2456f69b4aad225a1ed83a2591f68dec84c86
01020054:IP5,"Dumplings, corn-based, boiled in plantain leaves",IP5,34.0,1258326,2506773,"Ito, Inc. PLANT-BASED DUMPLINGS",branded_food,approve,category_estimate,Paul S,16/08/2026,"Same reasonable match, wrapping-leaf type doesn't change core composition significantly.",7e7836ad3e41985c306efc62d0c2456f69b4aad225a1ed83a2591f68dec84c86
01020054:IP5_A_IP6,"Dumplings, corn-based, boiled in plantain leaves",IP5_A_IP6,49.0,1258326,2506773,"Ito, Inc. PLANT-BASED DUMPLINGS",branded_food,approve,category_estimate,Paul S,16/08/2026,"Same reasonable match, wrapping-leaf type doesn't change core composition significantly.",7e7836ad3e41985c306efc62d0c2456f69b4aad225a1ed83a2591f68dec84c86
01020054:IP6,"Dumplings, corn-based, boiled in plantain leaves",IP6,15.0,1258326,2506773,"Ito, Inc. PLANT-BASED DUMPLINGS",branded_food,approve,category_estimate,Paul S,16/08/2026,"Same reasonable match, wrapping-leaf type doesn't change core composition significantly.",7e7836ad3e41985c306efc62d0c2456f69b4aad225a1ed83a2591f68dec84c86
01020054:PHYTCPP,"Dumplings, corn-based, boiled in plantain leaves",PHYTCPP,66.0,1258326,2506773,"Ito, Inc. PLANT-BASED DUMPLINGS",branded_food,approve,category_estimate,Paul S,16/08/2026,"Same reasonable match, wrapping-leaf type doesn't change core composition significantly.",7e7836ad3e41985c306efc62d0c2456f69b4aad225a1ed83a2591f68dec84c86
01020055:IP5,"Dumplings, corn-based, boiled in plantain leaves",IP5,31.0,1258326,2506773,"Ito, Inc. PLANT-BASED DUMPLINGS",branded_food,approve,category_estimate,Paul S,16/08/2026,"Same reasonable match, wrapping-leaf type doesn't change core composition significantly.",7e7836ad3e41985c306efc62d0c2456f69b4aad225a1ed83a2591f68dec84c86
01020055:IP5_A_IP6,"Dumplings, corn-based, boiled in plantain leaves",IP5_A_IP6,49.0,1258326,2506773,"Ito, Inc. PLANT-BASED DUMPLINGS",branded_food,approve,category_estimate,Paul S,16/08/2026,"Same reasonable match, wrapping-leaf type doesn't change core composition significantly.",7e7836ad3e41985c306efc62d0c2456f69b4aad225a1ed83a2591f68dec84c86
01020055:IP6,"Dumplings, corn-based, boiled in plantain leaves",IP6,18.0,1258326,2506773,"Ito, Inc. PLANT-BASED DUMPLINGS",branded_food,approve,category_estimate,Paul S,16/08/2026,"Same reasonable match, wrapping-leaf type doesn't change core composition significantly.",7e7836ad3e41985c306efc62d0c2456f69b4aad225a1ed83a2591f68dec84c86
01020055:PHYTCPP,"Dumplings, corn-based, boiled in plantain leaves",PHYTCPP,170.0,1258326,2506773,"Ito, Inc. PLANT-BASED DUMPLINGS",branded_food,approve,category_estimate,Paul S,16/08/2026,"Same reasonable match, wrapping-leaf type doesn't change core composition significantly.",7e7836ad3e41985c306efc62d0c2456f69b4aad225a1ed83a2591f68dec84c86
01020145:IP5,"Porridge, corn grits",IP5,31.0,1360710,2642126,"CORNMEAL INSTANT PORRIDGE, CORNMEAL",branded_food,approve,category_estimate,Paul S,16/08/2026,Good match (corn grits porridge to instant cornmeal porridge).,7e7836ad3e41985c306efc62d0c2456f69b4aad225a1ed83a2591f68dec84c86
01020145:IP5_A_IP6,"Porridge, corn grits",IP5_A_IP6,83.0,1360710,2642126,"CORNMEAL INSTANT PORRIDGE, CORNMEAL",branded_food,approve,category_estimate,Paul S,16/08/2026,Good match.,7e7836ad3e41985c306efc62d0c2456f69b4aad225a1ed83a2591f68dec84c86
01020145:IP6,"Porridge, corn grits",IP6,52.0,1360710,2642126,"CORNMEAL INSTANT PORRIDGE, CORNMEAL",branded_food,approve,category_estimate,Paul S,16/08/2026,Good match (corn grits porridge to instant cornmeal porridge).,7e7836ad3e41985c306efc62d0c2456f69b4aad225a1ed83a2591f68dec84c86
01020145:PHYTCPP,"Porridge, corn grits",PHYTCPP,23.0,1360710,2642126,"CORNMEAL INSTANT PORRIDGE, CORNMEAL",branded_food,approve,category_estimate,Paul S,16/08/2026,Good match (corn grits porridge to instant cornmeal porridge).,7e7836ad3e41985c306efc62d0c2456f69b4aad225a1ed83a2591f68dec84c86
01020149:IP6,"Taco shells, maize-based, Old El Paso",IP6,1073.0,5525,172800,"Taco shells, baked",sr_legacy_food,approve,category_estimate,Paul S,16/08/2026,"Reasonable match, brand not captured but product type correct.",7e7836ad3e41985c306efc62d0c2456f69b4aad225a1ed83a2591f68dec84c86
01030001:PHYTCPPI,"Bread, brown wheat-based, fine",PHYTCPPI,518.817,5411,172686,"Bread, wheat",sr_legacy_food,approve,category_estimate,Paul S,16/08/2026,Reasonable category match.,7e7836ad3e41985c306efc62d0c2456f69b4aad225a1ed83a2591f68dec84c86
01030002:IP4,"Bread, flat, wheat-based",IP4,50.0,1274499,2532623,WHOLE WHEAT FLAT BREAD,branded_food,approve,category_estimate,Paul S,16/08/2026,"Flat, wheat-based -- good match.",7e7836ad3e41985c306efc62d0c2456f69b4aad225a1ed83a2591f68dec84c86
01030002:IP5,"Bread, flat, wheat-based",IP5,116.0,1274499,2532623,WHOLE WHEAT FLAT BREAD,branded_food,approve,category_estimate,Paul S,16/08/2026,"Flat, wheat-based -- good match.",7e7836ad3e41985c306efc62d0c2456f69b4aad225a1ed83a2591f68dec84c86
01030002:IP6,"Bread, flat, wheat-based",IP6,435.6,1274499,2532623,WHOLE WHEAT FLAT BREAD,branded_food,approve,category_estimate,Paul S,16/08/2026,"Flat, wheat-based -- good match.",7e7836ad3e41985c306efc62d0c2456f69b4aad225a1ed83a2591f68dec84c86
01030003:PHYTCPPD,"Bread, flat, wheat-based",PHYTCPPD,75.04,1274499,2532623,WHOLE WHEAT FLAT BREAD,branded_food,approve,category_estimate,Paul S,16/08/2026,"Flat, wheat-based -- good match.",7e7836ad3e41985c306efc62d0c2456f69b4aad225a1ed83a2591f68dec84c86
01030004:PHYTCPPD,"Bread, flat, wheat-based",PHYTCPPD,342.86,1274499,2532623,WHOLE WHEAT FLAT BREAD,branded_food,approve,category_estimate,Paul S,16/08/2026,"Flat, wheat-based -- good match.",7e7836ad3e41985c306efc62d0c2456f69b4aad225a1ed83a2591f68dec84c86
01030005:PHYTCPPD,"Bread, flat, white wheat flour",PHYTCPPD,249.461,441,167532,"Bread, white wheat",sr_legacy_food,approve,category_estimate,Paul S,16/08/2026,Reasonable category match (flat-bread form variant).,7e7836ad3e41985c306efc62d0c2456f69b4aad225a1ed83a2591f68dec84c86
01030007:PHYTCPPD,"Bread, sourdough, whole wheat-based",PHYTCPPD,49.0,188148,559321,BRIAN'S BREAD CRACKED WHEAT SOURDOUGH,branded_food,approve,category_estimate,Paul S,16/08/2026,Good match (sourdough + wheat both align).,7e7836ad3e41985c306efc62d0c2456f69b4aad225a1ed83a2591f68dec84c86
01030008:PHYTCPP,"Bread, twisted roll, steamed",PHYTCPP,77.0,171750,535814,SPARTAN TWISTED BREAD STICKS,branded_food,approve,category_estimate,Paul S,16/08/2026,"Steamed vs presumably baked bread sticks -- prep caveat, shape/product otherwise matches.",7e7836ad3e41985c306efc62d0c2456f69b4aad225a1ed83a2591f68dec84c86
01030011:PHYTCPPD,"Bread, wheat-based",PHYTCPPD,1539.0,5411,172686,"Bread, wheat",sr_legacy_food,approve,category_estimate,Paul S,16/08/2026,Clean match.,7e7836ad3e41985c306efc62d0c2456f69b4aad225a1ed83a2591f68dec84c86
01030012:PHYTCPPD,"Bread, wheat-based",PHYTCPPD,44.0,5411,172686,"Bread, wheat",sr_legacy_food,approve,category_estimate,Paul S,16/08/2026,Clean match.,7e7836ad3e41985c306efc62d0c2456f69b4aad225a1ed83a2591f68dec84c86
01030013:PHYTCPPI,"Bread, wheat-based",PHYTCPPI,542.0,5411,172686,"Bread, wheat",sr_legacy_food,approve,category_estimate,Paul S,16/08/2026,Clean match.,7e7836ad3e41985c306efc62d0c2456f69b4aad225a1ed83a2591f68dec84c86
01030013:PPI,"Bread, wheat-based",PPI,152.88,5411,172686,"Bread, wheat",sr_legacy_food,approve,category_estimate,Paul S,16/08/2026,Clean match.,7e7836ad3e41985c306efc62d0c2456f69b4aad225a1ed83a2591f68dec84c86
01030014:PHYTCA,"Bread, wheat-based",PHYTCA,119.0,5411,172686,"Bread, wheat",sr_legacy_food,approve,category_estimate,Paul S,16/08/2026,Clean match.,7e7836ad3e41985c306efc62d0c2456f69b4aad225a1ed83a2591f68dec84c86
01030015:PHYTCA,"Bread, wheat-based",PHYTCA,87.801105,5411,172686,"Bread, wheat",sr_legacy_food,approve,category_estimate,Paul S,16/08/2026,Clean match.,7e7836ad3e41985c306efc62d0c2456f69b4aad225a1ed83a2591f68dec84c86
01030016:PHYTCA,"Bread, wheat-based",PHYTCA,49.25588,5411,172686,"Bread, wheat",sr_legacy_food,approve,category_estimate,Paul S,16/08/2026,Clean match.,7e7836ad3e41985c306efc62d0c2456f69b4aad225a1ed83a2591f68dec84c86
01030017:PHYTCA,"Bread, wheat-based",PHYTCA,58.855470000000004,5411,172686,"Bread, wheat",sr_legacy_food,approve,category_estimate,Paul S,16/08/2026,Clean match.,7e7836ad3e41985c306efc62d0c2456f69b4aad225a1ed83a2591f68dec84c86
01030018:PHYTCA,"Bread, wheat-based",PHYTCA,46.21275,5411,172686,"Bread, wheat",sr_legacy_food,approve,category_estimate,Paul S,16/08/2026,Clean match.,7e7836ad3e41985c306efc62d0c2456f69b4aad225a1ed83a2591f68dec84c86
01030019:PHYTCA,"Bread, wheat-based",PHYTCA,58.87245,5411,172686,"Bread, wheat",sr_legacy_food,approve,category_estimate,Paul S,16/08/2026,Clean match.,7e7836ad3e41985c306efc62d0c2456f69b4aad225a1ed83a2591f68dec84c86
01030020:PHYTCA,"Bread, wheat-based",PHYTCA,43.82894999999999,5411,172686,"Bread, wheat",sr_legacy_food,approve,category_estimate,Paul S,16/08/2026,Clean match.,7e7836ad3e41985c306efc62d0c2456f69b4aad225a1ed83a2591f68dec84c86
01030021:PHYTCA,"Bread, wheat-based",PHYTCA,119.28168000000001,5411,172686,"Bread, wheat",sr_legacy_food,approve,category_estimate,Paul S,16/08/2026,Clean match.,7e7836ad3e41985c306efc62d0c2456f69b4aad225a1ed83a2591f68dec84c86
01030022:PHYTCA,"Bread, wheat-based",PHYTCA,53.09589999999999,5411,172686,"Bread, wheat",sr_legacy_food,approve,category_estimate,Paul S,16/08/2026,Clean match.,7e7836ad3e41985c306efc62d0c2456f69b4aad225a1ed83a2591f68dec84c86
01030023:PHYTCA,"Bread, wheat-based",PHYTCA,53.782785,5411,172686,"Bread, wheat",sr_legacy_food,approve,category_estimate,Paul S,16/08/2026,Clean match.,7e7836ad3e41985c306efc62d0c2456f69b4aad225a1ed83a2591f68dec84c86
01030024:PHYTCA,"Bread, wheat-based",PHYTCA,64.20653000000001,5411,172686,"Bread, wheat",sr_legacy_food,approve,category_estimate,Paul S,16/08/2026,Clean match.,7e7836ad3e41985c306efc62d0c2456f69b4aad225a1ed83a2591f68dec84c86
01030025:PHYTCA,"Bread, wheat-based",PHYTCA,54.50412,5411,172686,"Bread, wheat",sr_legacy_food,approve,category_estimate,Paul S,16/08/2026,Clean match.,7e7836ad3e41985c306efc62d0c2456f69b4aad225a1ed83a2591f68dec84c86
01030026:PHYTCA,"Bread, wheat-based",PHYTCA,51.156085000000004,5411,172686,"Bread, wheat",sr_legacy_food,approve,category_estimate,Paul S,16/08/2026,Clean match.,7e7836ad3e41985c306efc62d0c2456f69b4aad225a1ed83a2591f68dec84c86
01030027:PHYTCA,"Bread, wheat-based",PHYTCA,44.910855,5411,172686,"Bread, wheat",sr_legacy_food,approve,category_estimate,Paul S,16/08/2026,Clean match.,7e7836ad3e41985c306efc62d0c2456f69b4aad225a1ed83a2591f68dec84c86
01030028:PHYTCA,"Bread, wheat-based",PHYTCA,50.202749999999995,5411,172686,"Bread, wheat",sr_legacy_food,approve,category_estimate,Paul S,16/08/2026,Clean match.,7e7836ad3e41985c306efc62d0c2456f69b4aad225a1ed83a2591f68dec84c86
01030029:PHYTCA,"Bread, wheat-based",PHYTCA,35.440464999999996,5411,172686,"Bread, wheat",sr_legacy_food,approve,category_estimate,Paul S,16/08/2026,Clean match.,7e7836ad3e41985c306efc62d0c2456f69b4aad225a1ed83a2591f68dec84c86
01030030:PHYTC-,"Bread, wheat-based",PHYTC-,44.604175000000005,5411,172686,"Bread, wheat",sr_legacy_food,approve,category_estimate,Paul S,16/08/2026,Clean match.,7e7836ad3e41985c306efc62d0c2456f69b4aad225a1ed83a2591f68dec84c86
01030033:PHYTCPPD,"Bread, wheat-based, for toasting",PHYTCPPD,63.0,5412,172687,"Bread, wheat, toasted",sr_legacy_food,approve,category_estimate,Paul S,16/08/2026,"""For toasting"" reasonably matches a toasted-bread candidate.",7e7836ad3e41985c306efc62d0c2456f69b4aad225a1ed83a2591f68dec84c86
01030034:PHYTCPPD,"Bread, wheat-based, french bread",PHYTCPPD,63.0,1348463,2626854,"Meijer, Inc. WHEAT FRENCH BREAD, WHEAT FRENCH",branded_food,approve,category_estimate,Paul S,16/08/2026,Clean match.,7e7836ad3e41985c306efc62d0c2456f69b4aad225a1ed83a2591f68dec84c86
01030035:IP6,"Bread, wheat-based, French, Super Giant",IP6,33.0,126893,472735,"Meijer, Inc. WHEAT FRENCH BREAD",branded_food,approve,category_estimate,Paul S,16/08/2026,Clean match (French wheat bread).,7e7836ad3e41985c306efc62d0c2456f69b4aad225a1ed83a2591f68dec84c86
01030039:PHYTCPPD,"Bread, wheat-based, toasted",PHYTCPPD,63.0,5412,172687,"Bread, wheat, toasted",sr_legacy_food,approve,category_estimate,Paul S,16/08/2026,Clean match.,7e7836ad3e41985c306efc62d0c2456f69b4aad225a1ed83a2591f68dec84c86
01030040:PHYTCPPD,"Bread, wheat-based, toasted, industrialized",PHYTCPPD,44.0,5412,172687,"Bread, wheat, toasted",sr_legacy_food,approve,category_estimate,Paul S,16/08/2026,Toasted matches toasted.,7e7836ad3e41985c306efc62d0c2456f69b4aad225a1ed83a2591f68dec84c86
01030044:PHYTC-,"Bread, wheaten, cracked wheat",PHYTC-,348.0,5397,172672,"Bread, cracked-wheat",sr_legacy_food,approve,category_estimate,Paul S,16/08/2026,Clean match.,7e7836ad3e41985c306efc62d0c2456f69b4aad225a1ed83a2591f68dec84c86
01030046:PHYTC-,"Bread, wheaten, protein rich",PHYTC-,302.4,178172,545882,"Flowers Foods, Inc. WHEAT+PROTEIN BREAD",branded_food,approve,category_estimate,Paul S,16/08/2026,Clean match (protein-enriched wheat bread).,7e7836ad3e41985c306efc62d0c2456f69b4aad225a1ed83a2591f68dec84c86
01030047:PHYTC-,"Bread, wheaten, raisin wheat",PHYTC-,347.7,5411,172686,"Bread, wheat",sr_legacy_food,approve,category_estimate,Paul S,16/08/2026,"""Raisin wheat"" reads as a wheat cultivar/bread-type name here, not confirmed literal raisin content -- reasonable category estimate with that ambiguity noted.",7e7836ad3e41985c306efc62d0c2456f69b4aad225a1ed83a2591f68dec84c86
01030050:PHYTCPPD,"Bread, white wheat-based",PHYTCPPD,7.0,441,167532,"Bread, white wheat",sr_legacy_food,approve,category_estimate,Paul S,16/08/2026,Clean match.,7e7836ad3e41985c306efc62d0c2456f69b4aad225a1ed83a2591f68dec84c86
01030051:PHYTCPPI,"Bread, white wheat-based",PHYTCPPI,105.672,441,167532,"Bread, white wheat",sr_legacy_food,approve,category_estimate,Paul S,16/08/2026,Clean match.,7e7836ad3e41985c306efc62d0c2456f69b4aad225a1ed83a2591f68dec84c86
01030052:IP5,"Bread, white wheat-based",IP5,44.0,441,167532,"Bread, white wheat",sr_legacy_food,approve,category_estimate,Paul S,16/08/2026,Clean match.,7e7836ad3e41985c306efc62d0c2456f69b4aad225a1ed83a2591f68dec84c86
01030052:IP5_A_IP6,"Bread, white wheat-based",IP5_A_IP6,69.0,441,167532,"Bread, white wheat",sr_legacy_food,approve,category_estimate,Paul S,16/08/2026,Clean match.,7e7836ad3e41985c306efc62d0c2456f69b4aad225a1ed83a2591f68dec84c86
01030052:IP6,"Bread, white wheat-based",IP6,25.0,441,167532,"Bread, white wheat",sr_legacy_food,approve,category_estimate,Paul S,16/08/2026,Clean match.,7e7836ad3e41985c306efc62d0c2456f69b4aad225a1ed83a2591f68dec84c86
01030052:PHYTCPP,"Bread, white wheat-based",PHYTCPP,93.0,441,167532,"Bread, white wheat",sr_legacy_food,approve,category_estimate,Paul S,16/08/2026,Clean match.,7e7836ad3e41985c306efc62d0c2456f69b4aad225a1ed83a2591f68dec84c86
01030054:IP6,"Bread, white wheat-based",IP6,78.21,441,167532,"Bread, white wheat",sr_legacy_food,approve,category_estimate,Paul S,16/08/2026,Clean match.,7e7836ad3e41985c306efc62d0c2456f69b4aad225a1ed83a2591f68dec84c86
01030055:PHYTCPP,"Bread, white wheat-based",PHYTCPP,20.0,441,167532,"Bread, white wheat",sr_legacy_food,approve,category_estimate,Paul S,16/08/2026,Clean match.,7e7836ad3e41985c306efc62d0c2456f69b4aad225a1ed83a2591f68dec84c86
01030056:IP6,"Bread, white wheat-based, Arnold’s",IP6,277.0,441,167532,"Bread, white wheat",sr_legacy_food,approve,category_estimate,Paul S,16/08/2026,"Brand variant, category correct.",7e7836ad3e41985c306efc62d0c2456f69b4aad225a1ed83a2591f68dec84c86
01030057:PHYTC-,"Bread, white wheat-based, high fiber",PHYTC-,156.8,441,167532,"Bread, white wheat",sr_legacy_food,approve,category_estimate,Paul S,16/08/2026,"""High fiber"" variant not captured, otherwise good match -- category estimate with that caveat.",7e7836ad3e41985c306efc62d0c2456f69b4aad225a1ed83a2591f68dec84c86
01030058:PHYTCPPI,"Bread, white wheat-based, leavened",PHYTCPPI,0.0,441,167532,"Bread, white wheat",sr_legacy_food,approve,category_estimate,Paul S,16/08/2026,Clean match.,7e7836ad3e41985c306efc62d0c2456f69b4aad225a1ed83a2591f68dec84c86
01030060:PHYTCPPI,"Bread, white wheat-based, unleavened",PHYTCPPI,0.0,441,167532,"Bread, white wheat",sr_legacy_food,approve,category_estimate,Paul S,16/08/2026,"Unleavened variant, still white wheat bread -- category correct.",7e7836ad3e41985c306efc62d0c2456f69b4aad225a1ed83a2591f68dec84c86
01030062:IP3,"Bread, whole and white wheat (50/50), with Bifidobacterium",IP3,35.87304,1274100,2531953,WHITE MADE WITH WHOLE GRAIN BREAD,branded_food,approve,category_estimate,Paul S,16/08/2026,"The candidate product name literally describes a white+whole-grain blend bread -- good match for a 50/50 source, unlike matching to a pure-white-wheat candidate.",7e7836ad3e41985c306efc62d0c2456f69b4aad225a1ed83a2591f68dec84c86
01030062:IP4,"Bread, whole and white wheat (50/50), with Bifidobacterium",IP4,27.71,1274100,2531953,WHITE MADE WITH WHOLE GRAIN BREAD,branded_food,approve,category_estimate,Paul S,16/08/2026,"The candidate product name literally describes a white+whole-grain blend bread -- good match for a 50/50 source, unlike matching to a pure-white-wheat candidate.",7e7836ad3e41985c306efc62d0c2456f69b4aad225a1ed83a2591f68dec84c86
01030062:IP5,"Bread, whole and white wheat (50/50), with Bifidobacterium",IP5,5.48332,1274100,2531953,WHITE MADE WITH WHOLE GRAIN BREAD,branded_food,approve,category_estimate,Paul S,16/08/2026,"The candidate product name literally describes a white+whole-grain blend bread -- good match for a 50/50 source, unlike matching to a pure-white-wheat candidate.",7e7836ad3e41985c306efc62d0c2456f69b4aad225a1ed83a2591f68dec84c86
01030062:IP5_A_IP6,"Bread, whole and white wheat (50/50), with Bifidobacterium",IP5_A_IP6,14.046688,1274100,2531953,WHITE MADE WITH WHOLE GRAIN BREAD,branded_food,approve,category_estimate,Paul S,16/08/2026,"The candidate product name literally describes a white+whole-grain blend bread -- good match for a 50/50 source, unlike matching to a pure-white-wheat candidate.",7e7836ad3e41985c306efc62d0c2456f69b4aad225a1ed83a2591f68dec84c86
01030062:IP6,"Bread, whole and white wheat (50/50), with Bifidobacterium",IP6,8.563368,1274100,2531953,WHITE MADE WITH WHOLE GRAIN BREAD,branded_food,approve,category_estimate,Paul S,16/08/2026,"The candidate product name literally describes a white+whole-grain blend bread -- good match for a 50/50 source, unlike matching to a pure-white-wheat candidate.",7e7836ad3e41985c306efc62d0c2456f69b4aad225a1ed83a2591f68dec84c86
01030063:IP3,"Bread, whole and white wheat (50/50), with fungal phytase",IP3,1.4049,1274100,2531953,WHITE MADE WITH WHOLE GRAIN BREAD,branded_food,approve,category_estimate,Paul S,16/08/2026,Same reasoning -- candidate is itself a blend product.,7e7836ad3e41985c306efc62d0c2456f69b4aad225a1ed83a2591f68dec84c86
01030063:IP4,"Bread, whole and white wheat (50/50), with fungal phytase",IP4,0.76935,1274100,2531953,WHITE MADE WITH WHOLE GRAIN BREAD,branded_food,approve,category_estimate,Paul S,16/08/2026,Same reasoning -- candidate is itself a blend product.,7e7836ad3e41985c306efc62d0c2456f69b4aad225a1ed83a2591f68dec84c86
01030063:IP5,"Bread, whole and white wheat (50/50), with fungal phytase",IP5,1.55208,1274100,2531953,WHITE MADE WITH WHOLE GRAIN BREAD,branded_food,approve,category_estimate,Paul S,16/08/2026,Same reasoning -- candidate is itself a blend product.,7e7836ad3e41985c306efc62d0c2456f69b4aad225a1ed83a2591f68dec84c86
01030063:IP5_A_IP6,"Bread, whole and white wheat (50/50), with fungal phytase",IP5_A_IP6,10.515342000000002,1274100,2531953,WHITE MADE WITH WHOLE GRAIN BREAD,branded_food,approve,category_estimate,Paul S,16/08/2026,Same reasoning -- candidate is itself a blend product.,7e7836ad3e41985c306efc62d0c2456f69b4aad225a1ed83a2591f68dec84c86
01030063:IP6,"Bread, whole and white wheat (50/50), with fungal phytase",IP6,8.963262000000002,1274100,2531953,WHITE MADE WITH WHOLE GRAIN BREAD,branded_food,approve,category_estimate,Paul S,16/08/2026,Same reasoning -- candidate is itself a blend product.,7e7836ad3e41985c306efc62d0c2456f69b4aad225a1ed83a2591f68dec84c86
01030064:PHYTCPPI,"Bread, whole wheat-based",PHYTCPPI,330.85,1271870,2528704,WHOLE WHEAT BREAD,branded_food,approve,category_estimate,Paul S,16/08/2026,Clean match.,7e7836ad3e41985c306efc62d0c2456f69b4aad225a1ed83a2591f68dec84c86
01030065:PHYTCPPD,"Bread, whole wheat-based",PHYTCPPD,302.0,1271870,2528704,WHOLE WHEAT BREAD,branded_food,approve,category_estimate,Paul S,16/08/2026,Clean match.,7e7836ad3e41985c306efc62d0c2456f69b4aad225a1ed83a2591f68dec84c86
01030066:PHYTCPPD,"Bread, whole wheat-based",PHYTCPPD,403.0,1271870,2528704,WHOLE WHEAT BREAD,branded_food,approve,category_estimate,Paul S,16/08/2026,Clean match.,7e7836ad3e41985c306efc62d0c2456f69b4aad225a1ed83a2591f68dec84c86
01030067:IP3,"Bread, whole wheat-based",IP3,13.902000000000001,1271870,2528704,WHOLE WHEAT BREAD,branded_food,approve,category_estimate,Paul S,16/08/2026,Clean match.,7e7836ad3e41985c306efc62d0c2456f69b4aad225a1ed83a2591f68dec84c86
01030067:IP4,"Bread, whole wheat-based",IP4,9.93,1271870,2528704,WHOLE WHEAT BREAD,branded_food,approve,category_estimate,Paul S,16/08/2026,Clean match.,7e7836ad3e41985c306efc62d0c2456f69b4aad225a1ed83a2591f68dec84c86
01030067:IP5,"Bread, whole wheat-based",IP5,23.037599999999998,1271870,2528704,WHOLE WHEAT BREAD,branded_food,approve,category_estimate,Paul S,16/08/2026,Clean match.,7e7836ad3e41985c306efc62d0c2456f69b4aad225a1ed83a2591f68dec84c86
01030067:IP5_A_IP6,"Bread, whole wheat-based",IP5_A_IP6,123.5292,1271870,2528704,WHOLE WHEAT BREAD,branded_food,approve,category_estimate,Paul S,16/08/2026,Clean match.,7e7836ad3e41985c306efc62d0c2456f69b4aad225a1ed83a2591f68dec84c86
01030067:IP6,"Bread, whole wheat-based",IP6,100.4916,1271870,2528704,WHOLE WHEAT BREAD,branded_food,approve,category_estimate,Paul S,16/08/2026,Clean match.,7e7836ad3e41985c306efc62d0c2456f69b4aad225a1ed83a2591f68dec84c86
01030068:IP3,"Bread, whole wheat-based",IP3,38.64,1271870,2528704,WHOLE WHEAT BREAD,branded_food,approve,category_estimate,Paul S,16/08/2026,Clean match.,7e7836ad3e41985c306efc62d0c2456f69b4aad225a1ed83a2591f68dec84c86
01030068:IP4,"Bread, whole wheat-based",IP4,70.46875,1271870,2528704,WHOLE WHEAT BREAD,branded_food,approve,category_estimate,Paul S,16/08/2026,Clean match.,7e7836ad3e41985c306efc62d0c2456f69b4aad225a1ed83a2591f68dec84c86
01030068:IP5,"Bread, whole wheat-based",IP5,28.891250000000003,1271870,2528704,WHOLE WHEAT BREAD,branded_food,approve,category_estimate,Paul S,16/08/2026,Clean match.,7e7836ad3e41985c306efc62d0c2456f69b4aad225a1ed83a2591f68dec84c86
01030068:IP5_A_IP6,"Bread, whole wheat-based",IP5_A_IP6,85.94,1271870,2528704,WHOLE WHEAT BREAD,branded_food,approve,category_estimate,Paul S,16/08/2026,Clean match.,7e7836ad3e41985c306efc62d0c2456f69b4aad225a1ed83a2591f68dec84c86
01030068:IP6,"Bread, whole wheat-based",IP6,57.04874999999999,1271870,2528704,WHOLE WHEAT BREAD,branded_food,approve,category_estimate,Paul S,16/08/2026,Clean match.,7e7836ad3e41985c306efc62d0c2456f69b4aad225a1ed83a2591f68dec84c86
01030069:PHYTCPP,"Bread, whole wheat-based",PHYTCPP,176.0,1271870,2528704,WHOLE WHEAT BREAD,branded_food,approve,category_estimate,Paul S,16/08/2026,Clean match.,7e7836ad3e41985c306efc62d0c2456f69b4aad225a1ed83a2591f68dec84c86
01030073:PHYTCPPD,"Bread, whole wheat-based, toasted, industrialized",PHYTCPPD,302.0,5412,172687,"Bread, wheat, toasted",sr_legacy_food,approve,category_estimate,Paul S,16/08/2026,Toasted matches toasted -- reasonable.,7e7836ad3e41985c306efc62d0c2456f69b4aad225a1ed83a2591f68dec84c86
01030074:IP3,"Bread, whole wheat-based, with B. longum spp. infantis phytase",IP3,2.7971999999999997,160037,520311,Love's Bakery Inc. 100% WHOLE WHEAT BREAD,branded_food,approve,category_estimate,Paul S,16/08/2026,"Phytase treatment is the research variable, not captured by a generic bread candidate, but base product (whole wheat bread) is a reasonable category estimate.",7e7836ad3e41985c306efc62d0c2456f69b4aad225a1ed83a2591f68dec84c86
01030074:IP4,"Bread, whole wheat-based, with B. longum spp. infantis phytase",IP4,3.33,160037,520311,Love's Bakery Inc. 100% WHOLE WHEAT BREAD,branded_food,approve,category_estimate,Paul S,16/08/2026,"Phytase treatment is the research variable, not captured by a generic bread candidate, but base product (whole wheat bread) is a reasonable category estimate.",7e7836ad3e41985c306efc62d0c2456f69b4aad225a1ed83a2591f68dec84c86
01030074:IP5,"Bread, whole wheat-based, with B. longum spp. infantis phytase",IP5,3.8627999999999996,160037,520311,Love's Bakery Inc. 100% WHOLE WHEAT BREAD,branded_food,approve,category_estimate,Paul S,16/08/2026,"Phytase treatment is the research variable, not captured by a generic bread candidate, but base product (whole wheat bread) is a reasonable category estimate.",7e7836ad3e41985c306efc62d0c2456f69b4aad225a1ed83a2591f68dec84c86
01030074:IP5_A_IP6,"Bread, whole wheat-based, with B. longum spp. infantis phytase",IP5_A_IP6,17.049599999999998,160037,520311,Love's Bakery Inc. 100% WHOLE WHEAT BREAD,branded_food,approve,category_estimate,Paul S,16/08/2026,"Phytase treatment is the research variable, not captured by a generic bread candidate, but base product (whole wheat bread) is a reasonable category estimate.",7e7836ad3e41985c306efc62d0c2456f69b4aad225a1ed83a2591f68dec84c86
01030074:IP6,"Bread, whole wheat-based, with B. longum spp. infantis phytase",IP6,13.186799999999998,160037,520311,Love's Bakery Inc. 100% WHOLE WHEAT BREAD,branded_food,approve,category_estimate,Paul S,16/08/2026,Same phytase-treatment caveat as above.,7e7836ad3e41985c306efc62d0c2456f69b4aad225a1ed83a2591f68dec84c86
01030076:IP3,"Bread, whole wheat-based, with Bifidobacterium",IP3,42.913668,1271870,2528704,WHOLE WHEAT BREAD,branded_food,approve,category_estimate,Paul S,16/08/2026,"Probiotic-addition research treatment not captured, but base bread category correct -- standard treatment-collapse caveat.",7e7836ad3e41985c306efc62d0c2456f69b4aad225a1ed83a2591f68dec84c86
01030076:IP4,"Bread, whole wheat-based, with Bifidobacterium",IP4,76.40719999999999,1271870,2528704,WHOLE WHEAT BREAD,branded_food,approve,category_estimate,Paul S,16/08/2026,"Probiotic-addition research treatment not captured, but base bread category correct -- standard treatment-collapse caveat.",7e7836ad3e41985c306efc62d0c2456f69b4aad225a1ed83a2591f68dec84c86
01030076:IP5,"Bread, whole wheat-based, with Bifidobacterium",IP5,26.470736,1271870,2528704,WHOLE WHEAT BREAD,branded_food,approve,category_estimate,Paul S,16/08/2026,"Probiotic-addition research treatment not captured, but base bread category correct -- standard treatment-collapse caveat.",7e7836ad3e41985c306efc62d0c2456f69b4aad225a1ed83a2591f68dec84c86
01030076:IP5_A_IP6,"Bread, whole wheat-based, with Bifidobacterium",IP5_A_IP6,59.046356,1271870,2528704,WHOLE WHEAT BREAD,branded_food,approve,category_estimate,Paul S,16/08/2026,"Probiotic-addition research treatment not captured, but base bread category correct -- standard treatment-collapse caveat.",7e7836ad3e41985c306efc62d0c2456f69b4aad225a1ed83a2591f68dec84c86
01030076:IP6,"Bread, whole wheat-based, with Bifidobacterium",IP6,32.57562,1271870,2528704,WHOLE WHEAT BREAD,branded_food,approve,category_estimate,Paul S,16/08/2026,"Probiotic-addition research treatment not captured, but base bread category correct -- standard treatment-collapse caveat.",7e7836ad3e41985c306efc62d0c2456f69b4aad225a1ed83a2591f68dec84c86
01030077:IP3,"Bread, whole wheat-based, with fungal phytase",IP3,2.9064000000000005,1271870,2528704,WHOLE WHEAT BREAD,branded_food,approve,category_estimate,Paul S,16/08/2026,"Phytase treatment is the research variable, not captured, but base bread category correct.",7e7836ad3e41985c306efc62d0c2456f69b4aad225a1ed83a2591f68dec84c86
01030077:IP4,"Bread, whole wheat-based, with fungal phytase",IP4,3.46,1271870,2528704,WHOLE WHEAT BREAD,branded_food,approve,category_estimate,Paul S,16/08/2026,"Phytase treatment is the research variable, not captured, but base bread category correct.",7e7836ad3e41985c306efc62d0c2456f69b4aad225a1ed83a2591f68dec84c86
01030077:IP5,"Bread, whole wheat-based, with fungal phytase",IP5,4.0136,1271870,2528704,WHOLE WHEAT BREAD,branded_food,approve,category_estimate,Paul S,16/08/2026,"Phytase treatment is the research variable, not captured, but base bread category correct.",7e7836ad3e41985c306efc62d0c2456f69b4aad225a1ed83a2591f68dec84c86
01030077:IP5_A_IP6,"Bread, whole wheat-based, with fungal phytase",IP5_A_IP6,31.416800000000002,1271870,2528704,WHOLE WHEAT BREAD,branded_food,approve,category_estimate,Paul S,16/08/2026,"Phytase treatment is the research variable, not captured, but base bread category correct.",7e7836ad3e41985c306efc62d0c2456f69b4aad225a1ed83a2591f68dec84c86
01030077:IP6,"Bread, whole wheat-based, with fungal phytase",IP6,27.403200000000002,1271870,2528704,WHOLE WHEAT BREAD,branded_food,approve,category_estimate,Paul S,16/08/2026,"Phytase treatment is the research variable, not captured, but base bread category correct.",7e7836ad3e41985c306efc62d0c2456f69b4aad225a1ed83a2591f68dec84c86
01030078:IP3,"Bread, whole wheat-based, with fungal phytase",IP3,1.5193919999999996,1271870,2528704,WHOLE WHEAT BREAD,branded_food,approve,category_estimate,Paul S,16/08/2026,"Phytase treatment is the research variable, not captured, but base bread category correct.",7e7836ad3e41985c306efc62d0c2456f69b4aad225a1ed83a2591f68dec84c86
01030078:IP4,"Bread, whole wheat-based, with fungal phytase",IP4,0.29069999999999996,1271870,2528704,WHOLE WHEAT BREAD,branded_food,approve,category_estimate,Paul S,16/08/2026,"Phytase treatment is the research variable, not captured, but base bread category correct.",7e7836ad3e41985c306efc62d0c2456f69b4aad225a1ed83a2591f68dec84c86
01030078:IP5,"Bread, whole wheat-based, with fungal phytase",IP5,0.8992319999999998,1271870,2528704,WHOLE WHEAT BREAD,branded_food,approve,category_estimate,Paul S,16/08/2026,"Phytase treatment is the research variable, not captured, but base bread category correct.",7e7836ad3e41985c306efc62d0c2456f69b4aad225a1ed83a2591f68dec84c86
01030078:IP5_A_IP6,"Bread, whole wheat-based, with fungal phytase",IP5_A_IP6,7.294631999999999,1271870,2528704,WHOLE WHEAT BREAD,branded_food,approve,category_estimate,Paul S,16/08/2026,"Phytase treatment is the research variable, not captured, but base bread category correct.",7e7836ad3e41985c306efc62d0c2456f69b4aad225a1ed83a2591f68dec84c86
01030078:IP6,"Bread, whole wheat-based, with fungal phytase",IP6,6.3953999999999995,1271870,2528704,WHOLE WHEAT BREAD,branded_food,approve,category_estimate,Paul S,16/08/2026,"Phytase treatment is the research variable, not captured, but base bread category correct.",7e7836ad3e41985c306efc62d0c2456f69b4aad225a1ed83a2591f68dec84c86
01030083:PHYTC-,"Breakfast cereal, wheat bran, SanBran",PHYTC-,814.8,198713,574175,P BRAN FLAKES WHEAT CEREAL,branded_food,approve,category_estimate,Paul S,16/08/2026,"Category matches (wheat bran cereal), brand differs -- reasonable estimate.",7e7836ad3e41985c306efc62d0c2456f69b4aad225a1ed83a2591f68dec84c86
01030085:IP6,"Breakfast cereal, wheat, Raisin Bran, Kellogg’s",IP6,695.0,1389183,2682480,WK KELLOGG CO Kellogg's Raisin Bran Cereal,branded_food,approve,category_estimate,Paul S,16/08/2026,Excellent brand+product match.,7e7836ad3e41985c306efc62d0c2456f69b4aad225a1ed83a2591f68dec84c86
01030086:IP6,"Breakfast cereal, wheat, Shredded Wheat, Nabisco",IP6,1103.0,229221,624656,"POST WHEAT 'N BRAN SHREDDED WHEAT CEREAL, WHEAT 'N BRAN",branded_food,approve,category_estimate,Paul S,16/08/2026,"Product type matches (shredded wheat), brand differs (Post vs Nabisco) -- reasonable estimate.",7e7836ad3e41985c306efc62d0c2456f69b4aad225a1ed83a2591f68dec84c86
01030088:IP6,"Breakfast cereal, wheat, Wheaties, General Mills",IP6,316.0,792699,1759068,GENERAL MILLS SALES INC. Wheaties Whole Grain Wheat Flakes Breakfast Cereal,branded_food,approve,category_estimate,Paul S,16/08/2026,Excellent exact brand match.,7e7836ad3e41985c306efc62d0c2456f69b4aad225a1ed83a2591f68dec84c86
01030089:PHYTCPP,"Bulgur, raw",PHYTCPP,679.0,348,2710820,"Bulgur, dry, raw",foundation_food,approve,category_estimate,Paul S,16/08/2026,Clean match.,7e7836ad3e41985c306efc62d0c2456f69b4aad225a1ed83a2591f68dec84c86
01030096:PHYTCPPD,"Cracker, white wheat-based",PHYTCPPD,98.0,1272901,2530093,WHEAT CRACKERS,branded_food,approve,category_estimate,Paul S,16/08/2026,White wheat crackers vs generic wheat crackers -- reasonable category match.,7e7836ad3e41985c306efc62d0c2456f69b4aad225a1ed83a2591f68dec84c86
01030097:PHYTCPPD,"Cracker, white wheat-based",PHYTCPPD,98.0,1272901,2530093,WHEAT CRACKERS,branded_food,approve,category_estimate,Paul S,16/08/2026,White wheat crackers vs generic wheat crackers -- reasonable category match.,7e7836ad3e41985c306efc62d0c2456f69b4aad225a1ed83a2591f68dec84c86
01030098:PHYTCPP,"Cracker, white wheat-based",PHYTCPP,1726.032,1272901,2530093,WHEAT CRACKERS,branded_food,approve,category_estimate,Paul S,16/08/2026,White wheat crackers vs generic wheat crackers -- reasonable category match.,7e7836ad3e41985c306efc62d0c2456f69b4aad225a1ed83a2591f68dec84c86
01030099:PHYTCPPD,"Cracker, whole wheat-based",PHYTCPPD,588.0,5474,172749,"Crackers, whole-wheat",sr_legacy_food,approve,category_estimate,Paul S,16/08/2026,Clean match.,7e7836ad3e41985c306efc62d0c2456f69b4aad225a1ed83a2591f68dec84c86
01030100:PHYTCPPD,"Cracker, whole wheat-based",PHYTCPPD,588.0,5474,172749,"Crackers, whole-wheat",sr_legacy_food,approve,category_estimate,Paul S,16/08/2026,Clean match.,7e7836ad3e41985c306efc62d0c2456f69b4aad225a1ed83a2591f68dec84c86
01030102:PHYTCPPD,Crispbread,PHYTCPPD,91.0,5464,172739,"Crackers, crispbread, rye",sr_legacy_food,approve,category_estimate,Paul S,16/08/2026,Rye-specific vs generic crispbread request -- reasonable default given no plain crispbread entry.,7e7836ad3e41985c306efc62d0c2456f69b4aad225a1ed83a2591f68dec84c86
01030103:PHYTCPPD,Crispbread,PHYTCPPD,91.0,5464,172739,"Crackers, crispbread, rye",sr_legacy_food,approve,category_estimate,Paul S,16/08/2026,Same as above.,7e7836ad3e41985c306efc62d0c2456f69b4aad225a1ed83a2591f68dec84c86
01030114:PHYTC-,"Maccheronccini pasta, durum wheat semolina",PHYTC-,153.54399999999998,132641,480517,Maestri Pastai DURUM WHEAT SEMOLINA PASTA,branded_food,approve,category_estimate,Paul S,16/08/2026,Good match.,7e7836ad3e41985c306efc62d0c2456f69b4aad225a1ed83a2591f68dec84c86
01030115:PHYTCPP,"Noodle, instant, wheat-based, uncooked",PHYTCPP,103.0,192111,565009,MAMA INSTANT NOODLES,branded_food,approve,category_estimate,Paul S,16/08/2026,Instant matches instant -- category correct.,7e7836ad3e41985c306efc62d0c2456f69b4aad225a1ed83a2591f68dec84c86
01030120:PHYTCPP,"Pancake, wheat-based, leavened",PHYTCPP,7.0,1316744,2588070,Echo Lake Foods Whole Wheat Pancakes,branded_food,approve,category_estimate,Paul S,16/08/2026,Good match.,7e7836ad3e41985c306efc62d0c2456f69b4aad225a1ed83a2591f68dec84c86
01030126:IP6,"Pasta, egg-flavour, commercial, uncooked",IP6,250.8,1775,168901,"Pasta, homemade, made with egg, cooked",sr_legacy_food,approve,category_estimate,Paul S,16/08/2026,"Commercial/uncooked vs homemade/cooked prep differs, but same core product (egg pasta) -- category estimate with prep caveat.",7e7836ad3e41985c306efc62d0c2456f69b4aad225a1ed83a2591f68dec84c86
01030131:PHYTCPP,"Semolina, wheat, raw",PHYTCPP,367.0,61013,380622,CORA DURUM WHEAT SEMOLINA,branded_food,approve,category_estimate,Paul S,16/08/2026,Clean match.,7e7836ad3e41985c306efc62d0c2456f69b4aad225a1ed83a2591f68dec84c86
01030132:PHYTCPP,"Spaghetti, wheat-based, uncooked",PHYTCPP,248.0,176803,543677,BRANDLESS WHOLE WHEAT SPAGHETTI,branded_food,approve,category_estimate,Paul S,16/08/2026,Clean match.,7e7836ad3e41985c306efc62d0c2456f69b4aad225a1ed83a2591f68dec84c86
01030133:PHYTC-,"Triticale, grain, raw",PHYTC-,170.72639999999998,1762,168888,"Triticale flour, whole-grain",sr_legacy_food,approve,category_estimate,Paul S,16/08/2026,"Grain vs milled flour is a real prep-state gap, but reasonable category estimate given no whole-grain-raw entry evident.",7e7836ad3e41985c306efc62d0c2456f69b4aad225a1ed83a2591f68dec84c86
01030135:PHYTC-,"Wheat bran, Back Cross of Roshan, raw",PHYTC-,673.4,2582,169722,"Wheat bran, crude",sr_legacy_food,approve,category_estimate,Paul S,16/08/2026,"Breeding-line-specific source, reasonable generic crude-bran category estimate.",7e7836ad3e41985c306efc62d0c2456f69b4aad225a1ed83a2591f68dec84c86
01030136:PHYTCPPD,"Wheat bran, coarse, raw",PHYTCPPD,3578.0,2582,169722,"Wheat bran, crude",sr_legacy_food,approve,category_estimate,Paul S,16/08/2026,Coarse raw bran reasonably matches crude bran.,7e7836ad3e41985c306efc62d0c2456f69b4aad225a1ed83a2591f68dec84c86
01030137:PHYTCPPI,"Wheat bran, coarse, raw",PHYTCPPI,2172.6207999999997,2582,169722,"Wheat bran, crude",sr_legacy_food,approve,category_estimate,Paul S,16/08/2026,Coarse raw bran reasonably matches crude bran.,7e7836ad3e41985c306efc62d0c2456f69b4aad225a1ed83a2591f68dec84c86
01030137:PPI,"Wheat bran, coarse, raw",PPI,612.2713527999999,2582,169722,"Wheat bran, crude",sr_legacy_food,approve,category_estimate,Paul S,16/08/2026,Coarse raw bran reasonably matches crude bran.,7e7836ad3e41985c306efc62d0c2456f69b4aad225a1ed83a2591f68dec84c86
01030168:PHYTCPPD,Wheat flour,PHYTCPPD,130.0,1787,168913,"Wheat flours, bread, unenriched",sr_legacy_food,approve,category_estimate,Paul S,16/08/2026,"Reasonable default for an unspecified ""Wheat flour"" source, consistent with similar unspecified-flour defaults elsewhere in this review.",7e7836ad3e41985c306efc62d0c2456f69b4aad225a1ed83a2591f68dec84c86
01030169:PHYTCPPD,Wheat flour,PHYTCPPD,155.0,1787,168913,"Wheat flours, bread, unenriched",sr_legacy_food,approve,category_estimate,Paul S,16/08/2026,"Reasonable default for an unspecified ""Wheat flour"" source, consistent with similar unspecified-flour defaults elsewhere in this review.",7e7836ad3e41985c306efc62d0c2456f69b4aad225a1ed83a2591f68dec84c86
01030170:PHYTCPPD,Wheat flour,PHYTCPPD,150.0,1787,168913,"Wheat flours, bread, unenriched",sr_legacy_food,approve,category_estimate,Paul S,16/08/2026,"Reasonable default for an unspecified ""Wheat flour"" source, consistent with similar unspecified-flour defaults elsewhere in this review.",7e7836ad3e41985c306efc62d0c2456f69b4aad225a1ed83a2591f68dec84c86
01030171:PHYTCPPD,Wheat flour,PHYTCPPD,183.0,1787,168913,"Wheat flours, bread, unenriched",sr_legacy_food,approve,category_estimate,Paul S,16/08/2026,"Reasonable default for an unspecified ""Wheat flour"" source, consistent with similar unspecified-flour defaults elsewhere in this review.",7e7836ad3e41985c306efc62d0c2456f69b4aad225a1ed83a2591f68dec84c86
01030172:PHYTCPPD,Wheat flour,PHYTCPPD,477.999,1787,168913,"Wheat flours, bread, unenriched",sr_legacy_food,approve,category_estimate,Paul S,16/08/2026,"Reasonable default for an unspecified ""Wheat flour"" source, consistent with similar unspecified-flour defaults elsewhere in this review.",7e7836ad3e41985c306efc62d0c2456f69b4aad225a1ed83a2591f68dec84c86
01030173:PHYTCPPI,Wheat flour,PHYTCPPI,35.28,1787,168913,"Wheat flours, bread, unenriched",sr_legacy_food,approve,category_estimate,Paul S,16/08/2026,"Reasonable default for an unspecified ""Wheat flour"" source, consistent with similar unspecified-flour defaults elsewhere in this review.",7e7836ad3e41985c306efc62d0c2456f69b4aad225a1ed83a2591f68dec84c86
01030174:PHYTCPPI,Wheat flour,PHYTCPPI,180.48732,1787,168913,"Wheat flours, bread, unenriched",sr_legacy_food,approve,category_estimate,Paul S,16/08/2026,"Reasonable default for an unspecified ""Wheat flour"" source, consistent with similar unspecified-flour defaults elsewhere in this review.",7e7836ad3e41985c306efc62d0c2456f69b4aad225a1ed83a2591f68dec84c86
01030176:IP6,Wheat flour,IP6,756.5,1787,168913,"Wheat flours, bread, unenriched",sr_legacy_food,approve,category_estimate,Paul S,16/08/2026,"Reasonable default for an unspecified ""Wheat flour"" source, consistent with similar unspecified-flour defaults elsewhere in this review.",7e7836ad3e41985c306efc62d0c2456f69b4aad225a1ed83a2591f68dec84c86
01030185:PHYTCPP,"Wheat flour, atta",PHYTCPP,632.0,162158,522973,GOLDEN TEMPLE WHOLE WHEAT ATTA FLOUR,branded_food,approve,category_estimate,Paul S,16/08/2026,Excellent match.,7e7836ad3e41985c306efc62d0c2456f69b4aad225a1ed83a2591f68dec84c86
01030186:IP6,"Wheat flour, Back Cross of Roshan",IP6,129.87216,49658,365710,ROUNDY'S WHOLE WHEAT FLOUR,branded_food,approve,category_estimate,Paul S,16/08/2026,"Breeding-line-specific source, reasonable generic whole-wheat-flour category estimate given no cultivar-specific entry can exist.",7e7836ad3e41985c306efc62d0c2456f69b4aad225a1ed83a2591f68dec84c86
01030187:IP6,"Wheat flour, Back Cross of Roshan, hydrothermaled",IP6,69.75209999999998,827664,1807783,Thomas Brothers Ham Company WHEAT FLOUR,branded_food,approve,category_estimate,Paul S,16/08/2026,"Hydrothermal treatment not captured by the generic candidate, but no better option is evident; the ""Ham Company"" brand name is coincidental, not a reason to doubt the product.",7e7836ad3e41985c306efc62d0c2456f69b4aad225a1ed83a2591f68dec84c86
01030189:PHYTCPPI,"Wheat flour, mixed, white and whole wheat",PHYTCPPI,651.63,1157494,2380188,"Meijer, Inc. WHITE WHOLE WHEAT FLOUR, WHITE",branded_food,approve,category_estimate,Paul S,16/08/2026,Good conceptual match (white whole wheat blend).,7e7836ad3e41985c306efc62d0c2456f69b4aad225a1ed83a2591f68dec84c86
01030191:IP6,"Wheat flour, Tajan",IP6,103.9038,371150,1063217,LIDL WHOLE WHEAT FLOUR,branded_food,approve,category_estimate,Paul S,16/08/2026,"Cultivar-specific, generic whole wheat flour reasonable.",7e7836ad3e41985c306efc62d0c2456f69b4aad225a1ed83a2591f68dec84c86
01030192:IP6,"Wheat flour, Tajan, hydrothermaled",IP6,44.78628,827664,1807783,Thomas Brothers Ham Company WHEAT FLOUR,branded_food,approve,category_estimate,Paul S,16/08/2026,"""Hydrothermaled"" (a specific heat/moisture treatment) is a real caveat not captured by the generic candidate, but no better option is evident -- category estimate with that caveat; the ""Ham Company"" brand name is coincidental, not itself a reason to doubt the product.",7e7836ad3e41985c306efc62d0c2456f69b4aad225a1ed83a2591f68dec84c86
01030196:PHYTCPPI,"Wheat flour, type for leavened pastry",PHYTCPPI,56.364000000000004,299244,834648,"Whole Foods Market, Inc. WHOLE WHEAT PASTRY FLOUR",branded_food,approve,category_estimate,Paul S,16/08/2026,"Pastry flour matches pastry flour; ""leavened"" pastry nuance minor.",7e7836ad3e41985c306efc62d0c2456f69b4aad225a1ed83a2591f68dec84c86
01030197:PHYT-,"Wheat flour, Wampum (spring wheat), high phytate-content",PHYT-,1628.0,1279302,2539361,Early Bird Farm HARD RED SPRING WHEAT FLOUR,branded_food,approve,category_estimate,Paul S,16/08/2026,Explicit grain (spring wheat) matches candidate -- part of the same Wampum phytate-level comparison study as the sibling rows already reviewed elsewhere in this review; approved on the same category-estimate basis.,7e7836ad3e41985c306efc62d0c2456f69b4aad225a1ed83a2591f68dec84c86
01030198:PHYT-,"Wheat flour, Wampum (spring wheat), low phytate-content",PHYT-,167.2,1279302,2539361,Early Bird Farm HARD RED SPRING WHEAT FLOUR,branded_food,approve,category_estimate,Paul S,16/08/2026,Part of the same Wampum phytate-level comparison study as the sibling rows; explicit grain (spring wheat) matches candidate.,7e7836ad3e41985c306efc62d0c2456f69b4aad225a1ed83a2591f68dec84c86
01030200:PHYT-,"Wheat flour, Wampum (spring wheat), medium-high phytate-content",PHYT-,1469.6,1279302,2539361,Early Bird Farm HARD RED SPRING WHEAT FLOUR,branded_food,approve,category_estimate,Paul S,16/08/2026,"Explicit grain (spring wheat) matches candidate's hard red spring wheat flour -- reasonable category estimate. Related to review_4's Wampum LOW-phytate-variety row (01030198) but this is a separate medium-high-phytate control/comparison cultivar within the same study, not itself special-cased.",7e7836ad3e41985c306efc62d0c2456f69b4aad225a1ed83a2591f68dec84c86
01030209:PHYTCPPI,"Wheat flour, whole grain",PHYTCPPI,986.37,326272,909976,"Topco Associates, Inc. 100% WHOLE GRAIN WHOLE WHEAT FLOUR, WHOLE GRAIN",branded_food,approve,category_estimate,Paul S,16/08/2026,Excellent match (100% whole grain whole wheat flour).,7e7836ad3e41985c306efc62d0c2456f69b4aad225a1ed83a2591f68dec84c86
01030210:PHYTCPP,"Wheat flour, whole grain",PHYTCPP,1102.896,326272,909976,"Topco Associates, Inc. 100% WHOLE GRAIN WHOLE WHEAT FLOUR, WHOLE GRAIN",branded_food,approve,category_estimate,Paul S,16/08/2026,Excellent match.,7e7836ad3e41985c306efc62d0c2456f69b4aad225a1ed83a2591f68dec84c86
01030211:PHYTC-,"Wheat flour, whole grain",PHYTC-,1146.7017600000001,326272,909976,"Topco Associates, Inc. 100% WHOLE GRAIN WHOLE WHEAT FLOUR, WHOLE GRAIN",branded_food,approve,category_estimate,Paul S,16/08/2026,Excellent match (100% whole grain whole wheat flour).,7e7836ad3e41985c306efc62d0c2456f69b4aad225a1ed83a2591f68dec84c86
01030212:PHYTCPPD,"Wheat flour, whole grain",PHYTCPPD,537.0,326272,909976,"Topco Associates, Inc. 100% WHOLE GRAIN WHOLE WHEAT FLOUR, WHOLE GRAIN",branded_food,approve,category_estimate,Paul S,16/08/2026,Excellent match (100% whole grain whole wheat flour).,7e7836ad3e41985c306efc62d0c2456f69b4aad225a1ed83a2591f68dec84c86
01030213:PHYTCPPD,"Wheat flour, whole grain",PHYTCPPD,814.0,326272,909976,"Topco Associates, Inc. 100% WHOLE GRAIN WHOLE WHEAT FLOUR, WHOLE GRAIN",branded_food,approve,category_estimate,Paul S,16/08/2026,"Excellent match, duplicate fraction row.",7e7836ad3e41985c306efc62d0c2456f69b4aad225a1ed83a2591f68dec84c86
01030214:PHYTCPPI,"Wheat flour, whole grain",PHYTCPPI,555.716,326272,909976,"Topco Associates, Inc. 100% WHOLE GRAIN WHOLE WHEAT FLOUR, WHOLE GRAIN",branded_food,approve,category_estimate,Paul S,16/08/2026,"Excellent match, duplicate fraction row.",7e7836ad3e41985c306efc62d0c2456f69b4aad225a1ed83a2591f68dec84c86
01030215:PHYTCA,"Wheat flour, whole grain",PHYTCA,770.0,326272,909976,"Topco Associates, Inc. 100% WHOLE GRAIN WHOLE WHEAT FLOUR, WHOLE GRAIN",branded_food,approve,category_estimate,Paul S,16/08/2026,"Excellent match, duplicate fraction row.",7e7836ad3e41985c306efc62d0c2456f69b4aad225a1ed83a2591f68dec84c86
01030216:IP6,"Wheat flour, whole grain, Pillsbury",IP6,1176.0,1818,168944,"Wheat flour, whole-grain, soft wheat",sr_legacy_food,approve,category_estimate,Paul S,16/08/2026,"Brand not captured, otherwise a reasonable generic match.",7e7836ad3e41985c306efc62d0c2456f69b4aad225a1ed83a2591f68dec84c86
01030217:PHYTC-,"Wheat flour, whole meal",PHYTC-,587.4,371150,1063217,LIDL WHOLE WHEAT FLOUR,branded_food,approve,category_estimate,Paul S,16/08/2026,Wholemeal = whole wheat -- direct match.,7e7836ad3e41985c306efc62d0c2456f69b4aad225a1ed83a2591f68dec84c86
01030219:PHYTCPPI,"Wheat, baking flour",PHYTCPPI,253.3,157843,517400,"Baker Miller, LLC WHEAT FLOUR",branded_food,approve,category_estimate,Paul S,16/08/2026,"""Baking"" wheat flour matches generic wheat flour; category correct.",7e7836ad3e41985c306efc62d0c2456f69b4aad225a1ed83a2591f68dec84c86
01030225:PHYTC-,"Wheat, germ",PHYTC-,1026.0,1766,168892,"Wheat germ, crude",sr_legacy_food,approve,category_estimate,Paul S,16/08/2026,Clean match.,7e7836ad3e41985c306efc62d0c2456f69b4aad225a1ed83a2591f68dec84c86
01030226:PHYTCPPD,"Wheat, gluten, raw",PHYTCPPD,313.0,1032,168147,Vital wheat gluten,sr_legacy_food,approve,category_estimate,Paul S,16/08/2026,"Gluten matches gluten -- reasonable match, ""vital"" just denotes a purified high-protein product.",7e7836ad3e41985c306efc62d0c2456f69b4aad225a1ed83a2591f68dec84c86
01030231:PHYTCPP,"Wheat, semolina, raw",PHYTCPP,549.0,61013,380622,CORA DURUM WHEAT SEMOLINA,branded_food,approve,category_estimate,Paul S,16/08/2026,"Clean match, duplicate of the earlier semolina row.",7e7836ad3e41985c306efc62d0c2456f69b4aad225a1ed83a2591f68dec84c86
01040013:PHYTCA,Sorghum flour,PHYTCA,490.0,1817,168943,"Sorghum flour, whole-grain",sr_legacy_food,approve,category_estimate,Paul S,16/08/2026,"Whole-grain assumption for an unspecified ""Sorghum flour"" is a reasonable default.",7e7836ad3e41985c306efc62d0c2456f69b4aad225a1ed83a2591f68dec84c86
01040014:PHYTCPPI,"Sorghum flour, Dabar, whole grain, 10KGy irradiated, boiled, dried",PHYTCPPI,181.05379499999998,1817,168943,"Sorghum flour, whole-grain",sr_legacy_food,approve,category_estimate,Paul S,16/08/2026,"Cultivar/irradiation-dose/fermentation-treatment-specific source, reasonable generic whole-grain sorghum-flour category estimate -- treatment specificity not preserved, standard caveat throughout this review.",7e7836ad3e41985c306efc62d0c2456f69b4aad225a1ed83a2591f68dec84c86
01040015:PHYTCPPI,"Sorghum flour, Dabar, whole grain, 10KGy irradiated, dried",PHYTCPPI,207.23469,1817,168943,"Sorghum flour, whole-grain",sr_legacy_food,approve,category_estimate,Paul S,16/08/2026,"Cultivar/irradiation-dose/fermentation-treatment-specific source, reasonable generic whole-grain sorghum-flour category estimate -- treatment specificity not preserved, standard caveat throughout this review.",7e7836ad3e41985c306efc62d0c2456f69b4aad225a1ed83a2591f68dec84c86
01040016:PHYTCPPI,"Sorghum flour, Dabar, whole grain, 10KGy irradiated, fermented, boiled, dried",PHYTCPPI,126.67809,1817,168943,"Sorghum flour, whole-grain",sr_legacy_food,approve,category_estimate,Paul S,16/08/2026,"Cultivar/irradiation-dose/fermentation-treatment-specific source, reasonable generic whole-grain sorghum-flour category estimate -- treatment specificity not preserved, standard caveat throughout this review.",7e7836ad3e41985c306efc62d0c2456f69b4aad225a1ed83a2591f68dec84c86
01040017:PHYTCPPI,"Sorghum flour, Dabar, whole grain, 10KGy irradiated, fermented, dried",PHYTCPPI,92.35644,1817,168943,"Sorghum flour, whole-grain",sr_legacy_food,approve,category_estimate,Paul S,16/08/2026,"Cultivar/irradiation-dose/fermentation-treatment-specific source, reasonable generic whole-grain sorghum-flour category estimate -- treatment specificity not preserved, standard caveat throughout this review.",7e7836ad3e41985c306efc62d0c2456f69b4aad225a1ed83a2591f68dec84c86
01040018:PHYTCPPI,"Sorghum flour, Dabar, whole grain, 15KGy irradiated, boiled, dried",PHYTCPPI,171.334055,1817,168943,"Sorghum flour, whole-grain",sr_legacy_food,approve,category_estimate,Paul S,16/08/2026,"Cultivar/irradiation-dose/fermentation-treatment-specific source, reasonable generic whole-grain sorghum-flour category estimate -- treatment specificity not preserved, standard caveat throughout this review.",7e7836ad3e41985c306efc62d0c2456f69b4aad225a1ed83a2591f68dec84c86
01040019:PHYTCPPI,"Sorghum flour, Dabar, whole grain, 15KGy irradiated, dried",PHYTCPPI,203.462145,1817,168943,"Sorghum flour, whole-grain",sr_legacy_food,approve,category_estimate,Paul S,16/08/2026,"Cultivar/irradiation-dose/fermentation-treatment-specific source, reasonable generic whole-grain sorghum-flour category estimate -- treatment specificity not preserved, standard caveat throughout this review.",7e7836ad3e41985c306efc62d0c2456f69b4aad225a1ed83a2591f68dec84c86
01040020:PHYTCPPI,"Sorghum flour, Dabar, whole grain, 15KGy irradiated, fermented, boiled, dried",PHYTCPPI,119.615205,1817,168943,"Sorghum flour, whole-grain",sr_legacy_food,approve,category_estimate,Paul S,16/08/2026,"Cultivar/irradiation-dose/fermentation-treatment-specific source, reasonable generic whole-grain sorghum-flour category estimate -- treatment specificity not preserved, standard caveat throughout this review.",7e7836ad3e41985c306efc62d0c2456f69b4aad225a1ed83a2591f68dec84c86
01040021:PHYTCPPI,"Sorghum flour, Dabar, whole grain, 15KGy irradiated, fermented, dried",PHYTCPPI,87.48711499999999,1817,168943,"Sorghum flour, whole-grain",sr_legacy_food,approve,category_estimate,Paul S,16/08/2026,"Cultivar/irradiation-dose/fermentation-treatment-specific source, reasonable generic whole-grain sorghum-flour category estimate -- treatment specificity not preserved, standard caveat throughout this review.",7e7836ad3e41985c306efc62d0c2456f69b4aad225a1ed83a2591f68dec84c86
01040022:PHYTCPPI,"Sorghum flour, Dabar, whole grain, 5KGy irradiated, boiled, dried",PHYTCPPI,186.12167499999998,1817,168943,"Sorghum flour, whole-grain",sr_legacy_food,approve,category_estimate,Paul S,16/08/2026,"Cultivar/irradiation-dose/fermentation-treatment-specific source, reasonable generic whole-grain sorghum-flour category estimate -- treatment specificity not preserved, standard caveat throughout this review.",7e7836ad3e41985c306efc62d0c2456f69b4aad225a1ed83a2591f68dec84c86
01040023:PHYTCPPI,"Sorghum flour, Dabar, whole grain, 5KGy irradiated, dried",PHYTCPPI,217.04898,1817,168943,"Sorghum flour, whole-grain",sr_legacy_food,approve,category_estimate,Paul S,16/08/2026,"Cultivar/irradiation-dose/fermentation-treatment-specific source, reasonable generic whole-grain sorghum-flour category estimate -- treatment specificity not preserved, standard caveat throughout this review.",7e7836ad3e41985c306efc62d0c2456f69b4aad225a1ed83a2591f68dec84c86
01040024:PHYTCPPI,"Sorghum flour, Dabar, whole grain, 5KGy irradiated, fermented, boiled, dried",PHYTCPPI,128.588,1817,168943,"Sorghum flour, whole-grain",sr_legacy_food,approve,category_estimate,Paul S,16/08/2026,"Cultivar/irradiation-dose/fermentation-treatment-specific source, reasonable generic whole-grain sorghum-flour category estimate -- treatment specificity not preserved, standard caveat throughout this review.",7e7836ad3e41985c306efc62d0c2456f69b4aad225a1ed83a2591f68dec84c86
01040025:PHYTCPPI,"Sorghum flour, Dabar, whole grain, 5KGy irradiated, fermented, dried",PHYTCPPI,93.76523499999999,1817,168943,"Sorghum flour, whole-grain",sr_legacy_food,approve,category_estimate,Paul S,16/08/2026,"Cultivar/irradiation-dose/fermentation-treatment-specific source, reasonable generic whole-grain sorghum-flour category estimate -- treatment specificity not preserved, standard caveat throughout this review.",7e7836ad3e41985c306efc62d0c2456f69b4aad225a1ed83a2591f68dec84c86
01040026:PHYTCPPI,"Sorghum flour, Dabar, whole grain, boiled, dried",PHYTCPPI,211.26252,1817,168943,"Sorghum flour, whole-grain",sr_legacy_food,approve,category_estimate,Paul S,16/08/2026,"Cultivar/irradiation-dose/fermentation-treatment-specific source, reasonable generic whole-grain sorghum-flour category estimate -- treatment specificity not preserved, standard caveat throughout this review.",7e7836ad3e41985c306efc62d0c2456f69b4aad225a1ed83a2591f68dec84c86
01040027:PHYTCPPI,"Sorghum flour, Dabar, whole grain, dried",PHYTCPPI,251.503,1817,168943,"Sorghum flour, whole-grain",sr_legacy_food,approve,category_estimate,Paul S,16/08/2026,"Cultivar-specific source, reasonable generic whole-grain sorghum-flour category estimate.",7e7836ad3e41985c306efc62d0c2456f69b4aad225a1ed83a2591f68dec84c86
01040028:PHYTCPPI,"Sorghum flour, Dabar, whole grain, fermented, boiled, dried",PHYTCPPI,147.129255,1817,168943,"Sorghum flour, whole-grain",sr_legacy_food,approve,category_estimate,Paul S,16/08/2026,"Cultivar/irradiation-dose/fermentation-treatment-specific source, reasonable generic whole-grain sorghum-flour category estimate -- treatment specificity not preserved, standard caveat throughout this review.",7e7836ad3e41985c306efc62d0c2456f69b4aad225a1ed83a2591f68dec84c86
01040029:PHYTCPPI,"Sorghum flour, Dabar, whole grain, fermented, dried",PHYTCPPI,108.14629,1817,168943,"Sorghum flour, whole-grain",sr_legacy_food,approve,category_estimate,Paul S,16/08/2026,"Cultivar/irradiation-dose/fermentation-treatment-specific source, reasonable generic whole-grain sorghum-flour category estimate -- treatment specificity not preserved, standard caveat throughout this review.",7e7836ad3e41985c306efc62d0c2456f69b4aad225a1ed83a2591f68dec84c86
01040030:IP5,"Sorghum flour, ground-dried",IP5,13.0,268,2512373,"Flour, sorghum",foundation_food,approve,category_estimate,Paul S,16/08/2026,Ground-dried is the standard flour-making process -- clean match.,7e7836ad3e41985c306efc62d0c2456f69b4aad225a1ed83a2591f68dec84c86
01040030:IP5_A_IP6,"Sorghum flour, ground-dried",IP5_A_IP6,98.0,268,2512373,"Flour, sorghum",foundation_food,approve,category_estimate,Paul S,16/08/2026,Ground-dried is the standard flour-making process -- clean match.,7e7836ad3e41985c306efc62d0c2456f69b4aad225a1ed83a2591f68dec84c86
01040030:IP6,"Sorghum flour, ground-dried",IP6,85.0,268,2512373,"Flour, sorghum",foundation_food,approve,category_estimate,Paul S,16/08/2026,Ground-dried is the standard flour-making process -- clean match.,7e7836ad3e41985c306efc62d0c2456f69b4aad225a1ed83a2591f68dec84c86
01040030:PHYTCPP,"Sorghum flour, ground-dried",PHYTCPP,489.0,268,2512373,"Flour, sorghum",foundation_food,approve,category_estimate,Paul S,16/08/2026,Ground-dried is the standard flour-making process -- clean match.,7e7836ad3e41985c306efc62d0c2456f69b4aad225a1ed83a2591f68dec84c86
01040031:PHYTCPPI,"Sorghum flour, Karamaka, whole grain, 10KGy irradiated, boiled, dried",PHYTCPPI,103.71189499999998,1817,168943,"Sorghum flour, whole-grain",sr_legacy_food,approve,category_estimate,Paul S,16/08/2026,"Cultivar/irradiation-dose/fermentation-treatment-specific source, reasonable generic whole-grain sorghum-flour category estimate -- treatment specificity not preserved, standard caveat throughout this review.",7e7836ad3e41985c306efc62d0c2456f69b4aad225a1ed83a2591f68dec84c86
01040032:PHYTCPPI,"Sorghum flour, Karamaka, whole grain, 10KGy irradiated, dried",PHYTCPPI,214.23139,1817,168943,"Sorghum flour, whole-grain",sr_legacy_food,approve,category_estimate,Paul S,16/08/2026,"Cultivar/irradiation-dose/fermentation-treatment-specific source, reasonable generic whole-grain sorghum-flour category estimate -- treatment specificity not preserved, standard caveat throughout this review.",7e7836ad3e41985c306efc62d0c2456f69b4aad225a1ed83a2591f68dec84c86
01040033:PHYTCPPI,"Sorghum flour, Karamaka, whole grain, 10KGy irradiated, fermented, boiled, dried",PHYTCPPI,128.975655,1817,168943,"Sorghum flour, whole-grain",sr_legacy_food,approve,category_estimate,Paul S,16/08/2026,"Cultivar/irradiation-dose/fermentation-treatment-specific source, reasonable generic whole-grain sorghum-flour category estimate -- treatment specificity not preserved, standard caveat throughout this review.",7e7836ad3e41985c306efc62d0c2456f69b4aad225a1ed83a2591f68dec84c86
01040034:PHYTCPPI,"Sorghum flour, Karamaka, whole grain, 10KGy irradiated, fermented, dried",PHYTCPPI,125.08965,1817,168943,"Sorghum flour, whole-grain",sr_legacy_food,approve,category_estimate,Paul S,16/08/2026,"Cultivar/irradiation-dose/fermentation-treatment-specific source, reasonable generic whole-grain sorghum-flour category estimate -- treatment specificity not preserved, standard caveat throughout this review.",7e7836ad3e41985c306efc62d0c2456f69b4aad225a1ed83a2591f68dec84c86
01040035:PHYTCPPI,"Sorghum flour, Karamaka, whole grain, 15KGy irradiated, boiled, dried",PHYTCPPI,167.26840499999997,1817,168943,"Sorghum flour, whole-grain",sr_legacy_food,approve,category_estimate,Paul S,16/08/2026,"Cultivar/irradiation-dose/fermentation-treatment-specific source, reasonable generic whole-grain sorghum-flour category estimate -- treatment specificity not preserved, standard caveat throughout this review.",7e7836ad3e41985c306efc62d0c2456f69b4aad225a1ed83a2591f68dec84c86
01040036:PHYTCPPI,"Sorghum flour, Karamaka, whole grain, 15KGy irradiated, dried",PHYTCPPI,205.48551500000002,1817,168943,"Sorghum flour, whole-grain",sr_legacy_food,approve,category_estimate,Paul S,16/08/2026,"Cultivar/irradiation-dose/fermentation-treatment-specific source, reasonable generic whole-grain sorghum-flour category estimate -- treatment specificity not preserved, standard caveat throughout this review.",7e7836ad3e41985c306efc62d0c2456f69b4aad225a1ed83a2591f68dec84c86
01040037:PHYTCPPI,"Sorghum flour, Karamaka, whole grain, 15KGy irradiated, fermented, boiled, dried",PHYTCPPI,123.964505,1817,168943,"Sorghum flour, whole-grain",sr_legacy_food,approve,category_estimate,Paul S,16/08/2026,"Cultivar/irradiation-dose/fermentation-treatment-specific source, reasonable generic whole-grain sorghum-flour category estimate -- treatment specificity not preserved, standard caveat throughout this review.",7e7836ad3e41985c306efc62d0c2456f69b4aad225a1ed83a2591f68dec84c86
01040038:PHYTCPPI,"Sorghum flour, Karamaka, whole grain, 15KGy irradiated, fermented, dried",PHYTCPPI,98.7102,1817,168943,"Sorghum flour, whole-grain",sr_legacy_food,approve,category_estimate,Paul S,16/08/2026,"Cultivar/irradiation-dose/fermentation-treatment-specific source, reasonable generic whole-grain sorghum-flour category estimate -- treatment specificity not preserved, standard caveat throughout this review.",7e7836ad3e41985c306efc62d0c2456f69b4aad225a1ed83a2591f68dec84c86
01040039:PHYTCPPI,"Sorghum flour, Karamaka, whole grain, 5KGy irradiated, dried",PHYTCPPI,249.016335,1817,168943,"Sorghum flour, whole-grain",sr_legacy_food,approve,category_estimate,Paul S,16/08/2026,"Cultivar/irradiation-dose/fermentation-treatment-specific source, reasonable generic whole-grain sorghum-flour category estimate -- treatment specificity not preserved, standard caveat throughout this review.",7e7836ad3e41985c306efc62d0c2456f69b4aad225a1ed83a2591f68dec84c86
01040040:PHYTCPPI,"Sorghum flour, Karamaka, whole grain, 5KGy irradiated, fermented, boiled, dried",PHYTCPPI,181.46036,1817,168943,"Sorghum flour, whole-grain",sr_legacy_food,approve,category_estimate,Paul S,16/08/2026,"Cultivar/irradiation-dose/fermentation-treatment-specific source, reasonable generic whole-grain sorghum-flour category estimate -- treatment specificity not preserved, standard caveat throughout this review.",7e7836ad3e41985c306efc62d0c2456f69b4aad225a1ed83a2591f68dec84c86
01040041:PHYTCPPI,"Sorghum flour, Karamaka, whole grain, 5KGy irradiated, fermented, boiled, dried",PHYTCPPI,131.40559,1817,168943,"Sorghum flour, whole-grain",sr_legacy_food,approve,category_estimate,Paul S,16/08/2026,"Cultivar/irradiation-dose/fermentation-treatment-specific source, reasonable generic whole-grain sorghum-flour category estimate -- treatment specificity not preserved, standard caveat throughout this review.",7e7836ad3e41985c306efc62d0c2456f69b4aad225a1ed83a2591f68dec84c86
01040042:PHYTCPPI,"Sorghum flour, Karamaka, whole grain, 5KGy irradiated, fermented, dried",PHYTCPPI,106.397115,1817,168943,"Sorghum flour, whole-grain",sr_legacy_food,approve,category_estimate,Paul S,16/08/2026,"Cultivar/irradiation-dose/fermentation-treatment-specific source, reasonable generic whole-grain sorghum-flour category estimate -- treatment specificity not preserved, standard caveat throughout this review.",7e7836ad3e41985c306efc62d0c2456f69b4aad225a1ed83a2591f68dec84c86
01040043:PHYTCPPI,"Sorghum flour, Karamaka, whole grain, boiled, dried",PHYTCPPI,205.750255,1817,168943,"Sorghum flour, whole-grain",sr_legacy_food,approve,category_estimate,Paul S,16/08/2026,"Cultivar/irradiation-dose/fermentation-treatment-specific source, reasonable generic whole-grain sorghum-flour category estimate -- treatment specificity not preserved, standard caveat throughout this review.",7e7836ad3e41985c306efc62d0c2456f69b4aad225a1ed83a2591f68dec84c86
01040044:PHYTCPPI,"Sorghum flour, Karamaka, whole grain, dried",PHYTCPPI,257.176,1817,168943,"Sorghum flour, whole-grain",sr_legacy_food,approve,category_estimate,Paul S,16/08/2026,"Cultivar-specific source, reasonable generic whole-grain sorghum-flour category estimate.",7e7836ad3e41985c306efc62d0c2456f69b4aad225a1ed83a2591f68dec84c86
01040045:PHYTCPPI,"Sorghum flour, Karamaka, whole grain, fermented, boiled, dried",PHYTCPPI,151.73384,1817,168943,"Sorghum flour, whole-grain",sr_legacy_food,approve,category_estimate,Paul S,16/08/2026,"Cultivar/irradiation-dose/fermentation-treatment-specific source, reasonable generic whole-grain sorghum-flour category estimate -- treatment specificity not preserved, standard caveat throughout this review.",7e7836ad3e41985c306efc62d0c2456f69b4aad225a1ed83a2591f68dec84c86
01040046:PHYTCPPI,"Sorghum flour, Karamaka, whole grain, fermented, dried",PHYTCPPI,122.15859999999999,1817,168943,"Sorghum flour, whole-grain",sr_legacy_food,approve,category_estimate,Paul S,16/08/2026,"Cultivar/irradiation-dose/fermentation-treatment-specific source, reasonable generic whole-grain sorghum-flour category estimate -- treatment specificity not preserved, standard caveat throughout this review.",7e7836ad3e41985c306efc62d0c2456f69b4aad225a1ed83a2591f68dec84c86
01040047:PHYTCPPI,"Sorghum flour, Tabat",PHYTCPPI,295.001555,268,2512373,"Flour, sorghum",foundation_food,approve,category_estimate,Paul S,16/08/2026,"Cultivar-specific, reasonable match.",7e7836ad3e41985c306efc62d0c2456f69b4aad225a1ed83a2591f68dec84c86
01040048:PHYTCPPI,"Sorghum flour, Wad Ahmed, whole grain, 10KGy irradiated, boiled, dried",PHYTCPPI,169.75507,1817,168943,"Sorghum flour, whole-grain",sr_legacy_food,approve,category_estimate,Paul S,16/08/2026,"Cultivar/irradiation-dose/fermentation-treatment-specific source, reasonable generic whole-grain sorghum-flour category estimate -- treatment specificity not preserved, standard caveat throughout this review.",7e7836ad3e41985c306efc62d0c2456f69b4aad225a1ed83a2591f68dec84c86
01040049:PHYTCPPI,"Sorghum flour, Wad Ahmed, whole grain, 10KGy irradiated, dried",PHYTCPPI,208.72858,1817,168943,"Sorghum flour, whole-grain",sr_legacy_food,approve,category_estimate,Paul S,16/08/2026,"Cultivar/irradiation-dose/fermentation-treatment-specific source, reasonable generic whole-grain sorghum-flour category estimate -- treatment specificity not preserved, standard caveat throughout this review.",7e7836ad3e41985c306efc62d0c2456f69b4aad225a1ed83a2591f68dec84c86
01040050:PHYTCPPI,"Sorghum flour, Wad Ahmed, whole grain, 10KGy irradiated, fermented, boiled, dried",PHYTCPPI,133.665335,1817,168943,"Sorghum flour, whole-grain",sr_legacy_food,approve,category_estimate,Paul S,16/08/2026,"Cultivar/irradiation-dose/fermentation-treatment-specific source, reasonable generic whole-grain sorghum-flour category estimate -- treatment specificity not preserved, standard caveat throughout this review.",7e7836ad3e41985c306efc62d0c2456f69b4aad225a1ed83a2591f68dec84c86
01040051:PHYTCPPI,"Sorghum flour, Wad Ahmed, whole grain, 10KGy irradiated, fermented, dried",PHYTCPPI,104.184645,1817,168943,"Sorghum flour, whole-grain",sr_legacy_food,approve,category_estimate,Paul S,16/08/2026,"Cultivar/irradiation-dose/fermentation-treatment-specific source, reasonable generic whole-grain sorghum-flour category estimate -- treatment specificity not preserved, standard caveat throughout this review.",7e7836ad3e41985c306efc62d0c2456f69b4aad225a1ed83a2591f68dec84c86
01040052:PHYTCPPI,"Sorghum flour, Wad Ahmed, whole grain, 15KGy irradiated, boiled, dried",PHYTCPPI,162.351805,1817,168943,"Sorghum flour, whole-grain",sr_legacy_food,approve,category_estimate,Paul S,16/08/2026,"Cultivar/irradiation-dose/fermentation-treatment-specific source, reasonable generic whole-grain sorghum-flour category estimate -- treatment specificity not preserved, standard caveat throughout this review.",7e7836ad3e41985c306efc62d0c2456f69b4aad225a1ed83a2591f68dec84c86
01040053:PHYTCPPI,"Sorghum flour, Wad Ahmed, whole grain, 15KGy irradiated, dried",PHYTCPPI,208.27473999999998,1817,168943,"Sorghum flour, whole-grain",sr_legacy_food,approve,category_estimate,Paul S,16/08/2026,"Cultivar/irradiation-dose/fermentation-treatment-specific source, reasonable generic whole-grain sorghum-flour category estimate -- treatment specificity not preserved, standard caveat throughout this review.",7e7836ad3e41985c306efc62d0c2456f69b4aad225a1ed83a2591f68dec84c86
01040054:PHYTCPPI,"Sorghum flour, Wad Ahmed, whole grain, 15KGy irradiated, fermented, boiled, dried",PHYTCPPI,127.86942,1817,168943,"Sorghum flour, whole-grain",sr_legacy_food,approve,category_estimate,Paul S,16/08/2026,"Cultivar/irradiation-dose/fermentation-treatment-specific source, reasonable generic whole-grain sorghum-flour category estimate -- treatment specificity not preserved, standard caveat throughout this review.",7e7836ad3e41985c306efc62d0c2456f69b4aad225a1ed83a2591f68dec84c86
01040055:PHYTCPPI,"Sorghum flour, Wad Ahmed, whole grain, 15KGy irradiated, fermented, dried",PHYTCPPI,99.99608,1817,168943,"Sorghum flour, whole-grain",sr_legacy_food,approve,category_estimate,Paul S,16/08/2026,"Cultivar/irradiation-dose/fermentation-treatment-specific source, reasonable generic whole-grain sorghum-flour category estimate -- treatment specificity not preserved, standard caveat throughout this review.",7e7836ad3e41985c306efc62d0c2456f69b4aad225a1ed83a2591f68dec84c86
01040056:PHYTCPPI,"Sorghum flour, Wad Ahmed, whole grain, 5KGy irradiated, boiled, dried",PHYTCPPI,175.758995,1817,168943,"Sorghum flour, whole-grain",sr_legacy_food,approve,category_estimate,Paul S,16/08/2026,"Cultivar/irradiation-dose/fermentation-treatment-specific source, reasonable generic whole-grain sorghum-flour category estimate -- treatment specificity not preserved, standard caveat throughout this review.",7e7836ad3e41985c306efc62d0c2456f69b4aad225a1ed83a2591f68dec84c86
01040057:PHYTCPPI,"Sorghum flour, Wad Ahmed, whole grain, 5KGy irradiated, dried",PHYTCPPI,223.24200499999998,1817,168943,"Sorghum flour, whole-grain",sr_legacy_food,approve,category_estimate,Paul S,16/08/2026,"Cultivar/irradiation-dose/fermentation-treatment-specific source, reasonable generic whole-grain sorghum-flour category estimate -- treatment specificity not preserved, standard caveat throughout this review.",7e7836ad3e41985c306efc62d0c2456f69b4aad225a1ed83a2591f68dec84c86
01040058:PHYTCPPI,"Sorghum flour, Wad Ahmed, whole grain, 5KGy irradiated, fermented, boiled, dried",PHYTCPPI,139.30997,1817,168943,"Sorghum flour, whole-grain",sr_legacy_food,approve,category_estimate,Paul S,16/08/2026,"Cultivar/irradiation-dose/fermentation-treatment-specific source, reasonable generic whole-grain sorghum-flour category estimate -- treatment specificity not preserved, standard caveat throughout this review.",7e7836ad3e41985c306efc62d0c2456f69b4aad225a1ed83a2591f68dec84c86
01040059:PHYTCPPI,"Sorghum flour, Wad Ahmed, whole grain, 5KGy irradiated, fermented, dried",PHYTCPPI,107.38989,1817,168943,"Sorghum flour, whole-grain",sr_legacy_food,approve,category_estimate,Paul S,16/08/2026,"Cultivar/irradiation-dose/fermentation-treatment-specific source, reasonable generic whole-grain sorghum-flour category estimate -- treatment specificity not preserved, standard caveat throughout this review.",7e7836ad3e41985c306efc62d0c2456f69b4aad225a1ed83a2591f68dec84c86
01040060:PHYTCPPI,"Sorghum flour, Wad Ahmed, whole grain, boiled, dried",PHYTCPPI,200.18126,1817,168943,"Sorghum flour, whole-grain",sr_legacy_food,approve,category_estimate,Paul S,16/08/2026,"Cultivar/irradiation-dose/fermentation-treatment-specific source, reasonable generic whole-grain sorghum-flour category estimate -- treatment specificity not preserved, standard caveat throughout this review.",7e7836ad3e41985c306efc62d0c2456f69b4aad225a1ed83a2591f68dec84c86
01040061:PHYTCPPI,"Sorghum flour, Wad Ahmed, whole grain, dried",PHYTCPPI,253.39399999999998,1817,168943,"Sorghum flour, whole-grain",sr_legacy_food,approve,category_estimate,Paul S,16/08/2026,"Cultivar-specific source, reasonable generic whole-grain sorghum-flour category estimate.",7e7836ad3e41985c306efc62d0c2456f69b4aad225a1ed83a2591f68dec84c86
01040062:PHYTCPPI,"Sorghum flour, Wad Ahmed, whole grain, fermented, boiled, dried",PHYTCPPI,157.86068,1817,168943,"Sorghum flour, whole-grain",sr_legacy_food,approve,category_estimate,Paul S,16/08/2026,"Cultivar/irradiation-dose/fermentation-treatment-specific source, reasonable generic whole-grain sorghum-flour category estimate -- treatment specificity not preserved, standard caveat throughout this review.",7e7836ad3e41985c306efc62d0c2456f69b4aad225a1ed83a2591f68dec84c86
01040063:PHYTCPPI,"Sorghum flour, Wad Ahmed, whole grain, fermented, dried",PHYTCPPI,123.10409999999997,1817,168943,"Sorghum flour, whole-grain",sr_legacy_food,approve,category_estimate,Paul S,16/08/2026,"Cultivar/irradiation-dose/fermentation-treatment-specific source, reasonable generic whole-grain sorghum-flour category estimate -- treatment specificity not preserved, standard caveat throughout this review.",7e7836ad3e41985c306efc62d0c2456f69b4aad225a1ed83a2591f68dec84c86
01040066:PHYTCPP,"Sorghum, Fibmigou, white, raw",PHYTCPP,716.82,370,2710842,"Sorghum, whole grain, white, dry, raw",foundation_food,approve,category_estimate,Paul S,16/08/2026,"No decortication mentioned, presumably whole grain -- cultivar-specific, reasonable match.",7e7836ad3e41985c306efc62d0c2456f69b4aad225a1ed83a2591f68dec84c86
01040067:PHYT-,"Sorghum, grain, white, raw",PHYT-,1930.0,370,2710842,"Sorghum, whole grain, white, dry, raw",foundation_food,approve,category_estimate,Paul S,16/08/2026,Clean match.,7e7836ad3e41985c306efc62d0c2456f69b4aad225a1ed83a2591f68dec84c86
01040068:PHYTCPP,"Sorghum, raw",PHYTCPP,427.0,2576,169716,Sorghum grain,sr_legacy_food,approve,category_estimate,Paul S,16/08/2026,Clean match.,7e7836ad3e41985c306efc62d0c2456f69b4aad225a1ed83a2591f68dec84c86
01040072:PHYTCPP,"Sorghum, white, whole grain, dried",PHYTCPP,1307.8450000000003,370,2710842,"Sorghum, whole grain, white, dry, raw",foundation_food,approve,category_estimate,Paul S,16/08/2026,Clean match.,7e7836ad3e41985c306efc62d0c2456f69b4aad225a1ed83a2591f68dec84c86
01040074:IP6,"Sorghum, whole grain, white, raw",IP6,455.718,370,2710842,"Sorghum, whole grain, white, dry, raw",foundation_food,approve,category_estimate,Paul S,16/08/2026,Clean match.,7e7836ad3e41985c306efc62d0c2456f69b4aad225a1ed83a2591f68dec84c86
01050076:PHYT-,Finger millet flour,PHYT-,536.434,4784,172023,Millet flour,sr_legacy_food,approve,category_estimate,Paul S,16/08/2026,"Species-collapse, standard category estimate.",7e7836ad3e41985c306efc62d0c2456f69b4aad225a1ed83a2591f68dec84c86
01050100:PHYTCA,Foxtail millet flour,PHYTCA,819.72,4784,172023,Millet flour,sr_legacy_food,approve,category_estimate,Paul S,16/08/2026,"Species-collapse, standard category estimate.",7e7836ad3e41985c306efc62d0c2456f69b4aad225a1ed83a2591f68dec84c86
01050101:PHYTCA,Foxtail millet flour,PHYTCA,483.67,4784,172023,Millet flour,sr_legacy_food,approve,category_estimate,Paul S,16/08/2026,"Species-collapse, standard category estimate.",7e7836ad3e41985c306efc62d0c2456f69b4aad225a1ed83a2591f68dec84c86
01050102:PHYTCPPD,"Foxtail millet, raw, grounded",PHYTCPPD,191.1,2562,169702,"Millet, raw",sr_legacy_food,approve,category_estimate,Paul S,16/08/2026,"Specific millet species vs a generic millet candidate -- standard species-collapse caveat, reasonable category estimate.",7e7836ad3e41985c306efc62d0c2456f69b4aad225a1ed83a2591f68dec84c86
01050102:PPD,"Foxtail millet, raw, grounded",PPD,53.69,2562,169702,"Millet, raw",sr_legacy_food,approve,category_estimate,Paul S,16/08/2026,"Specific millet species vs a generic millet candidate -- standard species-collapse caveat, reasonable category estimate.",7e7836ad3e41985c306efc62d0c2456f69b4aad225a1ed83a2591f68dec84c86
01050105:PHYTCA,"Foxtail millet, PS-4, whole",PHYTCA,489.24,274,2512379,"Millet, whole grain",foundation_food,approve,category_estimate,Paul S,16/08/2026,"Specific millet species vs a generic whole-grain millet candidate -- standard species-collapse caveat, reasonable category estimate.",7e7836ad3e41985c306efc62d0c2456f69b4aad225a1ed83a2591f68dec84c86
01050106:PHYTCA,"Foxtail millet, raw",PHYTCA,817.554,2562,169702,"Millet, raw",sr_legacy_food,approve,category_estimate,Paul S,16/08/2026,"Specific millet species vs a generic millet candidate -- standard species-collapse caveat, reasonable category estimate.",7e7836ad3e41985c306efc62d0c2456f69b4aad225a1ed83a2591f68dec84c86
01050107:PHYTCA,"Foxtail millet, SIA-3126, dehulled",PHYTCA,994.4,112790,454149,GREAT HARVEST HULLED MILLET,branded_food,approve,category_estimate,Paul S,16/08/2026,Dehulled reasonably corresponds to 'hulled millet' product naming.,7e7836ad3e41985c306efc62d0c2456f69b4aad225a1ed83a2591f68dec84c86
01050109:PHYTCA,"Foxtail millet, SIA-3126, whole",PHYTCA,895.95,274,2512379,"Millet, whole grain",foundation_food,approve,category_estimate,Paul S,16/08/2026,"Specific millet species vs a generic whole-grain millet candidate -- standard species-collapse caveat, reasonable category estimate.",7e7836ad3e41985c306efc62d0c2456f69b4aad225a1ed83a2591f68dec84c86
01050110:PHYTCPPD,"Indian barnyard millet, raw, grounded",PHYTCPPD,373.5,2562,169702,"Millet, raw",sr_legacy_food,approve,category_estimate,Paul S,16/08/2026,"Specific millet species vs a generic millet candidate -- standard species-collapse caveat, reasonable category estimate.",7e7836ad3e41985c306efc62d0c2456f69b4aad225a1ed83a2591f68dec84c86
01050110:PPD,"Indian barnyard millet, raw, grounded",PPD,105.3,2562,169702,"Millet, raw",sr_legacy_food,approve,category_estimate,Paul S,16/08/2026,"Specific millet species vs a generic millet candidate -- standard species-collapse caveat, reasonable category estimate.",7e7836ad3e41985c306efc62d0c2456f69b4aad225a1ed83a2591f68dec84c86
01050111:PHYTCPP,"Millet paste, fermented, dried flour",PHYTCPP,17.3,176151,542687,NAMASTE MILLET FLOUR,branded_food,approve,category_estimate,Paul S,16/08/2026,"Fermented-then-dried-to-flour is a genuine prep gap from plain flour, but closest available candidate -- category estimate with fermentation caveat.",7e7836ad3e41985c306efc62d0c2456f69b4aad225a1ed83a2591f68dec84c86
01050112:PHYT-,"Millet, bulrush, grain, raw",PHYT-,160.0,2562,169702,"Millet, raw",sr_legacy_food,approve,category_estimate,Paul S,16/08/2026,"""Bulrush millet"" is a common name for pearl millet -- same species broadly, reasonable match.",7e7836ad3e41985c306efc62d0c2456f69b4aad225a1ed83a2591f68dec84c86
01050114:PHYTCPPI,"Millet, ground, water-cooked",PHYTCPPI,0.46254,1745,168871,"Millet, cooked",sr_legacy_food,approve,category_estimate,Paul S,16/08/2026,Ground and cooked -- reasonably matches the cooked candidate.,7e7836ad3e41985c306efc62d0c2456f69b4aad225a1ed83a2591f68dec84c86
01050115:PHYTCPPD,"Millet, instant fura flour",PHYTCPPD,416.0,4784,172023,Millet flour,sr_legacy_food,approve,category_estimate,Paul S,16/08/2026,"""Instant fura"" is a flour-based product -- reasonable category match, fermentation/instant-prep detail not captured.",7e7836ad3e41985c306efc62d0c2456f69b4aad225a1ed83a2591f68dec84c86
01050116:PHYTCPP,"Millet, raw",PHYTCPP,522.0,2562,169702,"Millet, raw",sr_legacy_food,approve,category_estimate,Paul S,16/08/2026,"Specific millet species vs a generic millet candidate -- standard species-collapse caveat, reasonable category estimate.",7e7836ad3e41985c306efc62d0c2456f69b4aad225a1ed83a2591f68dec84c86
01050117:PHYTCPPD,"Millet, raw",PHYTCPPD,237.072,2562,169702,"Millet, raw",sr_legacy_food,approve,category_estimate,Paul S,16/08/2026,"Specific millet species vs a generic millet candidate -- standard species-collapse caveat, reasonable category estimate.",7e7836ad3e41985c306efc62d0c2456f69b4aad225a1ed83a2591f68dec84c86
01050120:PHYTC-,"Millet, whole grain, flakes",PHYTC-,761.4,274,2512379,"Millet, whole grain",foundation_food,approve,category_estimate,Paul S,16/08/2026,"Specific millet species vs a generic whole-grain millet candidate -- standard species-collapse caveat, reasonable category estimate.",7e7836ad3e41985c306efc62d0c2456f69b4aad225a1ed83a2591f68dec84c86
01050121:IP6,"Millet, whole grain, raw",IP6,94.64,274,2512379,"Millet, whole grain",foundation_food,approve,category_estimate,Paul S,16/08/2026,"Specific millet species vs a generic whole-grain millet candidate -- standard species-collapse caveat, reasonable category estimate.",7e7836ad3e41985c306efc62d0c2456f69b4aad225a1ed83a2591f68dec84c86
01050123:PHYTCPPI,"Pearl millet flour, Ashana, dehulled seed",PHYTCPPI,286.287945,4784,172023,Millet flour,sr_legacy_food,approve,category_estimate,Paul S,16/08/2026,"Cultivar/treatment-specific source, reasonable generic millet-flour category estimate.",7e7836ad3e41985c306efc62d0c2456f69b4aad225a1ed83a2591f68dec84c86
01050124:PHYTCPPI,"Pearl millet flour, Ashana, dehulled seed, 30 days storage",PHYTCPPI,286.03265999999996,4784,172023,Millet flour,sr_legacy_food,approve,category_estimate,Paul S,16/08/2026,"Cultivar/treatment-specific source, reasonable generic millet-flour category estimate.",7e7836ad3e41985c306efc62d0c2456f69b4aad225a1ed83a2591f68dec84c86
01050125:PHYTCPPI,"Pearl millet flour, Ashana, dehulled seed, 60 days storage",PHYTCPPI,286.60941499999996,4784,172023,Millet flour,sr_legacy_food,approve,category_estimate,Paul S,16/08/2026,"Cultivar/treatment-specific source, reasonable generic millet-flour category estimate.",7e7836ad3e41985c306efc62d0c2456f69b4aad225a1ed83a2591f68dec84c86
01050129:PHYTCPPI,"Pearl millet flour, Ashana, dehulled seed, irradiated",PHYTCPPI,286.20285,4784,172023,Millet flour,sr_legacy_food,approve,category_estimate,Paul S,16/08/2026,"Cultivar/treatment-specific source, reasonable generic millet-flour category estimate.",7e7836ad3e41985c306efc62d0c2456f69b4aad225a1ed83a2591f68dec84c86
01050130:PHYTCPPI,"Pearl millet flour, Ashana, dehulled seed, irradiated, 30 days storage",PHYTCPPI,286.78906,4784,172023,Millet flour,sr_legacy_food,approve,category_estimate,Paul S,16/08/2026,"Cultivar/treatment-specific source, reasonable generic millet-flour category estimate -- treatment specificity not preserved, standard caveat throughout this review.",7e7836ad3e41985c306efc62d0c2456f69b4aad225a1ed83a2591f68dec84c86
01050131:PHYTCPPI,"Pearl millet flour, Ashana, dehulled seed, irradiated, 60 days storage",PHYTCPPI,287.346905,4784,172023,Millet flour,sr_legacy_food,approve,category_estimate,Paul S,16/08/2026,Same treatment-collapse caveat as above.,7e7836ad3e41985c306efc62d0c2456f69b4aad225a1ed83a2591f68dec84c86
01050135:PHYTCPPI,"Pearl millet flour, Ashana, whole seed",PHYTCPPI,726.342555,4784,172023,Millet flour,sr_legacy_food,approve,category_estimate,Paul S,16/08/2026,Explicitly labeled flour in the source -- reasonable category match.,7e7836ad3e41985c306efc62d0c2456f69b4aad225a1ed83a2591f68dec84c86
01050141:PHYTCPPI,"Pearl millet flour, Ashana, whole seed, raw, irradiated",PHYTCPPI,726.27637,51883,368805,"Bob's Red Mill Natural Foods, Inc. WHOLE GRAIN MILLET FLOUR",branded_food,approve,category_estimate,Paul S,16/08/2026,"Whole-grain millet flour matches, irradiation/storage treatment collapsed -- standard category-estimate caveat.",7e7836ad3e41985c306efc62d0c2456f69b4aad225a1ed83a2591f68dec84c86
01050147:PHYTCPPI,"Pearl millet flour, Dembi, dehulled seed",PHYTCPPI,269.174395,4784,172023,Millet flour,sr_legacy_food,approve,category_estimate,Paul S,16/08/2026,"Cultivar/treatment-specific source, reasonable generic millet-flour category estimate.",7e7836ad3e41985c306efc62d0c2456f69b4aad225a1ed83a2591f68dec84c86
01050148:PHYTCPPI,"Pearl millet flour, Dembi, dehulled seed, 30 days storage",PHYTCPPI,268.399085,4784,172023,Millet flour,sr_legacy_food,approve,category_estimate,Paul S,16/08/2026,"Cultivar/treatment-specific source, reasonable generic millet-flour category estimate.",7e7836ad3e41985c306efc62d0c2456f69b4aad225a1ed83a2591f68dec84c86
01050149:PHYTCPPI,"Pearl millet flour, Dembi, dehulled seed, 60 days storage",PHYTCPPI,270.308995,4784,172023,Millet flour,sr_legacy_food,approve,category_estimate,Paul S,16/08/2026,"Cultivar/treatment-specific source, reasonable generic millet-flour category estimate.",7e7836ad3e41985c306efc62d0c2456f69b4aad225a1ed83a2591f68dec84c86
01050153:PHYTCPPI,"Pearl millet flour, Dembi, dehulled seed, irradiated",PHYTCPPI,269.14603000000005,4784,172023,Millet flour,sr_legacy_food,approve,category_estimate,Paul S,16/08/2026,"Cultivar/treatment-specific source, reasonable generic millet-flour category estimate.",7e7836ad3e41985c306efc62d0c2456f69b4aad225a1ed83a2591f68dec84c86
01050154:PHYTCPPI,"Pearl millet flour, Dembi, dehulled seed, irradiated, 60 days storage",PHYTCPPI,270.214445,4784,172023,Millet flour,sr_legacy_food,approve,category_estimate,Paul S,16/08/2026,Same treatment-collapse caveat as above.,7e7836ad3e41985c306efc62d0c2456f69b4aad225a1ed83a2591f68dec84c86
01050158:PHYTCPPI,"Pearl millet flour, Dembi, dehulled seed,irradiated, 30 days storage",PHYTCPPI,270.14826,4784,172023,Millet flour,sr_legacy_food,approve,category_estimate,Paul S,16/08/2026,Same treatment-collapse caveat as above.,7e7836ad3e41985c306efc62d0c2456f69b4aad225a1ed83a2591f68dec84c86
01050159:PHYTCPPI,"Pearl millet flour, Dembi, whole seed",PHYTCPPI,682.944105,4784,172023,Millet flour,sr_legacy_food,approve,category_estimate,Paul S,16/08/2026,"Cultivar-specific, reasonable category estimate.",7e7836ad3e41985c306efc62d0c2456f69b4aad225a1ed83a2591f68dec84c86
01050165:PHYTCPPI,"Pearl millet flour, Dembi, whole seed, raw, irradiated",PHYTCPPI,682.981925,51883,368805,"Bob's Red Mill Natural Foods, Inc. WHOLE GRAIN MILLET FLOUR",branded_food,approve,category_estimate,Paul S,16/08/2026,Correct species (millet flour vs millet flour); irradiation treatment and cultivar not captured.,7e7836ad3e41985c306efc62d0c2456f69b4aad225a1ed83a2591f68dec84c86
01050166:PHYTCPPI,"Pearl millet flour, Dembi, whole seed, irradiated, 30 days storage",PHYTCPPI,685.0998450000001,51883,368805,"Bob's Red Mill Natural Foods, Inc. WHOLE GRAIN MILLET FLOUR",branded_food,approve,category_estimate,Paul S,16/08/2026,"Whole-grain millet flour matches, irradiation/storage treatment collapsed -- standard category-estimate caveat.",7e7836ad3e41985c306efc62d0c2456f69b4aad225a1ed83a2591f68dec84c86
01050167:PHYTCPPI,"Pearl millet flour, Dembi, whole seed, irradiated, 60 days storage",PHYTCPPI,684.9296549999999,51883,368805,"Bob's Red Mill Natural Foods, Inc. WHOLE GRAIN MILLET FLOUR",branded_food,approve,category_estimate,Paul S,16/08/2026,"Whole-grain millet flour matches, irradiation/storage treatment collapsed -- standard category-estimate caveat.",7e7836ad3e41985c306efc62d0c2456f69b4aad225a1ed83a2591f68dec84c86
01050171:PHYT-,"Pearl millet flour, HHB-67",PHYT-,527.711,4784,172023,Millet flour,sr_legacy_food,approve,category_estimate,Paul S,16/08/2026,"Cultivar-specific, reasonable category estimate.",7e7836ad3e41985c306efc62d0c2456f69b4aad225a1ed83a2591f68dec84c86
01050172:PHYTCPPI,"Pearl millet flour, IS 833",PHYTCPPI,317.892,4784,172023,Millet flour,sr_legacy_food,approve,category_estimate,Paul S,16/08/2026,"Cultivar-specific, reasonable category estimate.",7e7836ad3e41985c306efc62d0c2456f69b4aad225a1ed83a2591f68dec84c86
01050173:PHYTCPPI,"Pearl millet flour, IS 843",PHYTCPPI,313.998,4784,172023,Millet flour,sr_legacy_food,approve,category_estimate,Paul S,16/08/2026,"Cultivar-specific, reasonable category estimate.",7e7836ad3e41985c306efc62d0c2456f69b4aad225a1ed83a2591f68dec84c86
01050174:PHYTCPPI,"Pearl millet flour, IS 880004",PHYTCPPI,702.868,4784,172023,Millet flour,sr_legacy_food,approve,category_estimate,Paul S,16/08/2026,"Cultivar-specific, reasonable category estimate.",7e7836ad3e41985c306efc62d0c2456f69b4aad225a1ed83a2591f68dec84c86
01050175:PHYTCPPI,"Pearl millet flour, IS 89111",PHYTCPPI,401.778,4784,172023,Millet flour,sr_legacy_food,approve,category_estimate,Paul S,16/08/2026,"Cultivar-specific, reasonable category estimate.",7e7836ad3e41985c306efc62d0c2456f69b4aad225a1ed83a2591f68dec84c86
01050176:PHYTCPPI,"Pearl millet flour, IS 91333",PHYTCPPI,720.27,4784,172023,Millet flour,sr_legacy_food,approve,category_estimate,Paul S,16/08/2026,"Cultivar-specific, reasonable category estimate.",7e7836ad3e41985c306efc62d0c2456f69b4aad225a1ed83a2591f68dec84c86
01050177:PHYTCPPI,"Pearl millet flour, IS 91666",PHYTCPPI,474.88,4784,172023,Millet flour,sr_legacy_food,approve,category_estimate,Paul S,16/08/2026,"Cultivar-specific, reasonable category estimate.",7e7836ad3e41985c306efc62d0c2456f69b4aad225a1ed83a2591f68dec84c86
01050178:PHYTCPPI,"Pearl millet flour, IS 91777",PHYTCPPI,555.582,4784,172023,Millet flour,sr_legacy_food,approve,category_estimate,Paul S,16/08/2026,"Cultivar-specific, reasonable category estimate.",7e7836ad3e41985c306efc62d0c2456f69b4aad225a1ed83a2591f68dec84c86
01050179:PHYTCPPI,"Pearl millet flour, Kabti",PHYTCPPI,316.30499999999995,4784,172023,Millet flour,sr_legacy_food,approve,category_estimate,Paul S,16/08/2026,"Cultivar-specific, reasonable category estimate.",7e7836ad3e41985c306efc62d0c2456f69b4aad225a1ed83a2591f68dec84c86
01050180:PHYTCPPI,"Pearl millet flour, Tihama",PHYTCPPI,317.18399999999997,4784,172023,Millet flour,sr_legacy_food,approve,category_estimate,Paul S,16/08/2026,"Cultivar-specific, reasonable category estimate.",7e7836ad3e41985c306efc62d0c2456f69b4aad225a1ed83a2591f68dec84c86
01050181:PHYTCPPI,"Pearl millet flour, YD-X3",PHYTCPPI,392.49799999999993,4784,172023,Millet flour,sr_legacy_food,approve,category_estimate,Paul S,16/08/2026,"Cultivar-specific, reasonable category estimate.",7e7836ad3e41985c306efc62d0c2456f69b4aad225a1ed83a2591f68dec84c86
01050183:PHYTCPPI,"Pearl millet, B 1, yellowish, raw",PHYTCPPI,490.86,2562,169702,"Millet, raw",sr_legacy_food,approve,category_estimate,Paul S,16/08/2026,"Species-collapse, standard category estimate.",7e7836ad3e41985c306efc62d0c2456f69b4aad225a1ed83a2591f68dec84c86
01050184:PHYTCPPI,"Pearl millet, B 2, gray, raw",PHYTCPPI,869.5500000000002,2562,169702,"Millet, raw",sr_legacy_food,approve,category_estimate,Paul S,16/08/2026,"Specific millet species vs a generic millet candidate -- standard species-collapse caveat, reasonable category estimate.",7e7836ad3e41985c306efc62d0c2456f69b4aad225a1ed83a2591f68dec84c86
01050185:IP6,"Pearl millet, Gampela, whole, raw",IP6,663.84,274,2512379,"Millet, whole grain",foundation_food,approve,category_estimate,Paul S,16/08/2026,"Specific millet species vs a generic whole-grain millet candidate -- standard species-collapse caveat, reasonable category estimate.",7e7836ad3e41985c306efc62d0c2456f69b4aad225a1ed83a2591f68dec84c86
01050191:PHYTCPPI,"Pearl millet, IKMP 3, gray, raw",PHYTCPPI,1175.58,2562,169702,"Millet, raw",sr_legacy_food,approve,category_estimate,Paul S,16/08/2026,"Species-collapse, standard category estimate.",7e7836ad3e41985c306efc62d0c2456f69b4aad225a1ed83a2591f68dec84c86
01050192:PHYTCPPI,"Pearl millet, IKMP 5, gray light, raw",PHYTCPPI,809.01,2562,169702,"Millet, raw",sr_legacy_food,approve,category_estimate,Paul S,16/08/2026,"Specific millet species vs a generic millet candidate -- standard species-collapse caveat, reasonable category estimate.",7e7836ad3e41985c306efc62d0c2456f69b4aad225a1ed83a2591f68dec84c86
01050193:IP6,"Pearl millet, IKMP-5, whole, raw",IP6,725.6,2562,169702,"Millet, raw",sr_legacy_food,approve,category_estimate,Paul S,16/08/2026,"Species-collapse, standard category estimate.",7e7836ad3e41985c306efc62d0c2456f69b4aad225a1ed83a2591f68dec84c86
01050195:PHYTCPPI,"Pearl millet, KM, gray, raw",PHYTCPPI,537.0,2562,169702,"Millet, raw",sr_legacy_food,approve,category_estimate,Paul S,16/08/2026,"Species-collapse, standard category estimate.",7e7836ad3e41985c306efc62d0c2456f69b4aad225a1ed83a2591f68dec84c86
01050200:PHYTCPPI,"Pearl millet, raw",PHYTCPPI,709.56,2562,169702,"Millet, raw",sr_legacy_food,approve,category_estimate,Paul S,16/08/2026,"Specific millet species vs a generic millet candidate -- standard species-collapse caveat, reasonable category estimate.",7e7836ad3e41985c306efc62d0c2456f69b4aad225a1ed83a2591f68dec84c86
01050201:IP6,"Pearl millet, raw",IP6,513.89,2562,169702,"Millet, raw",sr_legacy_food,approve,category_estimate,Paul S,16/08/2026,"Specific millet species vs a generic millet candidate -- standard species-collapse caveat, reasonable category estimate.",7e7836ad3e41985c306efc62d0c2456f69b4aad225a1ed83a2591f68dec84c86
01050202:PHYTCPPI,"Pearl millet, SG, gray, raw",PHYTCPPI,924.66,2562,169702,"Millet, raw",sr_legacy_food,approve,category_estimate,Paul S,16/08/2026,"Species-collapse, standard category estimate.",7e7836ad3e41985c306efc62d0c2456f69b4aad225a1ed83a2591f68dec84c86
01050206:PHYTCPPI,"Pearl millet, XX, gray, raw",PHYTCPPI,681.82,2562,169702,"Millet, raw",sr_legacy_food,approve,category_estimate,Paul S,16/08/2026,"Species-collapse, standard category estimate.",7e7836ad3e41985c306efc62d0c2456f69b4aad225a1ed83a2591f68dec84c86
01050212:PHYTCA,"Proso millet, TNAU-145, whole",PHYTCA,648.7199999999999,274,2512379,"Millet, whole grain",foundation_food,approve,category_estimate,Paul S,16/08/2026,"Specific millet species vs a generic whole-grain millet candidate -- standard species-collapse caveat, reasonable category estimate.",7e7836ad3e41985c306efc62d0c2456f69b4aad225a1ed83a2591f68dec84c86
01060001:PP-,Amaranth flour,PP-,1.7043000000000001,267387,733870,"Bob's Red Mill Natural Foods, Inc. WHOLE GRAIN AMARANTH FLOUR",branded_food,approve,category_estimate,Paul S,16/08/2026,Excellent match.,7e7836ad3e41985c306efc62d0c2456f69b4aad225a1ed83a2591f68dec84c86
01060005:PHYTCPPI,"Amaranth, Oscar Blanco, grain, extruded",PHYTCPPI,280.0,3523,170682,"Amaranth grain, uncooked",sr_legacy_food,approve,category_estimate,Paul S,16/08/2026,"Cultivar-specific source, reasonable generic amaranth-grain category estimate; extruded prep is an added caveat for this row.",7e7836ad3e41985c306efc62d0c2456f69b4aad225a1ed83a2591f68dec84c86
01060006:PHYTCPPI,"Amaranth, Oscar Blanco, grain, raw",PHYTCPPI,350.0,3523,170682,"Amaranth grain, uncooked",sr_legacy_food,approve,category_estimate,Paul S,16/08/2026,"Same as above, raw (no extra prep caveat).",7e7836ad3e41985c306efc62d0c2456f69b4aad225a1ed83a2591f68dec84c86
01060029:PHYTC-,Barley flour,PHYTC-,290.4,2599,169739,Barley flour or meal,sr_legacy_food,approve,category_estimate,Paul S,16/08/2026,Clean match.,7e7836ad3e41985c306efc62d0c2456f69b4aad225a1ed83a2591f68dec84c86
01060030:IP6,Barley flour,IP6,767.12,2599,169739,Barley flour or meal,sr_legacy_food,approve,category_estimate,Paul S,16/08/2026,Clean match.,7e7836ad3e41985c306efc62d0c2456f69b4aad225a1ed83a2591f68dec84c86
01060031:IP5_A_IP6,"Barley flour, white flour, roasted with fenugreek",IP5_A_IP6,553.0,271,2512376,"Flour, barley",foundation_food,approve,category_estimate,Paul S,16/08/2026,"Roasting is a real prep step not captured, but same grain/product type broadly -- category estimate with caveat.",7e7836ad3e41985c306efc62d0c2456f69b4aad225a1ed83a2591f68dec84c86
01060032:IP5_A_IP6,"Barley flour, white flour, roasted, milled",IP5_A_IP6,452.0,271,2512376,"Flour, barley",foundation_food,approve,category_estimate,Paul S,16/08/2026,Same as above.,7e7836ad3e41985c306efc62d0c2456f69b4aad225a1ed83a2591f68dec84c86
01060035:PP-,"Barley, dehulled",PP-,230.0,3130,170283,"Barley, hulled",sr_legacy_food,approve,category_estimate,Paul S,16/08/2026,"""Dehulled"" and ""hulled"" describe the same husk-removed state -- clean match.",7e7836ad3e41985c306efc62d0c2456f69b4aad225a1ed83a2591f68dec84c86
01060036:IP3,"Barley, dried",IP3,1.8119999999999998,3130,170283,"Barley, hulled",sr_legacy_food,approve,category_estimate,Paul S,16/08/2026,"""Dried"" (unspecified milling) vs HULLED -- a common, minimally-processed form, reasonable default.",7e7836ad3e41985c306efc62d0c2456f69b4aad225a1ed83a2591f68dec84c86
01060036:IP4,"Barley, dried",IP4,6.342,3130,170283,"Barley, hulled",sr_legacy_food,approve,category_estimate,Paul S,16/08/2026,"""Dried"" (unspecified milling) vs HULLED -- a common, minimally-processed form, reasonable default.",7e7836ad3e41985c306efc62d0c2456f69b4aad225a1ed83a2591f68dec84c86
01060036:IP5,"Barley, dried",IP5,48.017999999999994,3130,170283,"Barley, hulled",sr_legacy_food,approve,category_estimate,Paul S,16/08/2026,"""Dried"" (unspecified milling) vs HULLED -- a common, minimally-processed form, reasonable default.",7e7836ad3e41985c306efc62d0c2456f69b4aad225a1ed83a2591f68dec84c86
01060036:IP6,"Barley, dried",IP6,175.76399999999998,3130,170283,"Barley, hulled",sr_legacy_food,approve,category_estimate,Paul S,16/08/2026,"""Dried"" (unspecified milling) vs HULLED (husk removed, bran retained) -- hulled barley is a common, minimally-processed form; less concerning than the pearled-barley cases above.",7e7836ad3e41985c306efc62d0c2456f69b4aad225a1ed83a2591f68dec84c86
01060036:IPSUM,"Barley, dried",IPSUM,231.93599999999998,3130,170283,"Barley, hulled",sr_legacy_food,approve,category_estimate,Paul S,16/08/2026,"""Dried"" (unspecified milling) vs HULLED -- a common, minimally-processed form, reasonable default.",7e7836ad3e41985c306efc62d0c2456f69b4aad225a1ed83a2591f68dec84c86
01060039:PP-,"Barley, M955, dehulled",PP-,20.0,3130,170283,"Barley, hulled",sr_legacy_food,approve,category_estimate,Paul S,16/08/2026,"Cultivar-specific, dehulled matches hulled -- clean match.",7e7836ad3e41985c306efc62d0c2456f69b4aad225a1ed83a2591f68dec84c86
01060060:PHYTC-,"Bread, high fiber meal",PHYTC-,235.6,59658,378945,"FIBER ONE FIBER ONE, BREAD",branded_food,approve,category_estimate,Paul S,16/08/2026,Good match.,7e7836ad3e41985c306efc62d0c2456f69b4aad225a1ed83a2591f68dec84c86
01060061:PHYTC-,"Bread, high fiber",PHYTC-,488.0,59658,378945,"FIBER ONE FIBER ONE, BREAD",branded_food,approve,category_estimate,Paul S,16/08/2026,Good match.,7e7836ad3e41985c306efc62d0c2456f69b4aad225a1ed83a2591f68dec84c86
01060064:PHYTC-,"Bread, mixed cereals, golden grain",PHYTC-,330.0,1231011,2472416,"Sturdiwheat Inc. GOLDEN GRAIN WHITE BREAD MIX, GOLDEN GRAIN WHITE",branded_food,approve,category_estimate,Paul S,16/08/2026,"Brand descriptor (""golden grain"") directly matches the source's own ""golden grain"" naming -- good match, bread-mix vs bread is a minor form caveat.",7e7836ad3e41985c306efc62d0c2456f69b4aad225a1ed83a2591f68dec84c86
01060077:PHYTCPPD,"Bread, rye-based",PHYTCPPD,77.0,5409,172684,"Bread, rye",sr_legacy_food,approve,category_estimate,Paul S,16/08/2026,Clean match.,7e7836ad3e41985c306efc62d0c2456f69b4aad225a1ed83a2591f68dec84c86
01060081:IP6,"Bread, rye-based, Schmidt’s",IP6,52.0,829017,1809715,"Schmidt Baking Company BREAD, SEEDED RYE",branded_food,approve,category_estimate,Paul S,16/08/2026,Good brand+grain match.,7e7836ad3e41985c306efc62d0c2456f69b4aad225a1ed83a2591f68dec84c86
01060082:PHYTC-,"Bread, rye-based, swiss rye",PHYTC-,330.6,5409,172684,"Bread, rye",sr_legacy_food,approve,category_estimate,Paul S,16/08/2026,"""Swiss rye"" reads as a rye-bread style/brand -- category correct, reasonable estimate.",7e7836ad3e41985c306efc62d0c2456f69b4aad225a1ed83a2591f68dec84c86
01060100:IP6,"Breakfast cereal, mixed grains, Grape Nuts, Post",IP6,112.0,4442,171647,"Cereals ready-to-eat, POST, GRAPE-NUTS Cereal",sr_legacy_food,approve,category_estimate,Paul S,16/08/2026,Excellent match.,7e7836ad3e41985c306efc62d0c2456f69b4aad225a1ed83a2591f68dec84c86
01060109:PHYTCA,Buckwheat flour,PHYTCA,640.0,3528,170687,"Buckwheat flour, whole-groat",sr_legacy_food,approve,category_estimate,Paul S,16/08/2026,Clean match.,7e7836ad3e41985c306efc62d0c2456f69b4aad225a1ed83a2591f68dec84c86
01060110:PHYTCPPD,"Buckwheat flour, dehusked, dried",PHYTCPPD,1528.3,269,2512374,"Flour, buckwheat",foundation_food,approve,category_estimate,Paul S,16/08/2026,Clean/category match.,7e7836ad3e41985c306efc62d0c2456f69b4aad225a1ed83a2591f68dec84c86
01060111:PHYTCPPD,"Buckwheat flour, wholemeal dried",PHYTCPPD,1810.0,3528,170687,"Buckwheat flour, whole-groat",sr_legacy_food,approve,category_estimate,Paul S,16/08/2026,"""Wholemeal"" and ""whole-groat"" describe comparable milling states -- reasonable match.",7e7836ad3e41985c306efc62d0c2456f69b4aad225a1ed83a2591f68dec84c86
01060112:PHYTCPPD,"Buckwheat, broken whole grain, dried",PHYTCPPD,1818.0,273,2512378,"Buckwheat, whole grain",foundation_food,approve,category_estimate,Paul S,16/08/2026,"""Broken"" physical-form detail not captured, otherwise a good match.",7e7836ad3e41985c306efc62d0c2456f69b4aad225a1ed83a2591f68dec84c86
01060116:IP4,"Buckwheat, Kora, raw",IP4,8.78,3133,170286,Buckwheat,sr_legacy_food,approve,category_estimate,Paul S,16/08/2026,"Cultivar-specific, reasonable generic buckwheat category estimate.",7e7836ad3e41985c306efc62d0c2456f69b4aad225a1ed83a2591f68dec84c86
01060116:IP5,"Buckwheat, Kora, raw",IP5,17.56,3133,170286,Buckwheat,sr_legacy_food,approve,category_estimate,Paul S,16/08/2026,"Cultivar-specific, reasonable generic buckwheat category estimate.",7e7836ad3e41985c306efc62d0c2456f69b4aad225a1ed83a2591f68dec84c86
01060116:IP6,"Buckwheat, Kora, raw",IP6,1518.94,3133,170286,Buckwheat,sr_legacy_food,approve,category_estimate,Paul S,16/08/2026,"Cultivar-specific, reasonable generic buckwheat category estimate.",7e7836ad3e41985c306efc62d0c2456f69b4aad225a1ed83a2591f68dec84c86
01060117:PHYTCPPD,"Buckwheat, whole grain, dried",PHYTCPPD,1696.7,273,2512378,"Buckwheat, whole grain",foundation_food,approve,category_estimate,Paul S,16/08/2026,"Clean match, dried is a minor caveat.",7e7836ad3e41985c306efc62d0c2456f69b4aad225a1ed83a2591f68dec84c86
01060141:PHYTCPPD,Muesli,PHYTCPPD,787.0,63522,384423,"Muesli Fusion, Inc. SUPER MUESLI",branded_food,approve,category_estimate,Paul S,16/08/2026,Good match.,7e7836ad3e41985c306efc62d0c2456f69b4aad225a1ed83a2591f68dec84c86
01060143:IP3,"Muesli, ""Alpen"" containing tropical fruit",IP3,67.2,48363,363974,ALPEN MUESLI CEREAL,branded_food,approve,category_estimate,Paul S,16/08/2026,Same brand match; tropical-fruit content is an addition not fully captured but brand+category correct.,7e7836ad3e41985c306efc62d0c2456f69b4aad225a1ed83a2591f68dec84c86
01060143:IP4,"Muesli, ""Alpen"" containing tropical fruit",IP4,90.0,48363,363974,ALPEN MUESLI CEREAL,branded_food,approve,category_estimate,Paul S,16/08/2026,Same brand match; tropical-fruit content is an addition not fully captured but brand+category correct.,7e7836ad3e41985c306efc62d0c2456f69b4aad225a1ed83a2591f68dec84c86
01060143:IP5,"Muesli, ""Alpen"" containing tropical fruit",IP5,145.0,48363,363974,ALPEN MUESLI CEREAL,branded_food,approve,category_estimate,Paul S,16/08/2026,Same brand match; tropical-fruit content is an addition not fully captured but brand+category correct.,7e7836ad3e41985c306efc62d0c2456f69b4aad225a1ed83a2591f68dec84c86
01060143:IP6,"Muesli, ""Alpen"" containing tropical fruit",IP6,382.8,48363,363974,ALPEN MUESLI CEREAL,branded_food,approve,category_estimate,Paul S,16/08/2026,Same brand match; tropical-fruit content is an addition not fully captured but brand+category correct.,7e7836ad3e41985c306efc62d0c2456f69b4aad225a1ed83a2591f68dec84c86
01060144:IP4,"Muesli, ""El Dorado Hedelmatnen""",IP4,35.0,128239,474366,DORSET CEREALS MUESLI,branded_food,approve,category_estimate,Paul S,16/08/2026,"Generic muesli category match, brand differs but reasonable.",7e7836ad3e41985c306efc62d0c2456f69b4aad225a1ed83a2591f68dec84c86
01060144:IP5,"Muesli, ""El Dorado Hedelmatnen""",IP5,150.8,128239,474366,DORSET CEREALS MUESLI,branded_food,approve,category_estimate,Paul S,16/08/2026,"Generic muesli category match, brand differs but reasonable.",7e7836ad3e41985c306efc62d0c2456f69b4aad225a1ed83a2591f68dec84c86
01060144:IP6,"Muesli, ""El Dorado Hedelmatnen""",IP6,620.4,128239,474366,DORSET CEREALS MUESLI,branded_food,approve,category_estimate,Paul S,16/08/2026,"Generic muesli category match, brand differs but reasonable.",7e7836ad3e41985c306efc62d0c2456f69b4aad225a1ed83a2591f68dec84c86
01060147:IP4,"Muesli, ""Pirkka Hedelmatnen""",IP4,75.0,1300368,2567169,"ALPEN MUESLI, 14 OZ",branded_food,approve,category_estimate,Paul S,16/08/2026,"Generic Swiss muesli category match; brand differs from ""Pirkka Hedelmatnen"" but product type is correct.",7e7836ad3e41985c306efc62d0c2456f69b4aad225a1ed83a2591f68dec84c86
01060147:IP5,"Muesli, ""Pirkka Hedelmatnen""",IP5,121.8,1300368,2567169,"ALPEN MUESLI, 14 OZ",branded_food,approve,category_estimate,Paul S,16/08/2026,"Generic Swiss muesli category match; brand differs from ""Pirkka Hedelmatnen"" but product type is correct.",7e7836ad3e41985c306efc62d0c2456f69b4aad225a1ed83a2591f68dec84c86
01060147:IP6,"Muesli, ""Pirkka Hedelmatnen""",IP6,429.0,1300368,2567169,"ALPEN MUESLI, 14 OZ",branded_food,approve,category_estimate,Paul S,16/08/2026,"Generic Swiss muesli category match; brand differs from ""Pirkka Hedelmatnen"" but product type is correct.",7e7836ad3e41985c306efc62d0c2456f69b4aad225a1ed83a2591f68dec84c86
01060152:IP4,"Muesli, swiss type, ""Alpen""",IP4,100.0,1300368,2567169,"ALPEN MUESLI, 14 OZ",branded_food,approve,category_estimate,Paul S,16/08/2026,Exact brand match (Alpen).,7e7836ad3e41985c306efc62d0c2456f69b4aad225a1ed83a2591f68dec84c86
01060152:IP5,"Muesli, swiss type, ""Alpen""",IP5,174.0,1300368,2567169,"ALPEN MUESLI, 14 OZ",branded_food,approve,category_estimate,Paul S,16/08/2026,Exact brand match (Alpen).,7e7836ad3e41985c306efc62d0c2456f69b4aad225a1ed83a2591f68dec84c86
01060152:IP6,"Muesli, swiss type, ""Alpen""",IP6,415.8,1300368,2567169,"ALPEN MUESLI, 14 OZ",branded_food,approve,category_estimate,Paul S,16/08/2026,Exact brand match (Alpen).,7e7836ad3e41985c306efc62d0c2456f69b4aad225a1ed83a2591f68dec84c86
01060154:IP3,"Muesli, swiss type, ""Alpen"", without sugar",IP3,67.2,226621,617828,ALPEN NO SUGAR ADDED MUESLI CEREAL,branded_food,approve,category_estimate,Paul S,16/08/2026,"Same brand (Alpen), explicitly without sugar matches ""no sugar added"" -- excellent match.",7e7836ad3e41985c306efc62d0c2456f69b4aad225a1ed83a2591f68dec84c86
01060154:IP4,"Muesli, swiss type, ""Alpen"", without sugar",IP4,80.0,226621,617828,ALPEN NO SUGAR ADDED MUESLI CEREAL,branded_food,approve,category_estimate,Paul S,16/08/2026,"Same brand (Alpen), explicitly without sugar matches ""no sugar added"" -- excellent match.",7e7836ad3e41985c306efc62d0c2456f69b4aad225a1ed83a2591f68dec84c86
01060154:IP5,"Muesli, swiss type, ""Alpen"", without sugar",IP5,127.6,226621,617828,ALPEN NO SUGAR ADDED MUESLI CEREAL,branded_food,approve,category_estimate,Paul S,16/08/2026,"Same brand (Alpen), explicitly without sugar matches ""no sugar added"" -- excellent match.",7e7836ad3e41985c306efc62d0c2456f69b4aad225a1ed83a2591f68dec84c86
01060154:IP6,"Muesli, swiss type, ""Alpen"", without sugar",IP6,277.2,226621,617828,ALPEN NO SUGAR ADDED MUESLI CEREAL,branded_food,approve,category_estimate,Paul S,16/08/2026,"Same brand (Alpen), explicitly without sugar matches ""no sugar added"" -- excellent match.",7e7836ad3e41985c306efc62d0c2456f69b4aad225a1ed83a2591f68dec84c86
01060157:IP4,"Muesli, swiss type, ""Jordans Special"", containing wheat bran",IP4,30.0,795838,1763341,Specialty Food Services Ltd. SWISS MUESLI,branded_food,approve,category_estimate,Paul S,16/08/2026,"Generic Swiss muesli category match; brand differs from ""Jordans Special"" but product type is correct.",7e7836ad3e41985c306efc62d0c2456f69b4aad225a1ed83a2591f68dec84c86
01060157:IP5,"Muesli, swiss type, ""Jordans Special"", containing wheat bran",IP5,116.0,795838,1763341,Specialty Food Services Ltd. SWISS MUESLI,branded_food,approve,category_estimate,Paul S,16/08/2026,"Generic Swiss muesli category match; brand differs from ""Jordans Special"" but product type is correct.",7e7836ad3e41985c306efc62d0c2456f69b4aad225a1ed83a2591f68dec84c86
01060157:IP6,"Muesli, swiss type, ""Jordans Special"", containing wheat bran",IP6,574.1999999999999,795838,1763341,Specialty Food Services Ltd. SWISS MUESLI,branded_food,approve,category_estimate,Paul S,16/08/2026,"Generic Swiss muesli category match; brand differs from ""Jordans"" but product type is correct.",7e7836ad3e41985c306efc62d0c2456f69b4aad225a1ed83a2591f68dec84c86
01060166:PHYTCPP,"Noodle, buckwheat-based, dried",PHYTCPP,223.0,49062,364953,ASSI SOBA BUCKWHEAT NOODLE,branded_food,approve,category_estimate,Paul S,16/08/2026,Good match (soba = buckwheat noodle).,7e7836ad3e41985c306efc62d0c2456f69b4aad225a1ed83a2591f68dec84c86
01060176:PHYTCPPD,"Oat bran, raw",PHYTCPPD,2769.0,1746,168872,"Oat bran, raw",sr_legacy_food,approve,category_estimate,Paul S,16/08/2026,Exact match.,7e7836ad3e41985c306efc62d0c2456f69b4aad225a1ed83a2591f68dec84c86
01060177:PHYTCPPD,"Oat bran, raw",PHYTCPPD,2769.0,1746,168872,"Oat bran, raw",sr_legacy_food,approve,category_estimate,Paul S,16/08/2026,Exact match.,7e7836ad3e41985c306efc62d0c2456f69b4aad225a1ed83a2591f68dec84c86
01060189:PHYTCA,Oat flour,PHYTCA,270.0,2601,169741,"Oat flour, partially debranned",sr_legacy_food,approve,category_estimate,Paul S,16/08/2026,"Reasonable default, no better plain-oat-flour candidate evident.",7e7836ad3e41985c306efc62d0c2456f69b4aad225a1ed83a2591f68dec84c86
01060190:PHYTCPPI,"Oat, baking flour",PHYTCPPI,32.148,1274293,2532247,ORGANIC OAT FLOUR,branded_food,approve,category_estimate,Paul S,16/08/2026,Clean match (oat flour).,7e7836ad3e41985c306efc62d0c2456f69b4aad225a1ed83a2591f68dec84c86
01060193:PHYTC-,"Oats, rolled",PHYTC-,947.6,1381400,2672931,"Post Consumer Brands, LLC ROLLED OATS, ROLLED OATS",branded_food,approve,category_estimate,Paul S,16/08/2026,Exact match (rolled oats).,7e7836ad3e41985c306efc62d0c2456f69b4aad225a1ed83a2591f68dec84c86
01060202:IP4,"Porridge formula, oatmeal, commercial, ""Aamunhyva""",IP4,60.0,102709,441319,FOSKA OATMEAL INSTANT PORRIDGE,branded_food,approve,category_estimate,Paul S,16/08/2026,"Oatmeal matches oatmeal -- category correct, brand/fruit-addition detail not captured but reasonable estimate.",7e7836ad3e41985c306efc62d0c2456f69b4aad225a1ed83a2591f68dec84c86
01060202:IP5,"Porridge formula, oatmeal, commercial, ""Aamunhyva""",IP5,214.6,102709,441319,FOSKA OATMEAL INSTANT PORRIDGE,branded_food,approve,category_estimate,Paul S,16/08/2026,"Oatmeal matches oatmeal -- category correct, brand/fruit-addition detail not captured but reasonable estimate.",7e7836ad3e41985c306efc62d0c2456f69b4aad225a1ed83a2591f68dec84c86
01060202:IP6,"Porridge formula, oatmeal, commercial, ""Aamunhyva""",IP6,528.0,102709,441319,FOSKA OATMEAL INSTANT PORRIDGE,branded_food,approve,category_estimate,Paul S,16/08/2026,"Oatmeal matches oatmeal -- category correct, brand/fruit-addition detail not captured but reasonable estimate.",7e7836ad3e41985c306efc62d0c2456f69b4aad225a1ed83a2591f68dec84c86
01060204:IP4,"Porridge formula, oatmeal, commercial, ""Ahaa""",IP4,50.0,102709,441319,FOSKA OATMEAL INSTANT PORRIDGE,branded_food,approve,category_estimate,Paul S,16/08/2026,"Oatmeal matches oatmeal -- category correct, brand/fruit-addition detail not captured but reasonable estimate.",7e7836ad3e41985c306efc62d0c2456f69b4aad225a1ed83a2591f68dec84c86
01060204:IP5,"Porridge formula, oatmeal, commercial, ""Ahaa""",IP5,249.4,102709,441319,FOSKA OATMEAL INSTANT PORRIDGE,branded_food,approve,category_estimate,Paul S,16/08/2026,"Oatmeal matches oatmeal -- category correct, brand/fruit-addition detail not captured but reasonable estimate.",7e7836ad3e41985c306efc62d0c2456f69b4aad225a1ed83a2591f68dec84c86
01060204:IP6,"Porridge formula, oatmeal, commercial, ""Ahaa""",IP6,633.6,102709,441319,FOSKA OATMEAL INSTANT PORRIDGE,branded_food,approve,category_estimate,Paul S,16/08/2026,"Oatmeal matches oatmeal -- category correct, brand/fruit-addition detail not captured but reasonable estimate.",7e7836ad3e41985c306efc62d0c2456f69b4aad225a1ed83a2591f68dec84c86
01060205:IP4,"Porridge formula, oatmeal, commercial, ""Ahaa"" large flakes",IP4,70.0,102709,441319,FOSKA OATMEAL INSTANT PORRIDGE,branded_food,approve,category_estimate,Paul S,16/08/2026,"Oatmeal matches oatmeal -- category correct, brand/fruit-addition detail not captured but reasonable estimate.",7e7836ad3e41985c306efc62d0c2456f69b4aad225a1ed83a2591f68dec84c86
01060205:IP5,"Porridge formula, oatmeal, commercial, ""Ahaa"" large flakes",IP5,232.0,102709,441319,FOSKA OATMEAL INSTANT PORRIDGE,branded_food,approve,category_estimate,Paul S,16/08/2026,"Oatmeal matches oatmeal -- category correct, brand/fruit-addition detail not captured but reasonable estimate.",7e7836ad3e41985c306efc62d0c2456f69b4aad225a1ed83a2591f68dec84c86
01060205:IP6,"Porridge formula, oatmeal, commercial, ""Ahaa"" large flakes",IP6,574.1999999999999,102709,441319,FOSKA OATMEAL INSTANT PORRIDGE,branded_food,approve,category_estimate,Paul S,16/08/2026,"Oatmeal matches oatmeal -- category correct, brand/fruit-addition detail not captured but reasonable estimate.",7e7836ad3e41985c306efc62d0c2456f69b4aad225a1ed83a2591f68dec84c86
01060209:IP4,"Porridge formula, oatmeal, commercial, ""Pirkka""",IP4,50.0,102709,441319,FOSKA OATMEAL INSTANT PORRIDGE,branded_food,approve,category_estimate,Paul S,16/08/2026,"Oatmeal matches oatmeal -- category correct, brand/fruit-addition detail not captured but reasonable estimate.",7e7836ad3e41985c306efc62d0c2456f69b4aad225a1ed83a2591f68dec84c86
01060209:IP5,"Porridge formula, oatmeal, commercial, ""Pirkka""",IP5,203.0,102709,441319,FOSKA OATMEAL INSTANT PORRIDGE,branded_food,approve,category_estimate,Paul S,16/08/2026,"Oatmeal matches oatmeal -- category correct, brand/fruit-addition detail not captured but reasonable estimate.",7e7836ad3e41985c306efc62d0c2456f69b4aad225a1ed83a2591f68dec84c86
01060209:IP6,"Porridge formula, oatmeal, commercial, ""Pirkka""",IP6,468.6,102709,441319,FOSKA OATMEAL INSTANT PORRIDGE,branded_food,approve,category_estimate,Paul S,16/08/2026,"Oatmeal matches oatmeal -- category correct, brand/fruit-addition detail not captured but reasonable estimate.",7e7836ad3e41985c306efc62d0c2456f69b4aad225a1ed83a2591f68dec84c86
01060210:IP4,"Porridge formula, oatmeal, commercial, ""Puurohetki"" instant, containing apple",IP4,120.0,102709,441319,FOSKA OATMEAL INSTANT PORRIDGE,branded_food,approve,category_estimate,Paul S,16/08/2026,"Oatmeal matches oatmeal -- category correct, brand/fruit-addition detail not captured but reasonable estimate.",7e7836ad3e41985c306efc62d0c2456f69b4aad225a1ed83a2591f68dec84c86
01060210:IP5,"Porridge formula, oatmeal, commercial, ""Puurohetki"" instant, containing apple",IP5,174.0,102709,441319,FOSKA OATMEAL INSTANT PORRIDGE,branded_food,approve,category_estimate,Paul S,16/08/2026,"Oatmeal matches oatmeal -- category correct, brand/fruit-addition detail not captured but reasonable estimate.",7e7836ad3e41985c306efc62d0c2456f69b4aad225a1ed83a2591f68dec84c86
01060210:IP6,"Porridge formula, oatmeal, commercial, ""Puurohetki"" instant, containing apple",IP6,376.2,102709,441319,FOSKA OATMEAL INSTANT PORRIDGE,branded_food,approve,category_estimate,Paul S,16/08/2026,"Oatmeal matches oatmeal -- category correct, brand/fruit-addition detail not captured but reasonable estimate.",7e7836ad3e41985c306efc62d0c2456f69b4aad225a1ed83a2591f68dec84c86
01060211:IP4,"Porridge formula, oatmeal, commercial, ""Puurohetki"" instant, containing apple and plum",IP4,30.0,102709,441319,FOSKA OATMEAL INSTANT PORRIDGE,branded_food,approve,category_estimate,Paul S,16/08/2026,"Oatmeal matches oatmeal -- category correct, brand/fruit-addition detail not captured but reasonable estimate.",7e7836ad3e41985c306efc62d0c2456f69b4aad225a1ed83a2591f68dec84c86
01060211:IP5,"Porridge formula, oatmeal, commercial, ""Puurohetki"" instant, containing apple and plum",IP5,168.2,102709,441319,FOSKA OATMEAL INSTANT PORRIDGE,branded_food,approve,category_estimate,Paul S,16/08/2026,"Oatmeal matches oatmeal -- category correct, brand/fruit-addition detail not captured but reasonable estimate.",7e7836ad3e41985c306efc62d0c2456f69b4aad225a1ed83a2591f68dec84c86
01060211:IP6,"Porridge formula, oatmeal, commercial, ""Puurohetki"" instant, containing apple and plum",IP6,415.8,102709,441319,FOSKA OATMEAL INSTANT PORRIDGE,branded_food,approve,category_estimate,Paul S,16/08/2026,"Oatmeal matches oatmeal -- category correct, brand/fruit-addition detail not captured but reasonable estimate.",7e7836ad3e41985c306efc62d0c2456f69b4aad225a1ed83a2591f68dec84c86
01060212:IP5,"Porridge formula, oatmeal, commercial, ""Puurohetki"" instant, containing apricot",IP5,150.8,102709,441319,FOSKA OATMEAL INSTANT PORRIDGE,branded_food,approve,category_estimate,Paul S,16/08/2026,"Oatmeal matches oatmeal -- category correct, brand/fruit-addition detail not captured but reasonable estimate.",7e7836ad3e41985c306efc62d0c2456f69b4aad225a1ed83a2591f68dec84c86
01060212:IP6,"Porridge formula, oatmeal, commercial, ""Puurohetki"" instant, containing apricot",IP6,448.8,102709,441319,FOSKA OATMEAL INSTANT PORRIDGE,branded_food,approve,category_estimate,Paul S,16/08/2026,"Oatmeal matches oatmeal -- category correct, brand/fruit-addition detail not captured but reasonable estimate.",7e7836ad3e41985c306efc62d0c2456f69b4aad225a1ed83a2591f68dec84c86
01060214:IP4,"Porridge formula, oatmeal, domestic",IP4,60.0,102709,441319,FOSKA OATMEAL INSTANT PORRIDGE,branded_food,approve,category_estimate,Paul S,16/08/2026,"Oatmeal matches oatmeal; ""domestic"" vs ""commercial"" source is a minor caveat.",7e7836ad3e41985c306efc62d0c2456f69b4aad225a1ed83a2591f68dec84c86
01060214:IP5,"Porridge formula, oatmeal, domestic",IP5,214.6,102709,441319,FOSKA OATMEAL INSTANT PORRIDGE,branded_food,approve,category_estimate,Paul S,16/08/2026,"Oatmeal matches oatmeal; ""domestic"" vs ""commercial"" source is a minor caveat.",7e7836ad3e41985c306efc62d0c2456f69b4aad225a1ed83a2591f68dec84c86
01060214:IP6,"Porridge formula, oatmeal, domestic",IP6,561.0,102709,441319,FOSKA OATMEAL INSTANT PORRIDGE,branded_food,approve,category_estimate,Paul S,16/08/2026,"Oatmeal matches oatmeal; ""domestic"" vs ""commercial"" source is a minor caveat.",7e7836ad3e41985c306efc62d0c2456f69b4aad225a1ed83a2591f68dec84c86
01060219:PHYTCA,Quinoa flour,PHYTCA,1340.0,176152,542688,NAMASTE RAW GOODS QUINOA FLOUR,branded_food,approve,category_estimate,Paul S,16/08/2026,Clean match.,7e7836ad3e41985c306efc62d0c2456f69b4aad225a1ed83a2591f68dec84c86
01060221:IP6,"Quinoa, boiled",IP6,554.1400000000001,1791,168917,"Quinoa, cooked",sr_legacy_food,approve,category_estimate,Paul S,16/08/2026,Clean match (boiled/cooked equivalent).,7e7836ad3e41985c306efc62d0c2456f69b4aad225a1ed83a2591f68dec84c86
01060226:PHYTC-,"Rye, grain, raw",PHYTC-,161.08820000000003,1758,168884,Rye grain,sr_legacy_food,approve,category_estimate,Paul S,16/08/2026,Clean match.,7e7836ad3e41985c306efc62d0c2456f69b4aad225a1ed83a2591f68dec84c86
01060227:PHYTC-,"Rye, whole-grain flakes",PHYTC-,421.2,382056,1093409,"Eden Foods, Inc. ORGANIC WHOLE GRAIN RYE FLAKES, ORGANIC WHOLE GRAIN",branded_food,approve,category_estimate,Paul S,16/08/2026,Exact match (organic whole grain rye flakes).,7e7836ad3e41985c306efc62d0c2456f69b4aad225a1ed83a2591f68dec84c86
01060228:IP5_A_IP6,"Teff dough, unfermented, raw",IP5_A_IP6,139.0,2607,169747,"Teff, uncooked",sr_legacy_food,approve,category_estimate,Paul S,16/08/2026,"Dough form vs whole/ground grain is a product-form gap, but no better candidate is evident and ""uncooked""/""unfermented"" align -- reasonable category estimate.",7e7836ad3e41985c306efc62d0c2456f69b4aad225a1ed83a2591f68dec84c86
01060229:PHYTCA,Teff flour,PHYTCA,1520.0,336230,937094,The Teff Company IVORY TEFF FLOUR,branded_food,approve,category_estimate,Paul S,16/08/2026,"Ivory (white) teff variety not confirmed by source, but species and product form correct.",7e7836ad3e41985c306efc62d0c2456f69b4aad225a1ed83a2591f68dec84c86
02010001:PHYTCPP,Potato starch,PHYTCPP,0.0,339381,946270,Gracekennedy Foods (USA) LLC POTATO STARCH FLOUR,branded_food,approve,category_estimate,Paul S,16/08/2026,Good match.,7e7836ad3e41985c306efc62d0c2456f69b4aad225a1ed83a2591f68dec84c86
02010002:PHYT-,"Potato, Avalanche, white flesh and skin, raw, peeled",PHYT-,338.0,2882,170028,"Potatoes, white, flesh and skin, raw",sr_legacy_food,approve,category_estimate,Paul S,16/08/2026,"Corrected from an earlier misclassification: the automated word-overlap classifier had a stemming bug (naive trailing-""s"" strip turns ""potatoes""/""gooseberries"" into ""potatoe""/""gooseberrie"", which then fails to match ""potato""/""gooseberry"") that wrongly flagged this as a mismatch. Genus is a genuine match -- caught via manual spot-check, not trusted blindly.",7e7836ad3e41985c306efc62d0c2456f69b4aad225a1ed83a2591f68dec84c86
02010004:PHYT-,"Potato, BP1, white flesh and skin, raw, peeled",PHYT-,235.8,2882,170028,"Potatoes, white, flesh and skin, raw",sr_legacy_food,approve,category_estimate,Paul S,16/08/2026,"Corrected from an earlier misclassification: the automated word-overlap classifier had a stemming bug (naive trailing-""s"" strip turns ""potatoes""/""gooseberries"" into ""potatoe""/""gooseberrie"", which then fails to match ""potato""/""gooseberry"") that wrongly flagged this as a mismatch. Genus is a genuine match -- caught via manual spot-check, not trusted blindly.",7e7836ad3e41985c306efc62d0c2456f69b4aad225a1ed83a2591f68dec84c86
02010005:PHYTCPP,"Potato, brown skin, big, raw",PHYTCPP,55.77,2886,170032,"Potatoes, raw, skin",sr_legacy_food,approve,category_estimate,Paul S,16/08/2026,"Corrected from an earlier misclassification: the automated word-overlap classifier had a stemming bug (naive trailing-""s"" strip turns ""potatoes""/""gooseberries"" into ""potatoe""/""gooseberrie"", which then fails to match ""potato""/""gooseberry"") that wrongly flagged this as a mismatch. Genus is a genuine match -- caught via manual spot-check, not trusted blindly.",7e7836ad3e41985c306efc62d0c2456f69b4aad225a1ed83a2591f68dec84c86
02010006:PHYTCPP,"Potato, brown skin, small, raw",PHYTCPP,62.58,2886,170032,"Potatoes, raw, skin",sr_legacy_food,approve,category_estimate,Paul S,16/08/2026,"Corrected from an earlier misclassification: the automated word-overlap classifier had a stemming bug (naive trailing-""s"" strip turns ""potatoes""/""gooseberries"" into ""potatoe""/""gooseberrie"", which then fails to match ""potato""/""gooseberry"") that wrongly flagged this as a mismatch. Genus is a genuine match -- caught via manual spot-check, not trusted blindly.",7e7836ad3e41985c306efc62d0c2456f69b4aad225a1ed83a2591f68dec84c86
02010007:PHYT-,"Potato, Buffelspoort (BP13), white flesh and skin, raw, peeled",PHYT-,373.3,2882,170028,"Potatoes, white, flesh and skin, raw",sr_legacy_food,approve,category_estimate,Paul S,16/08/2026,"Corrected from an earlier misclassification: the automated word-overlap classifier had a stemming bug (naive trailing-""s"" strip turns ""potatoes""/""gooseberries"" into ""potatoe""/""gooseberrie"", which then fails to match ""potato""/""gooseberry"") that wrongly flagged this as a mismatch. Genus is a genuine match -- caught via manual spot-check, not trusted blindly.",7e7836ad3e41985c306efc62d0c2456f69b4aad225a1ed83a2591f68dec84c86
02010008:IP6,"Potato, chips, LAY'S Classic, McDonalds",IP6,94.0,1271056,2527731,CLASSIC POTATO CHIPS,branded_food,approve,category_estimate,Paul S,16/08/2026,Brand differs (Lay's/McDonald's vs generic) but category correct.,7e7836ad3e41985c306efc62d0c2456f69b4aad225a1ed83a2591f68dec84c86
02010010:PHYT-,"Potato, Darius, white flesh and skin, raw, peeled",PHYT-,254.3,2882,170028,"Potatoes, white, flesh and skin, raw",sr_legacy_food,approve,category_estimate,Paul S,16/08/2026,"Corrected from an earlier misclassification: the automated word-overlap classifier had a stemming bug (naive trailing-""s"" strip turns ""potatoes""/""gooseberries"" into ""potatoe""/""gooseberrie"", which then fails to match ""potato""/""gooseberry"") that wrongly flagged this as a mismatch. Genus is a genuine match -- caught via manual spot-check, not trusted blindly.",7e7836ad3e41985c306efc62d0c2456f69b4aad225a1ed83a2591f68dec84c86
02010012:IP6,"Potato, french fries (McDonald's)",IP6,106.0,3562,170721,"McDONALD'S, french fries",sr_legacy_food,approve,category_estimate,Paul S,16/08/2026,Exact brand match.,7e7836ad3e41985c306efc62d0c2456f69b4aad225a1ed83a2591f68dec84c86
02010016:IP6,"Potato, Kennebec, raw, unpeeled",IP6,35.0,2886,170032,"Potatoes, raw, skin",sr_legacy_food,approve,category_estimate,Paul S,16/08/2026,"""Unpeeled"" matches the candidate's ""with skin"" -- good match, cultivar not preserved.",7e7836ad3e41985c306efc62d0c2456f69b4aad225a1ed83a2591f68dec84c86
02010017:IP6,"Potato, mashed flakes, dehydrated, Hungry Jack®",IP6,205.0,3292,170445,"Potatoes, mashed, dehydrated, flakes without milk, dry form",sr_legacy_food,approve,category_estimate,Paul S,16/08/2026,"Good product match, brand not captured but reasonable.",7e7836ad3e41985c306efc62d0c2456f69b4aad225a1ed83a2591f68dec84c86
02010018:PHYT-,"Potato, Mondial, white flesh and skin, raw, peeled",PHYT-,203.5,2882,170028,"Potatoes, white, flesh and skin, raw",sr_legacy_food,approve,category_estimate,Paul S,16/08/2026,"Corrected from an earlier misclassification: the automated word-overlap classifier had a stemming bug (naive trailing-""s"" strip turns ""potatoes""/""gooseberries"" into ""potatoe""/""gooseberrie"", which then fails to match ""potato""/""gooseberry"") that wrongly flagged this as a mismatch. Genus is a genuine match -- caught via manual spot-check, not trusted blindly.",7e7836ad3e41985c306efc62d0c2456f69b4aad225a1ed83a2591f68dec84c86
02010022:PHYTCPP,"Potato, red skin, raw",PHYTCPP,59.74,2886,170032,"Potatoes, raw, skin",sr_legacy_food,approve,category_estimate,Paul S,16/08/2026,Skin-on matches candidate; specific red-skin variety not captured -- reasonable category estimate.,7e7836ad3e41985c306efc62d0c2456f69b4aad225a1ed83a2591f68dec84c86
02010023:IP6,"Potato, red skin, raw",IP6,51.0,2886,170032,"Potatoes, raw, skin",sr_legacy_food,approve,category_estimate,Paul S,16/08/2026,Skin-on matches candidate; specific red-skin variety not captured -- reasonable category estimate.,7e7836ad3e41985c306efc62d0c2456f69b4aad225a1ed83a2591f68dec84c86
02010025:IP6,"Potato, Russet Burbank, raw, unpeeled",IP6,46.0,201673,578335,BUCKEYE RUSSET POTATOES,branded_food,approve,category_estimate,Paul S,16/08/2026,"Corrected from an earlier misclassification: the automated word-overlap classifier had a stemming bug (naive trailing-""s"" strip turns ""potatoes""/""gooseberries"" into ""potatoe""/""gooseberrie"", which then fails to match ""potato""/""gooseberry"") that wrongly flagged this as a mismatch. Genus is a genuine match -- caught via manual spot-check, not trusted blindly.",7e7836ad3e41985c306efc62d0c2456f69b4aad225a1ed83a2591f68dec84c86
02010027:IP6,"Potato, Russet, raw",IP6,73.0,201247,577682,WHITE RUSSET POTATOES,branded_food,approve,category_estimate,Paul S,16/08/2026,"Corrected from an earlier misclassification: the automated word-overlap classifier had a stemming bug (naive trailing-""s"" strip turns ""potatoes""/""gooseberries"" into ""potatoe""/""gooseberrie"", which then fails to match ""potato""/""gooseberry"") that wrongly flagged this as a mismatch. Genus is a genuine match -- caught via manual spot-check, not trusted blindly.",7e7836ad3e41985c306efc62d0c2456f69b4aad225a1ed83a2591f68dec84c86
02010028:PHYT-,"Potato, Sifra, white flesh and skin, raw, peeled",PHYT-,152.0,2882,170028,"Potatoes, white, flesh and skin, raw",sr_legacy_food,approve,category_estimate,Paul S,16/08/2026,"Corrected from an earlier misclassification: the automated word-overlap classifier had a stemming bug (naive trailing-""s"" strip turns ""potatoes""/""gooseberries"" into ""potatoe""/""gooseberrie"", which then fails to match ""potato""/""gooseberry"") that wrongly flagged this as a mismatch. Genus is a genuine match -- caught via manual spot-check, not trusted blindly.",7e7836ad3e41985c306efc62d0c2456f69b4aad225a1ed83a2591f68dec84c86
02010029:IP6,"Potato, Superior, raw, unpeeled",IP6,44.0,2886,170032,"Potatoes, raw, skin",sr_legacy_food,approve,category_estimate,Paul S,16/08/2026,Same reasoning as the Kennebec row.,7e7836ad3e41985c306efc62d0c2456f69b4aad225a1ed83a2591f68dec84c86
02010030:PHYT-,"Potato, Up-To-Date, white flesh and skin, raw, peeled",PHYT-,50.02,2882,170028,"Potatoes, white, flesh and skin, raw",sr_legacy_food,approve,category_estimate,Paul S,16/08/2026,"Corrected from an earlier misclassification: the automated word-overlap classifier had a stemming bug (naive trailing-""s"" strip turns ""potatoes""/""gooseberries"" into ""potatoe""/""gooseberrie"", which then fails to match ""potato""/""gooseberry"") that wrongly flagged this as a mismatch. Genus is a genuine match -- caught via manual spot-check, not trusted blindly.",7e7836ad3e41985c306efc62d0c2456f69b4aad225a1ed83a2591f68dec84c86
02010031:PHYT-,"Potato, Valor, white flesh and skin, raw, peeled",PHYT-,254.0,2882,170028,"Potatoes, white, flesh and skin, raw",sr_legacy_food,approve,category_estimate,Paul S,16/08/2026,"Corrected from an earlier misclassification: the automated word-overlap classifier had a stemming bug (naive trailing-""s"" strip turns ""potatoes""/""gooseberries"" into ""potatoe""/""gooseberrie"", which then fails to match ""potato""/""gooseberry"") that wrongly flagged this as a mismatch. Genus is a genuine match -- caught via manual spot-check, not trusted blindly.",7e7836ad3e41985c306efc62d0c2456f69b4aad225a1ed83a2591f68dec84c86
02010032:PHYT-,"Potato, Van der Plank, white flesh and skin, raw, peeled",PHYT-,38.7,2882,170028,"Potatoes, white, flesh and skin, raw",sr_legacy_food,approve,category_estimate,Paul S,16/08/2026,"Corrected from an earlier misclassification: the automated word-overlap classifier had a stemming bug (naive trailing-""s"" strip turns ""potatoes""/""gooseberries"" into ""potatoe""/""gooseberrie"", which then fails to match ""potato""/""gooseberry"") that wrongly flagged this as a mismatch. Genus is a genuine match -- caught via manual spot-check, not trusted blindly.",7e7836ad3e41985c306efc62d0c2456f69b4aad225a1ed83a2591f68dec84c86
02010050:IP6,"Sweet potato, raw",IP6,0.36,1367,168482,"Sweet potato, raw, unprepared (Includes foods for USDA's Food Distribution Program)",sr_legacy_food,approve,category_estimate,Paul S,16/08/2026,Essentially exact match.,7e7836ad3e41985c306efc62d0c2456f69b4aad225a1ed83a2591f68dec84c86
02020001:PHYTCPPD,"Cassava flour, Kello, dried",PHYTCPPD,153.973248,272,2512377,"Flour, cassava",foundation_food,approve,category_estimate,Paul S,16/08/2026,Dried is the default flour-making state -- reasonable match.,7e7836ad3e41985c306efc62d0c2456f69b4aad225a1ed83a2591f68dec84c86
02020006:PHYTCPPD,"Cassava flour, Qulle, peeled, dried",PHYTCPPD,492.456041,272,2512377,"Flour, cassava",foundation_food,approve,category_estimate,Paul S,16/08/2026,Peeled and dried is the standard cassava-flour-making process -- reasonable match.,7e7836ad3e41985c306efc62d0c2456f69b4aad225a1ed83a2591f68dec84c86
02020016:PHYTCPPD,"Cassava, Kello 44/72, roots, raw",PHYTCPPD,153.9732,2839,169985,"Cassava, raw",sr_legacy_food,approve,category_estimate,Paul S,16/08/2026,"Cultivar-specific root, matches raw root -- clean match.",7e7836ad3e41985c306efc62d0c2456f69b4aad225a1ed83a2591f68dec84c86
02020017:PP-,"Cassava, raw, peeled",PP-,2.6208,2839,169985,"Cassava, raw",sr_legacy_food,approve,category_estimate,Paul S,16/08/2026,"Peeling is a minor caveat, still raw -- reasonable category estimate.",7e7836ad3e41985c306efc62d0c2456f69b4aad225a1ed83a2591f68dec84c86
02020020:PHYTCPPD,"Cassava, Quelle 104/72, roots, raw",PHYTCPPD,492.456,2839,169985,"Cassava, raw",sr_legacy_food,approve,category_estimate,Paul S,16/08/2026,"Cultivar-specific, raw matches raw -- clean match.",7e7836ad3e41985c306efc62d0c2456f69b4aad225a1ed83a2591f68dec84c86
02020021:IP6,"Cassava, raw",IP6,133.0,2839,169985,"Cassava, raw",sr_legacy_food,approve,category_estimate,Paul S,16/08/2026,Exact match.,7e7836ad3e41985c306efc62d0c2456f69b4aad225a1ed83a2591f68dec84c86
02030015:IP6,"Taro, raw",IP6,169.0,2180,169308,"Taro, raw",sr_legacy_food,approve,category_estimate,Paul S,16/08/2026,Exact match.,7e7836ad3e41985c306efc62d0c2456f69b4aad225a1ed83a2591f68dec84c86
02040001:PHYTCPP,"Taro (eddoe), raw",PHYTCPP,13.57,2180,169308,"Taro, raw",sr_legacy_food,approve,category_estimate,Paul S,16/08/2026,"Eddoe (Colocasia antiquorum) is a taro variety, same genus -- reasonable category estimate.",7e7836ad3e41985c306efc62d0c2456f69b4aad225a1ed83a2591f68dec84c86
02040006:PHYTCPP,"Yam, Elephant, raw",PHYTCPP,16.23,2925,170071,"Yam, raw",sr_legacy_food,approve,category_estimate,Paul S,16/08/2026,"Explicitly labeled ""Yam"" in the source (unlike Cocoyam above) -- reasonable category estimate despite Elephant yam (Amorphophallus) sometimes being classified separately.",7e7836ad3e41985c306efc62d0c2456f69b4aad225a1ed83a2591f68dec84c86
02040008:PHYTCPPI,"Yam, Hingurala, raw",PHYTCPPI,40.365,2925,170071,"Yam, raw",sr_legacy_food,approve,category_estimate,Paul S,16/08/2026,"Cultivar-specific source, reasonable generic yam category estimate.",7e7836ad3e41985c306efc62d0c2456f69b4aad225a1ed83a2591f68dec84c86
02040009:PHYTCPPI,"Yam, Ini ata, raw",PHYTCPPI,36.31500000000001,2925,170071,"Yam, raw",sr_legacy_food,approve,category_estimate,Paul S,16/08/2026,"Cultivar-specific source, reasonable generic yam category estimate.",7e7836ad3e41985c306efc62d0c2456f69b4aad225a1ed83a2591f68dec84c86
02040010:PHYTCPPI,"Yam, Kahata ala, raw",PHYTCPPI,53.36,2925,170071,"Yam, raw",sr_legacy_food,approve,category_estimate,Paul S,16/08/2026,"Cultivar-specific source, reasonable generic yam category estimate.",7e7836ad3e41985c306efc62d0c2456f69b4aad225a1ed83a2591f68dec84c86
02040011:PHYTCPPI,"Yam, Kombuwalli, raw",PHYTCPPI,49.896,2925,170071,"Yam, raw",sr_legacy_food,approve,category_estimate,Paul S,16/08/2026,"Cultivar-specific source, reasonable generic yam category estimate.",7e7836ad3e41985c306efc62d0c2456f69b4aad225a1ed83a2591f68dec84c86
02040012:PHYTCPP,"Yam, ordinary, raw",PHYTCPP,20.99,2925,170071,"Yam, raw",sr_legacy_food,approve,category_estimate,Paul S,16/08/2026,Clean match.,7e7836ad3e41985c306efc62d0c2456f69b4aad225a1ed83a2591f68dec84c86
02040013:PHYTCPPI,"Yam, Raja aIa, raw",PHYTCPPI,39.431,2925,170071,"Yam, raw",sr_legacy_food,approve,category_estimate,Paul S,16/08/2026,"Cultivar-specific source, reasonable generic yam category estimate.",7e7836ad3e41985c306efc62d0c2456f69b4aad225a1ed83a2591f68dec84c86
02040014:PHYTCPPI,"Yam, Rata ala, raw",PHYTCPPI,22.029800000000005,2925,170071,"Yam, raw",sr_legacy_food,approve,category_estimate,Paul S,16/08/2026,"Cultivar-specific source, reasonable generic yam category estimate.",7e7836ad3e41985c306efc62d0c2456f69b4aad225a1ed83a2591f68dec84c86
02040015:IP6,"Yam, raw",IP6,46.0,2925,170071,"Yam, raw",sr_legacy_food,approve,category_estimate,Paul S,16/08/2026,Exact match.,7e7836ad3e41985c306efc62d0c2456f69b4aad225a1ed83a2591f68dec84c86
02040017:PHYTCPPI,"Yam, Thambala, raw",PHYTCPPI,13.185,2925,170071,"Yam, raw",sr_legacy_food,approve,category_estimate,Paul S,16/08/2026,"Cultivar-specific source, reasonable generic yam category estimate.",7e7836ad3e41985c306efc62d0c2456f69b4aad225a1ed83a2591f68dec84c86
02040018:PHYTCPP,"Yam, tuber, raw",PHYTCPP,59.0,2925,170071,"Yam, raw",sr_legacy_food,approve,category_estimate,Paul S,16/08/2026,"Clean match, ""tuber"" specifies the default part.",7e7836ad3e41985c306efc62d0c2456f69b4aad225a1ed83a2591f68dec84c86
02040019:PP-,"Yam, white, raw, peeled",PP-,3.1008,2925,170071,"Yam, raw",sr_legacy_food,approve,category_estimate,Paul S,16/08/2026,"Peeling is a minor caveat, reasonable category estimate.",7e7836ad3e41985c306efc62d0c2456f69b4aad225a1ed83a2591f68dec84c86
02040020:PHYTCPP,"Yam, wild, raw",PHYTCPP,24.71,2925,170071,"Yam, raw",sr_legacy_food,approve,category_estimate,Paul S,16/08/2026,"""Wild"" describes sourcing not necessarily a different species -- reasonable default.",7e7836ad3e41985c306efc62d0c2456f69b4aad225a1ed83a2591f68dec84c86
02050008:PHYTCPP,"Beet root, raw",PHYTCPP,12.68,336,2685576,"Beets, raw",foundation_food,approve,category_estimate,Paul S,16/08/2026,Clean match.,7e7836ad3e41985c306efc62d0c2456f69b4aad225a1ed83a2591f68dec84c86
02050009:IP6,"Beet, red beet, raw",IP6,5.0,336,2685576,"Beets, raw",foundation_food,approve,category_estimate,Paul S,16/08/2026,Clean match.,7e7836ad3e41985c306efc62d0c2456f69b4aad225a1ed83a2591f68dec84c86
02050016:IP6,"Jerusalem artichoke, raw",IP6,46.0,2108,169236,"Jerusalem-artichokes, raw",sr_legacy_food,approve,category_estimate,Paul S,16/08/2026,Exact match.,7e7836ad3e41985c306efc62d0c2456f69b4aad225a1ed83a2591f68dec84c86
02050018:PHYTCPP,"Lotus root, raw",PHYTCPP,7.84,2122,169250,"Lotus root, raw",sr_legacy_food,approve,category_estimate,Paul S,16/08/2026,Exact match.,7e7836ad3e41985c306efc62d0c2456f69b4aad225a1ed83a2591f68dec84c86
02050021:IP6,"Parsnip, raw",IP6,61.0,402,2747659,"Parsnips, raw",foundation_food,approve,category_estimate,Paul S,16/08/2026,Exact match.,7e7836ad3e41985c306efc62d0c2456f69b4aad225a1ed83a2591f68dec84c86
02050029:IP6,"Turnip, raw",IP6,2.16,417,2747674,"Turnips, raw",foundation_food,approve,category_estimate,Paul S,16/08/2026,Exact match.,7e7836ad3e41985c306efc62d0c2456f69b4aad225a1ed83a2591f68dec84c86
02060002:PHYTCPPD,"Plantain, chips, thick fried slices",PHYTCPPD,0.5715089999999999,1270670,2527227,SALTED PLANTAIN CHIPS,branded_food,approve,category_estimate,Paul S,16/08/2026,Good match.,7e7836ad3e41985c306efc62d0c2456f69b4aad225a1ed83a2591f68dec84c86
02060003:PHYTCPPD,"Plantain, chips, thin fried slices",PHYTCPPD,1.1937149999999999,1270670,2527227,SALTED PLANTAIN CHIPS,branded_food,approve,category_estimate,Paul S,16/08/2026,Good match.,7e7836ad3e41985c306efc62d0c2456f69b4aad225a1ed83a2591f68dec84c86
02060006:PHYTCPPD,"Plantain, Ebang, unripe,  boiled",PHYTCPPD,0.09,1101,168216,"Plantains, green, boiled",sr_legacy_food,approve,category_estimate,Paul S,16/08/2026,"Unripe matches green -- reasonable match, cultivar-specific.",7e7836ad3e41985c306efc62d0c2456f69b4aad225a1ed83a2591f68dec84c86
02060009:PHYTCPPD,"Plantain, Essong, unripe,  boiled",PHYTCPPD,0.19526,1101,168216,"Plantains, green, boiled",sr_legacy_food,approve,category_estimate,Paul S,16/08/2026,Same reasonable match.,7e7836ad3e41985c306efc62d0c2456f69b4aad225a1ed83a2591f68dec84c86
02060010:PHYTCPP,"Plantain, green, raw",PHYTCPP,40.44,1100,168215,"Plantains, green, raw",sr_legacy_food,approve,category_estimate,Paul S,16/08/2026,Exact match.,7e7836ad3e41985c306efc62d0c2456f69b4aad225a1ed83a2591f68dec84c86
02060013:PHYTCPP,"Plantain, unripe, boiled",PHYTCPP,1.0,1101,168216,"Plantains, green, boiled",sr_legacy_food,approve,category_estimate,Paul S,16/08/2026,"Clean match, unripe = green.",7e7836ad3e41985c306efc62d0c2456f69b4aad225a1ed83a2591f68dec84c86
02060014:PHYTCPP,"Plantain, unripe, boiled",PHYTCPP,34.0,1101,168216,"Plantains, green, boiled",sr_legacy_food,approve,category_estimate,Paul S,16/08/2026,"Clean match, unripe = green.",7e7836ad3e41985c306efc62d0c2456f69b4aad225a1ed83a2591f68dec84c86
03010002:PHYTC-,"African faba bean, seed, raw",PHYTC-,313.335,7783,175205,"Broadbeans (fava beans), mature seeds, raw",sr_legacy_food,approve,category_estimate,Paul S,16/08/2026,"African faba bean is genuinely Vicia faba grown in Africa -- same species, good match.",7e7836ad3e41985c306efc62d0c2456f69b4aad225a1ed83a2591f68dec84c86
03010045:PHYTCPP,"Bean starch, vermicelli",PHYTCPP,0,184452,554456,LUXURY VERMICELLI,branded_food,approve,category_estimate,Paul S,06/08/2026,"DRAFT -- confirm before sign-off. Bean-starch vermicelli reasonably matched to a generic vermicelli product, though most commercial vermicelli is rice-starch rather than bean-starch -- category estimate with that caveat. ZERO-VALUE ASSESSMENT: Plausible measured-zero -- starch-extraction reasoning again; vermicelli is a refined starch product.",7e7836ad3e41985c306efc62d0c2456f69b4aad225a1ed83a2591f68dec84c86
03010046:PHYTC-,"Bean, black turtle, dried",PHYTC-,465.6,7766,175188,"Beans, black turtle, mature seeds, canned",sr_legacy_food,approve,category_estimate,Paul S,16/08/2026,"Dried vs canned prep differs, but same bean type -- reasonable category estimate.",7e7836ad3e41985c306efc62d0c2456f69b4aad225a1ed83a2591f68dec84c86
03010053:PHYTC-,"Bean, Haricot kidney, raw",PHYTC-,560.7,1360718,2642135,"RED KIDNEY BEANS, RED KIDNEY",branded_food,approve,category_estimate,Paul S,16/08/2026,"Haricot=common bean, kidney type -- direct match.",7e7836ad3e41985c306efc62d0c2456f69b4aad225a1ed83a2591f68dec84c86
03010055:PHYTCPPD,"Bean, pinto and red, cooked, drained",PHYTCPPD,349.6692,303,2644292,"Beans, pinto, canned, sodium added, drained and rinsed",foundation_food,approve,category_estimate,Paul S,16/08/2026,"Pinto+red mix vs pure pinto is a partial composition gap, but reasonable category estimate; drained prep matches.",7e7836ad3e41985c306efc62d0c2456f69b4aad225a1ed83a2591f68dec84c86
03010089:PHYTCPPI,"Bean, White, California small white, boiled",PHYTCPPI,942.792,1354192,2634227,SMALL WHITE BEANS,branded_food,approve,category_estimate,Paul S,16/08/2026,"Good match, boiled vs presumably-dry is a minor caveat.",7e7836ad3e41985c306efc62d0c2456f69b4aad225a1ed83a2591f68dec84c86
03010111:PHYTCPP,"Bengal gram, dal",PHYTCPP,450.0,1277490,2536813,ORGANIC CHANA DAL BENGAL GRAM SPLIT,branded_food,approve,category_estimate,Paul S,16/08/2026,"Excellent match (Bengal gram = chana, dal = split).",7e7836ad3e41985c306efc62d0c2456f69b4aad225a1ed83a2591f68dec84c86
03010112:PHYTCPP,"Bengal gram, dehulled, split",PHYTCPP,859.0,1277490,2536813,ORGANIC CHANA DAL BENGAL GRAM SPLIT,branded_food,approve,category_estimate,Paul S,16/08/2026,Exact match -- chana dal IS split Bengal gram/chickpea.,7e7836ad3e41985c306efc62d0c2456f69b4aad225a1ed83a2591f68dec84c86
03010126:PHYTCPP,"Black gram, split, raw",PHYTCPP,708.0,414002,1152644,T. Jag Crew Records BLACK GRAM SPLIT (URAD CHILKA),branded_food,approve,category_estimate,Paul S,16/08/2026,Exact match -- black gram split IS urad dal chilka.,7e7836ad3e41985c306efc62d0c2456f69b4aad225a1ed83a2591f68dec84c86
03010127:PHYTCPP,"Black gram, whole, raw",PHYTCPP,679.0,420975,1162558,Indian As Apple Pie WHOLE BLACK GRAM,branded_food,approve,category_estimate,Paul S,16/08/2026,Exact match (whole black gram).,7e7836ad3e41985c306efc62d0c2456f69b4aad225a1ed83a2591f68dec84c86
03010134:PHYTCPPI,Chickpea flour,PHYTCPPI,914.782638,6909,174288,Chickpea flour (besan),sr_legacy_food,approve,category_estimate,Paul S,16/08/2026,Clean match.,7e7836ad3e41985c306efc62d0c2456f69b4aad225a1ed83a2591f68dec84c86
03010135:PHYTCPPI,"Chickpea flour, soaked and boiled seed, dried",PHYTCPPI,689.941584,6909,174288,Chickpea flour (besan),sr_legacy_food,approve,category_estimate,Paul S,16/08/2026,"Soaking/boiling/drying treatment not captured by the generic besan-flour candidate, but species and product form otherwise match -- category estimate with that caveat.",7e7836ad3e41985c306efc62d0c2456f69b4aad225a1ed83a2591f68dec84c86
03010145:PHYTCPPI,"Chickpea, Kabuli, Giza 1, decorticated",PHYTCPPI,902.8389999999999,1079775,2203972,House of Spices KABULI CHANA CHICKPEAS,branded_food,approve,category_estimate,Paul S,16/08/2026,Exact type match (Kabuli chana chickpeas); decortication not confirmed.,7e7836ad3e41985c306efc62d0c2456f69b4aad225a1ed83a2591f68dec84c86
03010148:PHYTCPPI,"Chickpea, Kabuli, Giza 2-L, decorticated",PHYTCPPI,726.732,1079775,2203972,House of Spices KABULI CHANA CHICKPEAS,branded_food,approve,category_estimate,Paul S,16/08/2026,Exact type match (Kabuli chana chickpeas); decortication not confirmed.,7e7836ad3e41985c306efc62d0c2456f69b4aad225a1ed83a2591f68dec84c86
03010151:PHYTCPPI,"Chickpea, Kabuli, Giza 2-U, decorticated",PHYTCPPI,579.52,1079775,2203972,House of Spices KABULI CHANA CHICKPEAS,branded_food,approve,category_estimate,Paul S,16/08/2026,Exact type match (Kabuli chana chickpeas); decortication not confirmed.,7e7836ad3e41985c306efc62d0c2456f69b4aad225a1ed83a2591f68dec84c86
03010153:PHYT-,"Chickpea, Kabuli, seed, raw",PHYT-,227.5,1079775,2203972,House of Spices KABULI CHANA CHICKPEAS,branded_food,approve,category_estimate,Paul S,16/08/2026,"Clean match (Kabuli chana chickpeas, seed/raw).",7e7836ad3e41985c306efc62d0c2456f69b4aad225a1ed83a2591f68dec84c86
03010157:PPI,"Chickpea, PBG 1, germinated, raw",PPI,90.56618,69256,393415,PEREG CHICKPEA,branded_food,approve,category_estimate,Paul S,16/08/2026,Reasonable base match; germination specificity not captured but category is correct.,7e7836ad3e41985c306efc62d0c2456f69b4aad225a1ed83a2591f68dec84c86
03010160:PPI,"Chickpea, PBG 1, raw",PPI,228.2616,69256,393415,PEREG CHICKPEA,branded_food,approve,category_estimate,Paul S,16/08/2026,"Cultivar-specific, raw chickpea product -- reasonable match.",7e7836ad3e41985c306efc62d0c2456f69b4aad225a1ed83a2591f68dec84c86
03010162:PHYTCPPD,"Chickpea, raw",PHYTCPPD,412.44,69256,393415,PEREG CHICKPEA,branded_food,approve,category_estimate,Paul S,16/08/2026,Clean match.,7e7836ad3e41985c306efc62d0c2456f69b4aad225a1ed83a2591f68dec84c86
03010163:IP4,"Chickpea, raw",IP4,2.739,69256,393415,PEREG CHICKPEA,branded_food,approve,category_estimate,Paul S,16/08/2026,Clean match.,7e7836ad3e41985c306efc62d0c2456f69b4aad225a1ed83a2591f68dec84c86
03010163:IP5,"Chickpea, raw",IP5,30.129,69256,393415,PEREG CHICKPEA,branded_food,approve,category_estimate,Paul S,16/08/2026,Clean match.,7e7836ad3e41985c306efc62d0c2456f69b4aad225a1ed83a2591f68dec84c86
03010163:IP6,"Chickpea, raw",IP6,235.55399999999997,69256,393415,PEREG CHICKPEA,branded_food,approve,category_estimate,Paul S,16/08/2026,Clean match.,7e7836ad3e41985c306efc62d0c2456f69b4aad225a1ed83a2591f68dec84c86
03010163:IPSUM,"Chickpea, raw",IPSUM,268.422,69256,393415,PEREG CHICKPEA,branded_food,approve,category_estimate,Paul S,16/08/2026,Clean match.,7e7836ad3e41985c306efc62d0c2456f69b4aad225a1ed83a2591f68dec84c86
03010164:PHYTCPPD,"Chickpea, raw",PHYTCPPD,63.7,69256,393415,PEREG CHICKPEA,branded_food,approve,category_estimate,Paul S,16/08/2026,Clean match.,7e7836ad3e41985c306efc62d0c2456f69b4aad225a1ed83a2591f68dec84c86
03010165:PHYTC-,"Chickpea, raw",PHYTC-,469.8,69256,393415,PEREG CHICKPEA,branded_food,approve,category_estimate,Paul S,16/08/2026,Clean match.,7e7836ad3e41985c306efc62d0c2456f69b4aad225a1ed83a2591f68dec84c86
03010166:PHYTCPPD,"Chickpea, raw",PHYTCPPD,744.24,69256,393415,PEREG CHICKPEA,branded_food,approve,category_estimate,Paul S,16/08/2026,Clean match.,7e7836ad3e41985c306efc62d0c2456f69b4aad225a1ed83a2591f68dec84c86
03010217:PHYT-,"Common bean, Inta Rojo, non-uniform red, raw",PHYT-,768.2506000000001,847403,1835923,"Unified Grocers, Inc. RED BEANS",branded_food,approve,category_estimate,Paul S,16/08/2026,"Color and species roughly match; ""non-uniform"" cultivar nuance lost.",7e7836ad3e41985c306efc62d0c2456f69b4aad225a1ed83a2591f68dec84c86
03010218:PHYTCPPD,"Common bean, Kidney, 10kGy irradiated, raw",PHYTCPPD,709.049,1360718,2642135,"RED KIDNEY BEANS, RED KIDNEY",branded_food,approve,category_estimate,Paul S,16/08/2026,Irradiation treatment not captured but species/type match -- standard treatment-collapse caveat.,7e7836ad3e41985c306efc62d0c2456f69b4aad225a1ed83a2591f68dec84c86
03010219:PHYTCPPD,"Common bean, Kidney, 5kGy irradiated, raw",PHYTCPPD,898.011,1360718,2642135,"RED KIDNEY BEANS, RED KIDNEY",branded_food,approve,category_estimate,Paul S,16/08/2026,Irradiation treatment not captured but species/type match -- standard treatment-collapse caveat.,7e7836ad3e41985c306efc62d0c2456f69b4aad225a1ed83a2591f68dec84c86
03010220:PHYTCPPD,"Common bean, Kidney, 7.5kGy irradiated, raw",PHYTCPPD,832.669,1360718,2642135,"RED KIDNEY BEANS, RED KIDNEY",branded_food,approve,category_estimate,Paul S,16/08/2026,Irradiation treatment not captured but species/type match -- standard treatment-collapse caveat.,7e7836ad3e41985c306efc62d0c2456f69b4aad225a1ed83a2591f68dec84c86
03010221:IP6,"Common bean, Kidney, canned, Super Giant, drained",IP6,289.0,6906,174285,"Beans, kidney, red, mature seeds, canned, drained solids",sr_legacy_food,approve,category_estimate,Paul S,16/08/2026,Excellent match.,7e7836ad3e41985c306efc62d0c2456f69b4aad225a1ed83a2591f68dec84c86
03010222:PHYTCPPD,"Common bean, Kidney, fresh, raw",PHYTCPPD,557.0,42614,356571,"FRESH & EASY FRESH & EASY, LIGHT RED KIDNEY BEANS",branded_food,approve,category_estimate,Paul S,16/08/2026,"Fresh/raw vs a presumably processed/canned branded product is a prep caveat, but variety+brand otherwise match well -- category estimate.",7e7836ad3e41985c306efc62d0c2456f69b4aad225a1ed83a2591f68dec84c86
03010223:PHYT-,"Common bean, Kidney, raw",PHYT-,2070.0,1360718,2642135,"RED KIDNEY BEANS, RED KIDNEY",branded_food,approve,category_estimate,Paul S,16/08/2026,Clean match.,7e7836ad3e41985c306efc62d0c2456f69b4aad225a1ed83a2591f68dec84c86
03010224:PHYTCPPD,"Common bean, Kidney, raw",PHYTCPPD,970.4169999999999,1360718,2642135,"RED KIDNEY BEANS, RED KIDNEY",branded_food,approve,category_estimate,Paul S,16/08/2026,Clean match.,7e7836ad3e41985c306efc62d0c2456f69b4aad225a1ed83a2591f68dec84c86
03010225:PHYTCPPI,"Common bean, Kidney, red, raw",PHYTCPPI,994.4,1360718,2642135,"RED KIDNEY BEANS, RED KIDNEY",branded_food,approve,category_estimate,Paul S,16/08/2026,Explicitly red kidney -- clean match.,7e7836ad3e41985c306efc62d0c2456f69b4aad225a1ed83a2591f68dec84c86
03010226:IP5_A_IP6,"Common bean, Kidney, red, whole, sun-dried",IP5_A_IP6,716.0,190555,562739,SUN VISTA RED KIDNEY BEANS,branded_food,approve,category_estimate,Paul S,16/08/2026,Good match.,7e7836ad3e41985c306efc62d0c2456f69b4aad225a1ed83a2591f68dec84c86
03010227:IP5_A_IP6,"Common bean, Kidney, red, whole, boiled",IP5_A_IP6,219.0,1352264,2631606,RED KIDNEY BEANS,branded_food,approve,category_estimate,Paul S,16/08/2026,Good match.,7e7836ad3e41985c306efc62d0c2456f69b4aad225a1ed83a2591f68dec84c86
03010237:IP3,"Common bean, Pink-mottled cream, seed, raw",IP3,16.0,6403,173748,"Beans, pink, mature seeds, raw",sr_legacy_food,approve,category_estimate,Paul S,16/08/2026,"Same species (Phaseolus vulgaris) as the named candidate -- cultivar specificity not preserved, standard category-estimate caveat.",7e7836ad3e41985c306efc62d0c2456f69b4aad225a1ed83a2591f68dec84c86
03010237:IP4,"Common bean, Pink-mottled cream, seed, raw",IP4,23.0,6403,173748,"Beans, pink, mature seeds, raw",sr_legacy_food,approve,category_estimate,Paul S,16/08/2026,"Same species (Phaseolus vulgaris) as the named candidate -- cultivar specificity not preserved, standard category-estimate caveat.",7e7836ad3e41985c306efc62d0c2456f69b4aad225a1ed83a2591f68dec84c86
03010237:IP5,"Common bean, Pink-mottled cream, seed, raw",IP5,80.0,6403,173748,"Beans, pink, mature seeds, raw",sr_legacy_food,approve,category_estimate,Paul S,16/08/2026,"Same species (Phaseolus vulgaris) as the named candidate -- cultivar specificity not preserved, standard category-estimate caveat.",7e7836ad3e41985c306efc62d0c2456f69b4aad225a1ed83a2591f68dec84c86
03010237:IP6,"Common bean, Pink-mottled cream, seed, raw",IP6,1212.0,6403,173748,"Beans, pink, mature seeds, raw",sr_legacy_food,approve,category_estimate,Paul S,16/08/2026,"Same species (Phaseolus vulgaris) as the named candidate -- cultivar specificity not preserved, standard category-estimate caveat.",7e7836ad3e41985c306efc62d0c2456f69b4aad225a1ed83a2591f68dec84c86
03010241:PHYTCPP,"Common bean, Pinto, raw",PHYTCPP,460.272,190993,563369,C&F PINTO BEANS,branded_food,approve,category_estimate,Paul S,16/08/2026,Good match.,7e7836ad3e41985c306efc62d0c2456f69b4aad225a1ed83a2591f68dec84c86
03010260:PHYTCPPD,"Common bean, var. Dore de Kirundo, seed, raw",PHYTCPPD,1174.3824,6399,173744,"Beans, kidney, red, mature seeds, raw",sr_legacy_food,approve,category_estimate,Paul S,16/08/2026,"Same species (Phaseolus vulgaris) as the named kidney-bean candidate, cultivar not preserved -- category estimate with that caveat.",7e7836ad3e41985c306efc62d0c2456f69b4aad225a1ed83a2591f68dec84c86
03010261:PHYTCPPD,"Common bean, var. Dore de Kirundo, seed, raw",PHYTCPPD,1587.7376,6399,173744,"Beans, kidney, red, mature seeds, raw",sr_legacy_food,approve,category_estimate,Paul S,16/08/2026,Same as above.,7e7836ad3e41985c306efc62d0c2456f69b4aad225a1ed83a2591f68dec84c86
03010262:IP3,"Common bean, White, seed, raw",IP3,18.0,7780,175202,"Beans, white, mature seeds, raw",sr_legacy_food,approve,category_estimate,Paul S,16/08/2026,"Same species (Phaseolus vulgaris), white variety -- direct match.",7e7836ad3e41985c306efc62d0c2456f69b4aad225a1ed83a2591f68dec84c86
03010262:IP4,"Common bean, White, seed, raw",IP4,41.0,7780,175202,"Beans, white, mature seeds, raw",sr_legacy_food,approve,category_estimate,Paul S,16/08/2026,"Same species (Phaseolus vulgaris), white variety -- direct match.",7e7836ad3e41985c306efc62d0c2456f69b4aad225a1ed83a2591f68dec84c86
03010262:IP5,"Common bean, White, seed, raw",IP5,218.0,7780,175202,"Beans, white, mature seeds, raw",sr_legacy_food,approve,category_estimate,Paul S,16/08/2026,"Same species (Phaseolus vulgaris), white variety -- direct match.",7e7836ad3e41985c306efc62d0c2456f69b4aad225a1ed83a2591f68dec84c86
03010262:IP6,"Common bean, White, seed, raw",IP6,927.0,7780,175202,"Beans, white, mature seeds, raw",sr_legacy_food,approve,category_estimate,Paul S,16/08/2026,"Same species (Phaseolus vulgaris), white variety -- direct match.",7e7836ad3e41985c306efc62d0c2456f69b4aad225a1ed83a2591f68dec84c86
03010334:PHYTCPP,"Cowpea, Kpeikoun, smooth, maroon, raw",PHYTCPP,656.25,7786,175208,"Cowpeas, catjang, mature seeds, raw",sr_legacy_food,approve,category_estimate,Paul S,16/08/2026,"Catjang is itself a cowpea subspecies (Vigna unguiculata subsp. cylindrica) -- same species broadly, reasonable category estimate.",7e7836ad3e41985c306efc62d0c2456f69b4aad225a1ed83a2591f68dec84c86
03010340:PHYTCPP,"Cowpea, Mahounan, smooth, brown, raw",PHYTCPP,743.75,7786,175208,"Cowpeas, catjang, mature seeds, raw",sr_legacy_food,approve,category_estimate,Paul S,16/08/2026,"Catjang is itself a cowpea subspecies (Vigna unguiculata subsp. cylindrica) -- same species broadly, reasonable category estimate.",7e7836ad3e41985c306efc62d0c2456f69b4aad225a1ed83a2591f68dec84c86
03010343:PHYTCPP,"Cowpea, Nanwi, smooth, pure black, raw",PHYTCPP,595.0,2092,169220,"Cowpeas (blackeyes), immature seeds, raw",sr_legacy_food,approve,category_estimate,Paul S,16/08/2026,"Maturity-stage gap (mature/whole vs immature blackeyes) is real, but same species/genus and no better candidate evident -- category estimate with that caveat.",7e7836ad3e41985c306efc62d0c2456f69b4aad225a1ed83a2591f68dec84c86
03010354:IP6,"Cowpea, seed, black, whole, raw",IP6,669.799,2092,169220,"Cowpeas (blackeyes), immature seeds, raw",sr_legacy_food,approve,category_estimate,Paul S,16/08/2026,Same maturity-stage caveat as above.,7e7836ad3e41985c306efc62d0c2456f69b4aad225a1ed83a2591f68dec84c86
03010356:PHYTCPP,"Cowpea, Sewekoun, smooth, maroon, raw",PHYTCPP,875.0,7786,175208,"Cowpeas, catjang, mature seeds, raw",sr_legacy_food,approve,category_estimate,Paul S,16/08/2026,"Catjang is itself a cowpea subspecies (Vigna unguiculata subsp. cylindrica) -- same species broadly, reasonable category estimate.",7e7836ad3e41985c306efc62d0c2456f69b4aad225a1ed83a2591f68dec84c86
03010357:PHYTCPP,"Cowpea, Sokan, smooth, maroon, raw",PHYTCPP,586.25,7786,175208,"Cowpeas, catjang, mature seeds, raw",sr_legacy_food,approve,category_estimate,Paul S,16/08/2026,"""Catjang"" is itself a cowpea subspecies (Vigna unguiculata subsp. cylindrica) -- same species broadly, reasonable category estimate.",7e7836ad3e41985c306efc62d0c2456f69b4aad225a1ed83a2591f68dec84c86
03010359:PHYTCPP,"Cowpea, Teivigboto, smooth, maroon, raw",PHYTCPP,892.4999999999999,7786,175208,"Cowpeas, catjang, mature seeds, raw",sr_legacy_food,approve,category_estimate,Paul S,16/08/2026,"Catjang is itself a cowpea subspecies (Vigna unguiculata subsp. cylindrica) -- same species broadly, reasonable category estimate.",7e7836ad3e41985c306efc62d0c2456f69b4aad225a1ed83a2591f68dec84c86
03010366:PHYTCPPD,Faba bean flour,PHYTCPPD,1462.0,1318965,2591108,Peruvian Import Company TOASTED FABA BEAN FLOUR,branded_food,approve,category_estimate,Paul S,16/08/2026,"Toasting is an added process not captured, but species and product form otherwise match well -- category estimate with that caveat.",7e7836ad3e41985c306efc62d0c2456f69b4aad225a1ed83a2591f68dec84c86
03010367:PHYTCPPI,"Faba bean, 1 irrigation/week, raw",PHYTCPPI,110.58670000000001,1459,168574,"Beans, fava, in pod, raw",sr_legacy_food,approve,category_estimate,Paul S,16/08/2026,"Same species, irrigation-treatment specificity collapsed -- standard category-estimate caveat.",7e7836ad3e41985c306efc62d0c2456f69b4aad225a1ed83a2591f68dec84c86
03010368:PHYTCPPI,"Faba bean, 2 irrigation/week, raw",PHYTCPPI,168.588,1459,168574,"Beans, fava, in pod, raw",sr_legacy_food,approve,category_estimate,Paul S,16/08/2026,Same as above.,7e7836ad3e41985c306efc62d0c2456f69b4aad225a1ed83a2591f68dec84c86
03010373:PHYTCPPI,"Faba bean, Big Qinpi, raw",PHYTCPPI,710.8375,1459,168574,"Beans, fava, in pod, raw",sr_legacy_food,approve,category_estimate,Paul S,16/08/2026,"""Fava"" is faba bean -- same species, reasonable match.",7e7836ad3e41985c306efc62d0c2456f69b4aad225a1ed83a2591f68dec84c86
03010375:IPSUM,"Faba bean, Caspar, raw",IPSUM,833.6859999999999,1459,168574,"Beans, fava, in pod, raw",sr_legacy_food,approve,category_estimate,Paul S,16/08/2026,"Cultivar-specific, reasonable category estimate.",7e7836ad3e41985c306efc62d0c2456f69b4aad225a1ed83a2591f68dec84c86
03010381:IPSUM,"Faba bean, Nadwiślański, raw",IPSUM,893.345,1459,168574,"Beans, fava, in pod, raw",sr_legacy_food,approve,category_estimate,Paul S,16/08/2026,"Cultivar-specific, reasonable category estimate.",7e7836ad3e41985c306efc62d0c2456f69b4aad225a1ed83a2591f68dec84c86
03010405:PHYTCPPI,"Faba bean, Qidou 2, raw",PHYTCPPI,488.64200000000005,1459,168574,"Beans, fava, in pod, raw",sr_legacy_food,approve,category_estimate,Paul S,16/08/2026,"Cultivar-specific, reasonable category estimate.",7e7836ad3e41985c306efc62d0c2456f69b4aad225a1ed83a2591f68dec84c86
03010406:PHYTCPPI,"Faba bean, Qidou 2, raw",PHYTCPPI,730.95,1459,168574,"Beans, fava, in pod, raw",sr_legacy_food,approve,category_estimate,Paul S,16/08/2026,"Cultivar-specific, reasonable category estimate.",7e7836ad3e41985c306efc62d0c2456f69b4aad225a1ed83a2591f68dec84c86
03010439:PHYTCPP,"Field bean, white, raw",PHYTCPP,791.0,254732,698186,SPRING FIELD SMALL WHITE BEANS,branded_food,approve,category_estimate,Paul S,16/08/2026,Reasonable match (field bean/white ~ small white beans).,7e7836ad3e41985c306efc62d0c2456f69b4aad225a1ed83a2591f68dec84c86
03010471:PHYTCPPI,Lentil stew,PHYTCPPI,158.0,189431,561021,GINA CUCINA MOROCCAN RED LENTIL STEW,branded_food,approve,category_estimate,Paul S,16/08/2026,Good match.,7e7836ad3e41985c306efc62d0c2456f69b4aad225a1ed83a2591f68dec84c86
03010471:PPI,Lentil stew,PPI,45.0,189431,561021,GINA CUCINA MOROCCAN RED LENTIL STEW,branded_food,approve,category_estimate,Paul S,16/08/2026,"Good match, duplicate fraction row.",7e7836ad3e41985c306efc62d0c2456f69b4aad225a1ed83a2591f68dec84c86
03010472:PHYTCPPD,"Lentil, raw, 10kGy irradiated",PHYTCPPD,696.9368,5145,172420,"Lentils, raw",sr_legacy_food,approve,category_estimate,Paul S,16/08/2026,"Irradiation treatment not captured by the generic candidate, but species and category are correct -- category estimate with that caveat.",7e7836ad3e41985c306efc62d0c2456f69b4aad225a1ed83a2591f68dec84c86
03010473:PHYTCPPD,"Lentil, raw, 5kGy irradiated",PHYTCPPD,879.9616000000001,5145,172420,"Lentils, raw",sr_legacy_food,approve,category_estimate,Paul S,16/08/2026,Same irradiation-treatment caveat.,7e7836ad3e41985c306efc62d0c2456f69b4aad225a1ed83a2591f68dec84c86
03010474:PHYTCPPD,"Lentil, raw, 7.5kGy irradiated",PHYTCPPD,775.3759999999999,5145,172420,"Lentils, raw",sr_legacy_food,approve,category_estimate,Paul S,16/08/2026,Same irradiation-treatment caveat.,7e7836ad3e41985c306efc62d0c2456f69b4aad225a1ed83a2591f68dec84c86
03010476:PHYTC-,"Lentil, Brown, raw",PHYTC-,711.0,5145,172420,"Lentils, raw",sr_legacy_food,approve,category_estimate,Paul S,16/08/2026,Clean match.,7e7836ad3e41985c306efc62d0c2456f69b4aad225a1ed83a2591f68dec84c86
03010477:PHYTCPPI,"Lentil, Brown, seed, raw",PHYTCPPI,208.10472,5145,172420,"Lentils, raw",sr_legacy_food,approve,category_estimate,Paul S,16/08/2026,Clean match.,7e7836ad3e41985c306efc62d0c2456f69b4aad225a1ed83a2591f68dec84c86
03010478:PHYTCPPI,"Lentil, Brown, seed, sprouted for 3 days, dried",PHYTCPPI,109.25530199999999,252667,692718,BIO-BUD SPROUTED LENTILS,branded_food,approve,category_estimate,Paul S,16/08/2026,"Sprouted matches sprouted -- genuine product match, dried is a minor caveat.",7e7836ad3e41985c306efc62d0c2456f69b4aad225a1ed83a2591f68dec84c86
03010479:PHYTCPPI,"Lentil, Brown, seed, sprouted for 4 days, dried",PHYTCPPI,73.838865,252667,692718,BIO-BUD SPROUTED LENTILS,branded_food,approve,category_estimate,Paul S,16/08/2026,"Sprouted matches sprouted -- genuine product match, dried is a minor caveat.",7e7836ad3e41985c306efc62d0c2456f69b4aad225a1ed83a2591f68dec84c86
03010480:PHYTCPPI,"Lentil, Brown, seed, sprouted for 5 days, dried",PHYTCPPI,61.021086,252667,692718,BIO-BUD SPROUTED LENTILS,branded_food,approve,category_estimate,Paul S,16/08/2026,"Sprouted matches sprouted -- genuine product match, dried is a minor caveat.",7e7836ad3e41985c306efc62d0c2456f69b4aad225a1ed83a2591f68dec84c86
03010481:PHYTCPPI,"Lentil, Brown, seed, sprouted for 6 days, dried",PHYTCPPI,52.021629999999995,252667,692718,BIO-BUD SPROUTED LENTILS,branded_food,approve,category_estimate,Paul S,16/08/2026,"Sprouted matches sprouted -- genuine product match, dried is a minor caveat.",7e7836ad3e41985c306efc62d0c2456f69b4aad225a1ed83a2591f68dec84c86
03010483:PHYTCPP,"Lentil, dal",PHYTCPP,218.0,294,2644283,"Lentils, dry",foundation_food,approve,category_estimate,Paul S,16/08/2026,"""Dal"" (split/dried lentils) reasonably matches dry lentils.",7e7836ad3e41985c306efc62d0c2456f69b4aad225a1ed83a2591f68dec84c86
03010484:IP3,"Lentil, Pardina, seed, raw",IP3,25.0,172384,536728,13 FOODS PARDINA LENTILS,branded_food,approve,category_estimate,Paul S,16/08/2026,Pardina cultivar directly named in both source and candidate -- excellent match.,7e7836ad3e41985c306efc62d0c2456f69b4aad225a1ed83a2591f68dec84c86
03010484:IP4,"Lentil, Pardina, seed, raw",IP4,37.0,172384,536728,13 FOODS PARDINA LENTILS,branded_food,approve,category_estimate,Paul S,16/08/2026,Pardina cultivar directly named in both source and candidate -- excellent match.,7e7836ad3e41985c306efc62d0c2456f69b4aad225a1ed83a2591f68dec84c86
03010484:IP5,"Lentil, Pardina, seed, raw",IP5,106.0,172384,536728,13 FOODS PARDINA LENTILS,branded_food,approve,category_estimate,Paul S,16/08/2026,Pardina cultivar directly named in both source and candidate -- excellent match.,7e7836ad3e41985c306efc62d0c2456f69b4aad225a1ed83a2591f68dec84c86
03010484:IP6,"Lentil, Pardina, seed, raw",IP6,507.0,172384,536728,13 FOODS PARDINA LENTILS,branded_food,approve,category_estimate,Paul S,16/08/2026,Pardina cultivar directly named in both source and candidate -- excellent match.,7e7836ad3e41985c306efc62d0c2456f69b4aad225a1ed83a2591f68dec84c86
03010488:PHYTCPPD,"Lentil, raw",PHYTCPPD,235.8648,5145,172420,"Lentils, raw",sr_legacy_food,approve,category_estimate,Paul S,16/08/2026,"Clean match, color/type variety a minor caveat.",7e7836ad3e41985c306efc62d0c2456f69b4aad225a1ed83a2591f68dec84c86
03010489:PHYTCPPD,"Lentil, raw",PHYTCPPD,1550.4,5145,172420,"Lentils, raw",sr_legacy_food,approve,category_estimate,Paul S,16/08/2026,"Clean match, color/type variety a minor caveat.",7e7836ad3e41985c306efc62d0c2456f69b4aad225a1ed83a2591f68dec84c86
03010490:PHYTCPP,"Lentil, raw",PHYTCPP,133.0,5145,172420,"Lentils, raw",sr_legacy_food,approve,category_estimate,Paul S,16/08/2026,"Clean match, color/type variety a minor caveat.",7e7836ad3e41985c306efc62d0c2456f69b4aad225a1ed83a2591f68dec84c86
03010491:PHYTCPPD,"Lentil, raw",PHYTCPPD,47.32,5145,172420,"Lentils, raw",sr_legacy_food,approve,category_estimate,Paul S,16/08/2026,"Clean match, color/type variety a minor caveat.",7e7836ad3e41985c306efc62d0c2456f69b4aad225a1ed83a2591f68dec84c86
03010492:PHYTCPPI,"Lentil, raw",PHYTCPPI,899.91,5145,172420,"Lentils, raw",sr_legacy_food,approve,category_estimate,Paul S,16/08/2026,"Clean match, color/type variety a minor caveat.",7e7836ad3e41985c306efc62d0c2456f69b4aad225a1ed83a2591f68dec84c86
03010493:PHYTCPPD,"Lentil, raw",PHYTCPPD,1036.84,5145,172420,"Lentils, raw",sr_legacy_food,approve,category_estimate,Paul S,16/08/2026,"Clean match, color/type variety a minor caveat.",7e7836ad3e41985c306efc62d0c2456f69b4aad225a1ed83a2591f68dec84c86
03010494:PHYTCPP,"Lentil, raw",PHYTCPP,3760.239,5145,172420,"Lentils, raw",sr_legacy_food,approve,category_estimate,Paul S,16/08/2026,"Clean match, color/type variety a minor caveat.",7e7836ad3e41985c306efc62d0c2456f69b4aad225a1ed83a2591f68dec84c86
03010498:IP5_A_IP6,"Lentil, whole grain, sun-dried",IP5_A_IP6,561.0,72249,397403,"TRADER JOE'S TRADER JOE'S, SMALL WHOLE GRAIN LENTILS",branded_food,approve,category_estimate,Paul S,16/08/2026,Good match (sun-dried ~ dried).,7e7836ad3e41985c306efc62d0c2456f69b4aad225a1ed83a2591f68dec84c86
03010499:PHYTCPP,"Lentil, whole, brown, raw",PHYTCPP,564.0,5145,172420,"Lentils, raw",sr_legacy_food,approve,category_estimate,Paul S,16/08/2026,"Clean match, color/type variety a minor caveat.",7e7836ad3e41985c306efc62d0c2456f69b4aad225a1ed83a2591f68dec84c86
03010500:PHYTCPP,"Lentil, whole, yellowish, raw",PHYTCPP,585.0,5145,172420,"Lentils, raw",sr_legacy_food,approve,category_estimate,Paul S,16/08/2026,"Clean match, color/type variety a minor caveat.",7e7836ad3e41985c306efc62d0c2456f69b4aad225a1ed83a2591f68dec84c86
03010501:PHYTC-,"Lima bean, autoclaved for 10 min, dried",PHYTC-,7.840980000000001,229082,624364,"Del Monte Foods Inc. DEL MONTE, LIMA BEAN",branded_food,approve,category_estimate,Paul S,16/08/2026,"Autoclaving/drying treatment not captured by the generic candidate, but species and category are correct -- category estimate with that caveat.",7e7836ad3e41985c306efc62d0c2456f69b4aad225a1ed83a2591f68dec84c86
03010501:PP-,"Lima bean, autoclaved for 10 min, dried",PP-,2.3196600000000003,229082,624364,"Del Monte Foods Inc. DEL MONTE, LIMA BEAN",branded_food,approve,category_estimate,Paul S,16/08/2026,"Autoclaving treatment/duration not captured, but species and category correct.",7e7836ad3e41985c306efc62d0c2456f69b4aad225a1ed83a2591f68dec84c86
03010502:PHYTC-,"Lima bean, autoclaved for 15 min, dried",PHYTC-,3.79308,229082,624364,"Del Monte Foods Inc. DEL MONTE, LIMA BEAN",branded_food,approve,category_estimate,Paul S,16/08/2026,"Autoclaving treatment/duration not captured, but species and category correct.",7e7836ad3e41985c306efc62d0c2456f69b4aad225a1ed83a2591f68dec84c86
03010502:PP-,"Lima bean, autoclaved for 15 min, dried",PP-,1.1691,229082,624364,"Del Monte Foods Inc. DEL MONTE, LIMA BEAN",branded_food,approve,category_estimate,Paul S,16/08/2026,"Autoclaving treatment/duration not captured, but species and category correct.",7e7836ad3e41985c306efc62d0c2456f69b4aad225a1ed83a2591f68dec84c86
03010507:PHYTC-,"Lima bean, raw",PHYTC-,17.537,65757,387983,"SPARTAN SPARTAN, LIMA BEANS",branded_food,approve,category_estimate,Paul S,16/08/2026,Good match.,7e7836ad3e41985c306efc62d0c2456f69b4aad225a1ed83a2591f68dec84c86
03010507:PP-,"Lima bean, raw",PP-,4.94728,65757,387983,"SPARTAN SPARTAN, LIMA BEANS",branded_food,approve,category_estimate,Paul S,16/08/2026,"Good match, duplicate fraction row.",7e7836ad3e41985c306efc62d0c2456f69b4aad225a1ed83a2591f68dec84c86
03010508:PHYTC-,"Lima bean, toasted for 10 min",PHYTC-,15.955034999999999,229082,624364,"Del Monte Foods Inc. DEL MONTE, LIMA BEAN",branded_food,approve,category_estimate,Paul S,16/08/2026,"Toasting duration not captured, but species and category correct.",7e7836ad3e41985c306efc62d0c2456f69b4aad225a1ed83a2591f68dec84c86
03010508:PP-,"Lima bean, toasted for 10 min",PP-,4.1699589999999995,229082,624364,"Del Monte Foods Inc. DEL MONTE, LIMA BEAN",branded_food,approve,category_estimate,Paul S,16/08/2026,"Toasting duration not captured, but species and category correct.",7e7836ad3e41985c306efc62d0c2456f69b4aad225a1ed83a2591f68dec84c86
03010509:PHYTC-,"Lima bean, toasted for 15 min",PHYTC-,13.006869,229082,624364,"Del Monte Foods Inc. DEL MONTE, LIMA BEAN",branded_food,approve,category_estimate,Paul S,16/08/2026,"Toasting duration not captured, but species and category correct.",7e7836ad3e41985c306efc62d0c2456f69b4aad225a1ed83a2591f68dec84c86
03010509:PP-,"Lima bean, toasted for 15 min",PP-,3.5153700000000003,229082,624364,"Del Monte Foods Inc. DEL MONTE, LIMA BEAN",branded_food,approve,category_estimate,Paul S,16/08/2026,"Toasting duration not captured, but species and category correct.",7e7836ad3e41985c306efc62d0c2456f69b4aad225a1ed83a2591f68dec84c86
03010510:PHYTC-,"Lima bean, toasted for 20 min",PHYTC-,13.417701,229082,624364,"Del Monte Foods Inc. DEL MONTE, LIMA BEAN",branded_food,approve,category_estimate,Paul S,16/08/2026,"Toasting duration not captured, but species and category correct.",7e7836ad3e41985c306efc62d0c2456f69b4aad225a1ed83a2591f68dec84c86
03010510:PP-,"Lima bean, toasted for 20 min",PP-,3.580037,229082,624364,"Del Monte Foods Inc. DEL MONTE, LIMA BEAN",branded_food,approve,category_estimate,Paul S,16/08/2026,"Toasting treatment not captured, same reasoning as above.",7e7836ad3e41985c306efc62d0c2456f69b4aad225a1ed83a2591f68dec84c86
03010521:PHYTCPPD,Lupin flour,PHYTCPPD,235.2236,1240747,2483666,"The Carrington Tea Company LLC. LUPIN FLOUR MADE FROM LUPIN BEAN, LUPIN FLOUR",branded_food,approve,category_estimate,Paul S,16/08/2026,Good match.,7e7836ad3e41985c306efc62d0c2456f69b4aad225a1ed83a2591f68dec84c86
03010522:PHYTCPPD,Lupin flour,PHYTCPPD,229.95739999999998,1240747,2483666,"The Carrington Tea Company LLC. LUPIN FLOUR MADE FROM LUPIN BEAN, LUPIN FLOUR",branded_food,approve,category_estimate,Paul S,16/08/2026,Exact match (lupin flour made from lupin bean).,7e7836ad3e41985c306efc62d0c2456f69b4aad225a1ed83a2591f68dec84c86
03010531:PHYTCPPI,"Lupin, Bitter, seed, raw",PHYTCPPI,770.8320000000001,5148,172423,"Lupins, mature seeds, raw",sr_legacy_food,approve,category_estimate,Paul S,16/08/2026,"Clean species match, ""bitter"" variety detail not captured.",7e7836ad3e41985c306efc62d0c2456f69b4aad225a1ed83a2591f68dec84c86
03010531:PPI,"Lupin, Bitter, seed, raw",PPI,217.3419,5148,172423,"Lupins, mature seeds, raw",sr_legacy_food,approve,category_estimate,Paul S,16/08/2026,"Clean species match, ""bitter"" variety detail not captured.",7e7836ad3e41985c306efc62d0c2456f69b4aad225a1ed83a2591f68dec84c86
03010555:PHYTCPPD,"Mung bean, Asha, raw",PHYTCPPD,679.184,6877,174256,"Mung beans, mature seeds, raw",sr_legacy_food,approve,category_estimate,Paul S,16/08/2026,"Cultivar-specific source, reasonable generic mung-bean category estimate.",7e7836ad3e41985c306efc62d0c2456f69b4aad225a1ed83a2591f68dec84c86
03010557:PHYTCPPD,"Mung bean, MH 124, raw",PHYTCPPD,720.357,6877,174256,"Mung beans, mature seeds, raw",sr_legacy_food,approve,category_estimate,Paul S,16/08/2026,"Cultivar-specific source, reasonable generic mung-bean category estimate.",7e7836ad3e41985c306efc62d0c2456f69b4aad225a1ed83a2591f68dec84c86
03010558:PHYTCPPD,"Mung bean, MH 125, raw",PHYTCPPD,665.742,6877,174256,"Mung beans, mature seeds, raw",sr_legacy_food,approve,category_estimate,Paul S,16/08/2026,"Cultivar-specific source, reasonable generic mung-bean category estimate.",7e7836ad3e41985c306efc62d0c2456f69b4aad225a1ed83a2591f68dec84c86
03010559:PHYTCPPD,"Mung bean, MH 318, raw",PHYTCPPD,728.7209999999999,6877,174256,"Mung beans, mature seeds, raw",sr_legacy_food,approve,category_estimate,Paul S,16/08/2026,"Cultivar-specific source, reasonable generic mung-bean category estimate.",7e7836ad3e41985c306efc62d0c2456f69b4aad225a1ed83a2591f68dec84c86
03010560:PHYTCPPD,"Mung bean, MH 421, raw",PHYTCPPD,697.68,6877,174256,"Mung beans, mature seeds, raw",sr_legacy_food,approve,category_estimate,Paul S,16/08/2026,"Cultivar-specific source, reasonable generic mung-bean category estimate.",7e7836ad3e41985c306efc62d0c2456f69b4aad225a1ed83a2591f68dec84c86
03010561:PHYTCPPD,"Mung bean, MH 539, raw",PHYTCPPD,716.0459999999999,6877,174256,"Mung beans, mature seeds, raw",sr_legacy_food,approve,category_estimate,Paul S,16/08/2026,"Cultivar-specific source, reasonable generic mung-bean category estimate.",7e7836ad3e41985c306efc62d0c2456f69b4aad225a1ed83a2591f68dec84c86
03010562:PHYTCPPD,"Mung bean, MH 560, raw",PHYTCPPD,741.52,6877,174256,"Mung beans, mature seeds, raw",sr_legacy_food,approve,category_estimate,Paul S,16/08/2026,"Cultivar-specific source, reasonable generic mung-bean category estimate.",7e7836ad3e41985c306efc62d0c2456f69b4aad225a1ed83a2591f68dec84c86
03010563:PHYTCPPD,"Mung bean, MH 564, raw",PHYTCPPD,687.8,6877,174256,"Mung beans, mature seeds, raw",sr_legacy_food,approve,category_estimate,Paul S,16/08/2026,"Cultivar-specific source, reasonable generic mung-bean category estimate.",7e7836ad3e41985c306efc62d0c2456f69b4aad225a1ed83a2591f68dec84c86
03010564:PPI,"Mung bean, ML-613, raw, dehulled",PPI,119.226,6877,174256,"Mung beans, mature seeds, raw",sr_legacy_food,approve,category_estimate,Paul S,16/08/2026,"Dehulled is a minor prep detail, same species -- reasonable match.",7e7836ad3e41985c306efc62d0c2456f69b4aad225a1ed83a2591f68dec84c86
03010566:PPI,"Mung bean, ML-613, water-soaked, germinated",PPI,87.42,182242,551557,Soofer Co. Inc. MUNG BEANS,branded_food,approve,category_estimate,Paul S,16/08/2026,"Soaking/germination treatment not captured, but species and category correct.",7e7836ad3e41985c306efc62d0c2456f69b4aad225a1ed83a2591f68dec84c86
03010570:PPI,"Mung bean, ML-613, whole, raw",PPI,139.3,235500,642406,ROYAL WHOLE GREEN MUNG BEANS,branded_food,approve,category_estimate,Paul S,16/08/2026,Good match.,7e7836ad3e41985c306efc62d0c2456f69b4aad225a1ed83a2591f68dec84c86
03010572:PHYTCPPD,"Mung bean, Muskan, raw",PHYTCPPD,662.802,6877,174256,"Mung beans, mature seeds, raw",sr_legacy_food,approve,category_estimate,Paul S,16/08/2026,"Cultivar-specific source, reasonable generic mung-bean category estimate.",7e7836ad3e41985c306efc62d0c2456f69b4aad225a1ed83a2591f68dec84c86
03010573:PPI,"Mung bean, PAU911, 12h germinated, raw",PPI,48.3882,2811,169957,"Mung beans, mature seeds, sprouted, raw",sr_legacy_food,approve,category_estimate,Paul S,16/08/2026,"Germinated matches sprouted, raw matches raw -- good match.",7e7836ad3e41985c306efc62d0c2456f69b4aad225a1ed83a2591f68dec84c86
03010574:PPI,"Mung bean, PAU911, 16h germinated, raw",PPI,46.8384,2811,169957,"Mung beans, mature seeds, sprouted, raw",sr_legacy_food,approve,category_estimate,Paul S,16/08/2026,"Germinated matches sprouted, raw matches raw -- good match.",7e7836ad3e41985c306efc62d0c2456f69b4aad225a1ed83a2591f68dec84c86
03010575:PPI,"Mung bean, PAU911, 20h germinated, raw",PPI,45.72625,2811,169957,"Mung beans, mature seeds, sprouted, raw",sr_legacy_food,approve,category_estimate,Paul S,16/08/2026,"Germinated matches sprouted, raw matches raw -- good match.",7e7836ad3e41985c306efc62d0c2456f69b4aad225a1ed83a2591f68dec84c86
03010576:PPI,"Mung bean, PAU911, germinated, raw",PPI,46.96904000000001,2811,169957,"Mung beans, mature seeds, sprouted, raw",sr_legacy_food,approve,category_estimate,Paul S,16/08/2026,"Germinated matches sprouted, raw matches raw -- good match.",7e7836ad3e41985c306efc62d0c2456f69b4aad225a1ed83a2591f68dec84c86
03010578:PPI,"Mung bean, PAU911, germinated, pressure-cooked",PPI,42.2451,2010,169138,"Mung beans, mature seeds, sprouted, cooked, stir-fried",sr_legacy_food,approve,category_estimate,Paul S,16/08/2026,"Pressure-cooked vs stir-fried is a cooking-method gap, but same sprouted/germinated concept -- category estimate with caveat.",7e7836ad3e41985c306efc62d0c2456f69b4aad225a1ed83a2591f68dec84c86
03010579:PPI,"Mung bean, PAU911, raw",PPI,128.59519999999998,6877,174256,"Mung beans, mature seeds, raw",sr_legacy_food,approve,category_estimate,Paul S,16/08/2026,"Cultivar-specific source, reasonable generic mung-bean category estimate.",7e7836ad3e41985c306efc62d0c2456f69b4aad225a1ed83a2591f68dec84c86
03010580:PPI,"Mung bean, PAU911, water-soaked",PPI,99.40855000000002,182242,551557,Soofer Co. Inc. MUNG BEANS,branded_food,approve,category_estimate,Paul S,16/08/2026,"Soaking treatment not captured, but species and category correct.",7e7836ad3e41985c306efc62d0c2456f69b4aad225a1ed83a2591f68dec84c86
03010581:PHYT-,"Mung bean, raw",PHYT-,1760.0,6877,174256,"Mung beans, mature seeds, raw",sr_legacy_food,approve,category_estimate,Paul S,16/08/2026,Clean match.,7e7836ad3e41985c306efc62d0c2456f69b4aad225a1ed83a2591f68dec84c86
03010582:PHYTCPPD,"Mung bean, raw",PHYTCPPD,50.96,6877,174256,"Mung beans, mature seeds, raw",sr_legacy_food,approve,category_estimate,Paul S,16/08/2026,Clean match.,7e7836ad3e41985c306efc62d0c2456f69b4aad225a1ed83a2591f68dec84c86
03010583:PHYTCPPD,"Mung bean, Satya, raw",PHYTCPPD,698.445,6877,174256,"Mung beans, mature seeds, raw",sr_legacy_food,approve,category_estimate,Paul S,16/08/2026,"Cultivar-specific, reasonable match.",7e7836ad3e41985c306efc62d0c2456f69b4aad225a1ed83a2591f68dec84c86
03010587:PHYTCPPI,"Mung bean, var. Giza-1, seed, water-soaked, drained, autoclaved",PHYTCPPI,396.2385,2933,170079,"Beans, mung, mature seeds, sprouted, canned, drained solids",sr_legacy_food,approve,category_estimate,Paul S,16/08/2026,Autoclaved vs canned are both heat-processed/sprouted preparations -- reasonable category estimate.,7e7836ad3e41985c306efc62d0c2456f69b4aad225a1ed83a2591f68dec84c86
03010590:PHYTCPPI,"Mung bean, var. Giza-1, seed, whole, raw",PHYTCPPI,523.45,6877,174256,"Mung beans, mature seeds, raw",sr_legacy_food,approve,category_estimate,Paul S,16/08/2026,"Cultivar-specific source, reasonable generic mung-bean category estimate.",7e7836ad3e41985c306efc62d0c2456f69b4aad225a1ed83a2591f68dec84c86
03010626:PHYTCPPD,"Pigeon pea, Brown fiofio, water-dehulled",PHYTCPPD,554.3,207747,586732,JOE'S ISLAND DRY BROWN PIGEON PEAS,branded_food,approve,category_estimate,Paul S,16/08/2026,"Good match (brown, dehulled ~ dry).",7e7836ad3e41985c306efc62d0c2456f69b4aad225a1ed83a2591f68dec84c86
03010629:PHYT-,"Pigeon pea, steamed, dehulled, soaked, dried",PHYT-,768.7305,80453,408435,"Casablanca MADAME GOUGOUSSE, DRIED PIGEON PEAS",branded_food,approve,category_estimate,Paul S,16/08/2026,"Exact species match (dried pigeon peas); ""steamed"" specific processing not confirmed.",7e7836ad3e41985c306efc62d0c2456f69b4aad225a1ed83a2591f68dec84c86
03020001:PHYTCPP,Bean curd,PHYTCPP,987.0,74178,400051,"FU-CHUNG FU-CHUNG, BEAN CURD",branded_food,approve,category_estimate,Paul S,16/08/2026,Exact match (bean curd = tofu).,7e7836ad3e41985c306efc62d0c2456f69b4aad225a1ed83a2591f68dec84c86
03020004:PHYTCPP,"Edamame, shelled, Safeway brand, raw",PHYTCPP,253.0,240361,657146,"Safeway, Inc. EDAMAME SHELLED",branded_food,approve,category_estimate,Paul S,16/08/2026,Exact brand match.,7e7836ad3e41985c306efc62d0c2456f69b4aad225a1ed83a2591f68dec84c86
03020005:PHYTCPP,"Edamame, shelled, Safeway brand, raw",PHYTCPP,243.0,240361,657146,"Safeway, Inc. EDAMAME SHELLED",branded_food,approve,category_estimate,Paul S,16/08/2026,Exact brand match.,7e7836ad3e41985c306efc62d0c2456f69b4aad225a1ed83a2591f68dec84c86
03020012:PHYTCPP,Soybean curd,PHYTCPP,211,1955,169083,"Soybean, curd cheese",sr_legacy_food,replace,category_estimate,Paul S,06/08/2026,,7e7836ad3e41985c306efc62d0c2456f69b4aad225a1ed83a2591f68dec84c86
03020013:PHYTCPP,Soybean curd,PHYTCPP,446,1955,169083,"Soybean, curd cheese",sr_legacy_food,replace,category_estimate,Paul S,06/08/2026,,7e7836ad3e41985c306efc62d0c2456f69b4aad225a1ed83a2591f68dec84c86
03020014:PHYTCPP,"Soybean curd, chicken flavoured",PHYTCPP,736,1955,169083,"Soybean, curd cheese",sr_legacy_food,replace,category_estimate,Paul S,06/08/2026,,7e7836ad3e41985c306efc62d0c2456f69b4aad225a1ed83a2591f68dec84c86
03020016:PHYTCPP,"Soybean curd, Lactonic",PHYTCPP,130,1955,169083,"Soybean, curd cheese",sr_legacy_food,replace,category_estimate,Paul S,06/08/2026,,7e7836ad3e41985c306efc62d0c2456f69b4aad225a1ed83a2591f68dec84c86
03020023:PHYTCPPD,"Soybean flour, defatted",PHYTCPPD,1551.0,6896,174275,"Soy flour, defatted",sr_legacy_food,approve,category_estimate,Paul S,16/08/2026,"""Defatted"" is explicitly stated in the source and matches the candidate -- clean match.",7e7836ad3e41985c306efc62d0c2456f69b4aad225a1ed83a2591f68dec84c86
03020025:PHYT-,"Soybean flour, roasted",PHYT-,248.0,6895,174274,"Soy flour, full-fat, roasted",sr_legacy_food,approve,category_estimate,Paul S,16/08/2026,Excellent match.,7e7836ad3e41985c306efc62d0c2456f69b4aad225a1ed83a2591f68dec84c86
03020027:PHYTCPP,"Soybean protein, textured vegetable, Red Mill brand",PHYTCPP,1879.0,20653,1124109,"Bob's Red Mill Natural Foods, Inc. TEXTURED VEGETABLE PROTEIN",branded_food,approve,category_estimate,Paul S,16/08/2026,Exact brand and product match (textured vegetable protein).,7e7836ad3e41985c306efc62d0c2456f69b4aad225a1ed83a2591f68dec84c86
03020034:PHYTCPPD,"Soybean, Asmara, mature seed (6 weeks), raw",PHYTCPPD,965.7,6891,174270,"Soybeans, mature seeds, raw",sr_legacy_food,approve,category_estimate,Paul S,16/08/2026,Explicitly confirmed mature stage -- matches the candidate.,7e7836ad3e41985c306efc62d0c2456f69b4aad225a1ed83a2591f68dec84c86
03020039:PHYTCPP,"Soybean, curd slab",PHYTCPP,592.0,1955,169083,"Soybean, curd cheese",sr_legacy_food,approve,category_estimate,Paul S,16/08/2026,Both are soybean-curd products in comparable unflavored form -- reasonable category estimate.,7e7836ad3e41985c306efc62d0c2456f69b4aad225a1ed83a2591f68dec84c86
03020041:PHYTCPP,"Soybean, curd slab, soysauce flavoured",PHYTCPP,912.0,152608,510561,HANA FRIED SOYBEAN CURD SEASONED WITH SOY SAUCE,branded_food,approve,category_estimate,Paul S,16/08/2026,"Soy-sauce-flavoured matches the candidate's soy-sauce seasoning reasonably well; ""fried"" not confirmed but this is a much closer match than plain curd.",7e7836ad3e41985c306efc62d0c2456f69b4aad225a1ed83a2591f68dec84c86
03020057:PHYTCPPD,"Soybean, Mooncake, mature seed (6 weeks), raw",PHYTCPPD,704.12,6891,174270,"Soybeans, mature seeds, raw",sr_legacy_food,approve,category_estimate,Paul S,16/08/2026,Explicitly confirmed mature stage -- matches the candidate.,7e7836ad3e41985c306efc62d0c2456f69b4aad225a1ed83a2591f68dec84c86
03020089:PHYTCPP,"Soymilk, dried",PHYTCPP,1878.0,7796,175218,"SILK Plain, soymilk",sr_legacy_food,replace,category_estimate,Paul S,16/08/2026,"Candidate was a flavored variant (Nog/Chai, eggnog/spice-flavored) standing in for a plain scientific soymilk measurement -- replaced with the plain unflavored SILK entry as a better product-type match. Still only a category estimate: this is one of several distinct soybean-cultivar-comparison rows (like review_1's Rice/Sorghum/Amaranth clusters) collapsing onto a single generic branded product, so the cultivar-specific phytate difference is not preserved either way.",7e7836ad3e41985c306efc62d0c2456f69b4aad225a1ed83a2591f68dec84c86
03020093:PHYTCPP,"Soymilk, from CX1834 soybeans",PHYTCPP,60.0,7796,175218,"SILK Plain, soymilk",sr_legacy_food,replace,category_estimate,Paul S,16/08/2026,"Candidate was a flavored variant (Nog/Chai, eggnog/spice-flavored) standing in for a plain scientific soymilk measurement -- replaced with the plain unflavored SILK entry as a better product-type match. Still only a category estimate: this is one of several distinct soybean-cultivar-comparison rows (like review_1's Rice/Sorghum/Amaranth clusters) collapsing onto a single generic branded product, so the cultivar-specific phytate difference is not preserved either way.",7e7836ad3e41985c306efc62d0c2456f69b4aad225a1ed83a2591f68dec84c86
03020098:PHYTCPP,"Soymilk, from NL02 soybeans",PHYTCPP,152.0,7796,175218,"SILK Plain, soymilk",sr_legacy_food,replace,category_estimate,Paul S,16/08/2026,"Candidate was a flavored variant (Nog/Chai, eggnog/spice-flavored) standing in for a plain scientific soymilk measurement -- replaced with the plain unflavored SILK entry as a better product-type match. Still only a category estimate: this is one of several distinct soybean-cultivar-comparison rows (like review_1's Rice/Sorghum/Amaranth clusters) collapsing onto a single generic branded product, so the cultivar-specific phytate difference is not preserved either way.",7e7836ad3e41985c306efc62d0c2456f69b4aad225a1ed83a2591f68dec84c86
03020099:PHYTCPP,"Soymilk, from NL06 soybeans",PHYTCPP,156.0,7796,175218,"SILK Plain, soymilk",sr_legacy_food,replace,category_estimate,Paul S,16/08/2026,"Candidate was a flavored variant (Nog/Chai, eggnog/spice-flavored) standing in for a plain scientific soymilk measurement -- replaced with the plain unflavored SILK entry as a better product-type match. Still only a category estimate: this is one of several distinct soybean-cultivar-comparison rows (like review_1's Rice/Sorghum/Amaranth clusters) collapsing onto a single generic branded product, so the cultivar-specific phytate difference is not preserved either way.",7e7836ad3e41985c306efc62d0c2456f69b4aad225a1ed83a2591f68dec84c86
03020100:PHYTCPP,"Soymilk, from NL08 soybeans",PHYTCPP,178.0,7796,175218,"SILK Plain, soymilk",sr_legacy_food,replace,category_estimate,Paul S,16/08/2026,"Candidate was a flavored variant (Nog/Chai, eggnog/spice-flavored) standing in for a plain scientific soymilk measurement -- replaced with the plain unflavored SILK entry as a better product-type match. Still only a category estimate: this is one of several distinct soybean-cultivar-comparison rows (like review_1's Rice/Sorghum/Amaranth clusters) collapsing onto a single generic branded product, so the cultivar-specific phytate difference is not preserved either way.",7e7836ad3e41985c306efc62d0c2456f69b4aad225a1ed83a2591f68dec84c86
03020101:PHYTCPP,"Soymilk, from NL12 soybeans",PHYTCPP,154.0,7796,175218,"SILK Plain, soymilk",sr_legacy_food,replace,category_estimate,Paul S,16/08/2026,"Candidate was a flavored variant (Nog/Chai, eggnog/spice-flavored) standing in for a plain scientific soymilk measurement -- replaced with the plain unflavored SILK entry as a better product-type match. Still only a category estimate: this is one of several distinct soybean-cultivar-comparison rows (like review_1's Rice/Sorghum/Amaranth clusters) collapsing onto a single generic branded product, so the cultivar-specific phytate difference is not preserved either way.",7e7836ad3e41985c306efc62d0c2456f69b4aad225a1ed83a2591f68dec84c86
03020102:PHYTCPP,"Soymilk, from NL17 soybeans",PHYTCPP,197.0,7796,175218,"SILK Plain, soymilk",sr_legacy_food,replace,category_estimate,Paul S,16/08/2026,"Candidate was a flavored variant (Nog/Chai, eggnog/spice-flavored) standing in for a plain scientific soymilk measurement -- replaced with the plain unflavored SILK entry as a better product-type match. Still only a category estimate: this is one of several distinct soybean-cultivar-comparison rows (like review_1's Rice/Sorghum/Amaranth clusters) collapsing onto a single generic branded product, so the cultivar-specific phytate difference is not preserved either way.",7e7836ad3e41985c306efc62d0c2456f69b4aad225a1ed83a2591f68dec84c86
03020103:PHYTCPP,"Soymilk, from NL18 soybeans",PHYTCPP,163.0,7796,175218,"SILK Plain, soymilk",sr_legacy_food,replace,category_estimate,Paul S,16/08/2026,"Candidate was a flavored variant (Nog/Chai, eggnog/spice-flavored) standing in for a plain scientific soymilk measurement -- replaced with the plain unflavored SILK entry as a better product-type match. Still only a category estimate: this is one of several distinct soybean-cultivar-comparison rows (like review_1's Rice/Sorghum/Amaranth clusters) collapsing onto a single generic branded product, so the cultivar-specific phytate difference is not preserved either way.",7e7836ad3e41985c306efc62d0c2456f69b4aad225a1ed83a2591f68dec84c86
03020104:PHYTCPP,"Soymilk, from NL19 soybeans",PHYTCPP,172.0,7796,175218,"SILK Plain, soymilk",sr_legacy_food,replace,category_estimate,Paul S,16/08/2026,"Candidate was a flavored variant (Nog/Chai, eggnog/spice-flavored) standing in for a plain scientific soymilk measurement -- replaced with the plain unflavored SILK entry as a better product-type match. Still only a category estimate: this is one of several distinct soybean-cultivar-comparison rows (like review_1's Rice/Sorghum/Amaranth clusters) collapsing onto a single generic branded product, so the cultivar-specific phytate difference is not preserved either way.",7e7836ad3e41985c306efc62d0c2456f69b4aad225a1ed83a2591f68dec84c86
03020105:PHYTCPP,"Soymilk, from NL20 soybeans",PHYTCPP,133.0,7796,175218,"SILK Plain, soymilk",sr_legacy_food,replace,category_estimate,Paul S,16/08/2026,"Candidate was a flavored variant (Nog/Chai, eggnog/spice-flavored) standing in for a plain scientific soymilk measurement -- replaced with the plain unflavored SILK entry as a better product-type match. Still only a category estimate: this is one of several distinct soybean-cultivar-comparison rows (like review_1's Rice/Sorghum/Amaranth clusters) collapsing onto a single generic branded product, so the cultivar-specific phytate difference is not preserved either way.",7e7836ad3e41985c306efc62d0c2456f69b4aad225a1ed83a2591f68dec84c86
03020106:PHYTCPP,"Soymilk, from Norpro soybeans",PHYTCPP,182.0,7796,175218,"SILK Plain, soymilk",sr_legacy_food,replace,category_estimate,Paul S,16/08/2026,"Candidate was a flavored variant (Nog/Chai, eggnog/spice-flavored) standing in for a plain scientific soymilk measurement -- replaced with the plain unflavored SILK entry as a better product-type match. Still only a category estimate: this is one of several distinct soybean-cultivar-comparison rows (like review_1's Rice/Sorghum/Amaranth clusters) collapsing onto a single generic branded product, so the cultivar-specific phytate difference is not preserved either way.",7e7836ad3e41985c306efc62d0c2456f69b4aad225a1ed83a2591f68dec84c86
03020107:PHYTCPP,"Soymilk, from Norpro soybeans",PHYTCPP,185.0,7796,175218,"SILK Plain, soymilk",sr_legacy_food,replace,category_estimate,Paul S,16/08/2026,"Candidate was a flavored variant (Nog/Chai, eggnog/spice-flavored) standing in for a plain scientific soymilk measurement -- replaced with the plain unflavored SILK entry as a better product-type match. Still only a category estimate: this is one of several distinct soybean-cultivar-comparison rows (like review_1's Rice/Sorghum/Amaranth clusters) collapsing onto a single generic branded product, so the cultivar-specific phytate difference is not preserved either way.",7e7836ad3e41985c306efc62d0c2456f69b4aad225a1ed83a2591f68dec84c86
03020108:PHYTCPP,"Soymilk, from Norpro soybeans",PHYTCPP,191.0,7796,175218,"SILK Plain, soymilk",sr_legacy_food,replace,category_estimate,Paul S,16/08/2026,"Candidate was a flavored variant (Nog/Chai, eggnog/spice-flavored) standing in for a plain scientific soymilk measurement -- replaced with the plain unflavored SILK entry as a better product-type match. Still only a category estimate: this is one of several distinct soybean-cultivar-comparison rows (like review_1's Rice/Sorghum/Amaranth clusters) collapsing onto a single generic branded product, so the cultivar-specific phytate difference is not preserved either way.",7e7836ad3e41985c306efc62d0c2456f69b4aad225a1ed83a2591f68dec84c86
03020127:PHYTCPPD,"Soymilk, JS9650",PHYTCPPD,38.19000000000002,7796,175218,"SILK Plain, soymilk",sr_legacy_food,replace,category_estimate,Paul S,16/08/2026,"Candidate was a flavored variant (Nog/Chai, eggnog/spice-flavored) standing in for a plain scientific soymilk measurement -- replaced with the plain unflavored SILK entry as a better product-type match. Still only a category estimate: this is one of several distinct soybean-cultivar-comparison rows (like review_1's Rice/Sorghum/Amaranth clusters) collapsing onto a single generic branded product, so the cultivar-specific phytate difference is not preserved either way.",7e7836ad3e41985c306efc62d0c2456f69b4aad225a1ed83a2591f68dec84c86
03020128:PHYTCPPD,"Soymilk, JS9650, from germinated seeds",PHYTCPPD,27.140000000000022,1270734,2527349,ORIGINAL SOYMILK,branded_food,approve,category_estimate,Paul S,16/08/2026,A genuine soymilk product; germination detail not captured.,7e7836ad3e41985c306efc62d0c2456f69b4aad225a1ed83a2591f68dec84c86
03020129:PHYTCPPD,"Soymilk, JS9650, from germinated seeds",PHYTCPPD,27.140000000000022,1270734,2527349,ORIGINAL SOYMILK,branded_food,approve,category_estimate,Paul S,16/08/2026,A genuine soymilk product; germination detail not captured.,7e7836ad3e41985c306efc62d0c2456f69b4aad225a1ed83a2591f68dec84c86
03020130:PHYTCPPD,"Soymilk, JS9650, from germinated seeds",PHYTCPPD,29.070000000000007,1270734,2527349,ORIGINAL SOYMILK,branded_food,approve,category_estimate,Paul S,16/08/2026,A genuine soymilk product; germination detail not captured.,7e7836ad3e41985c306efc62d0c2456f69b4aad225a1ed83a2591f68dec84c86
03020132:PHYTCPP,"Soymilk, powder",PHYTCPP,800.0,7796,175218,"SILK Plain, soymilk",sr_legacy_food,approve,category_estimate,Paul S,16/08/2026,"Already matched to the plain (unflavored) SILK variant, the right call -- only caveat is prep-state (source is powder, candidate is ready-to-drink liquid), no powder-specific FDC entry exists to do better.",7e7836ad3e41985c306efc62d0c2456f69b4aad225a1ed83a2591f68dec84c86
03020134:PHYTCPP,"Soymilk, Proto soybean 0 months stored (84% RH and 30ºC)",PHYTCPP,149.0,143421,494869,"Wal-Mart Stores, Inc. GREAT VALUE, 8G PROTEIN PER CUP SOYMILK",branded_food,approve,category_estimate,Paul S,16/08/2026,"A genuine soymilk product -- reasonable generic-brand stand-in for a cultivar/storage-duration-specific research value; that specificity is not preserved, but product category and form are correct (unlike the tofu/raw-bean soymilk mismatches found elsewhere).",7e7836ad3e41985c306efc62d0c2456f69b4aad225a1ed83a2591f68dec84c86
03020135:PHYTCPP,"Soymilk, Proto soybean 1 month stored (84% RH and 30ºC)",PHYTCPP,142.0,143421,494869,"Wal-Mart Stores, Inc. GREAT VALUE, 8G PROTEIN PER CUP SOYMILK",branded_food,approve,category_estimate,Paul S,16/08/2026,A genuine soymilk product -- reasonable generic-brand stand-in for a cultivar/storage-duration-specific research value.,7e7836ad3e41985c306efc62d0c2456f69b4aad225a1ed83a2591f68dec84c86
03020139:PHYTCPP,"Soymilk, Proto soybean 3 month stored (84% RH and 30ºC)",PHYTCPP,136.0,143421,494869,"Wal-Mart Stores, Inc. GREAT VALUE, 8G PROTEIN PER CUP SOYMILK",branded_food,approve,category_estimate,Paul S,16/08/2026,A genuine soymilk product -- reasonable generic-brand stand-in for a cultivar/storage-duration-specific research value.,7e7836ad3e41985c306efc62d0c2456f69b4aad225a1ed83a2591f68dec84c86
03020141:PHYTCPP,"Soymilk, Proto soybean 4 month stored (84% RH and 30ºC)",PHYTCPP,130.0,143421,494869,"Wal-Mart Stores, Inc. GREAT VALUE, 8G PROTEIN PER CUP SOYMILK",branded_food,approve,category_estimate,Paul S,16/08/2026,A genuine soymilk product -- reasonable generic-brand stand-in for a cultivar/storage-duration-specific research value.,7e7836ad3e41985c306efc62d0c2456f69b4aad225a1ed83a2591f68dec84c86
03020143:PHYTCPP,"Soymilk, Proto soybean 5 month stored (84% RH and 30ºC)",PHYTCPP,126.0,143421,494869,"Wal-Mart Stores, Inc. GREAT VALUE, 8G PROTEIN PER CUP SOYMILK",branded_food,approve,category_estimate,Paul S,16/08/2026,A genuine soymilk product -- reasonable generic-brand stand-in for a cultivar/storage-duration-specific research value.,7e7836ad3e41985c306efc62d0c2456f69b4aad225a1ed83a2591f68dec84c86
03020145:PHYTCPP,"Soymilk, Proto soybean 6 month stored (84% RH and 30ºC)",PHYTCPP,125.0,143421,494869,"Wal-Mart Stores, Inc. GREAT VALUE, 8G PROTEIN PER CUP SOYMILK",branded_food,approve,category_estimate,Paul S,16/08/2026,A genuine soymilk product -- reasonable generic-brand stand-in for a cultivar/storage-duration-specific research value.,7e7836ad3e41985c306efc62d0c2456f69b4aad225a1ed83a2591f68dec84c86
03020146:PHYTCPP,"Soymilk, Proto soybean 7 month stored (84% RH and 30ºC)",PHYTCPP,91.0,143421,494869,"Wal-Mart Stores, Inc. GREAT VALUE, 8G PROTEIN PER CUP SOYMILK",branded_food,approve,category_estimate,Paul S,16/08/2026,Same genuine soymilk-product match as the other Proto-soybean storage row above.,7e7836ad3e41985c306efc62d0c2456f69b4aad225a1ed83a2591f68dec84c86
03020147:PHYTCPP,"Soymilk, Proto soybean 8 month stored (84% RH and 30ºC)",PHYTCPP,83.0,143421,494869,"Wal-Mart Stores, Inc. GREAT VALUE, 8G PROTEIN PER CUP SOYMILK",branded_food,approve,category_estimate,Paul S,16/08/2026,A genuine soymilk product -- reasonable generic-brand stand-in for a cultivar/storage-duration-specific research value.,7e7836ad3e41985c306efc62d0c2456f69b4aad225a1ed83a2591f68dec84c86
03020148:PHYTCPP,"Soymilk, Westsoy brand",PHYTCPP,133.0,1431868,2755981,West Soy Organic Unsweetened Soymilk,branded_food,approve,category_estimate,Paul S,16/08/2026,"Brand explicitly stated in source and correctly identified, right product type.",7e7836ad3e41985c306efc62d0c2456f69b4aad225a1ed83a2591f68dec84c86
03020149:PHYTCPP,"Soynut butter, “low carb”, I. M. Healthy brand",PHYTCPP,764.0,70734,395441,"The Soy Nut Butter Co I.M. HEALTHY, SOYNUT BUTTER",branded_food,approve,category_estimate,Paul S,16/08/2026,"Brand and species match (""low carb"" variant not captured).",7e7836ad3e41985c306efc62d0c2456f69b4aad225a1ed83a2591f68dec84c86
03020150:PHYTCPP,"Soynut butter, “original creamy”, I. M. Healthy brand",PHYTCPP,467.0,62523,382825,"The Soy Nut Butter Co I.M. HEALTHY, CREAMY SOYNUT BUTTER",branded_food,approve,category_estimate,Paul S,16/08/2026,"Exact match (""original creamy"" matches creamy).",7e7836ad3e41985c306efc62d0c2456f69b4aad225a1ed83a2591f68dec84c86
03020153:PHYTCPPD,Soy-textured vegetable protein (TVP),PHYTCPPD,882.7,339255,945690,Green World TEXTURED SOY PROTEIN,branded_food,approve,category_estimate,Paul S,16/08/2026,Clean match (textured soy protein).,7e7836ad3e41985c306efc62d0c2456f69b4aad225a1ed83a2591f68dec84c86
03020154:IP5,Tempeh,IP5,11.544,6893,174272,Tempeh,sr_legacy_food,approve,category_estimate,Paul S,16/08/2026,Exact match.,7e7836ad3e41985c306efc62d0c2456f69b4aad225a1ed83a2591f68dec84c86
03020154:IP5_A_IP6,Tempeh,IP5_A_IP6,73.632,6893,174272,Tempeh,sr_legacy_food,approve,category_estimate,Paul S,16/08/2026,Exact match.,7e7836ad3e41985c306efc62d0c2456f69b4aad225a1ed83a2591f68dec84c86
03020154:IP6,Tempeh,IP6,62.088,6893,174272,Tempeh,sr_legacy_food,approve,category_estimate,Paul S,16/08/2026,Exact match.,7e7836ad3e41985c306efc62d0c2456f69b4aad225a1ed83a2591f68dec84c86
03020155:IP5,Tempeh,IP5,43.885,6893,174272,Tempeh,sr_legacy_food,approve,category_estimate,Paul S,16/08/2026,Exact match.,7e7836ad3e41985c306efc62d0c2456f69b4aad225a1ed83a2591f68dec84c86
03020155:IP5_A_IP6,Tempeh,IP5_A_IP6,122.60999999999999,6893,174272,Tempeh,sr_legacy_food,approve,category_estimate,Paul S,16/08/2026,Exact match.,7e7836ad3e41985c306efc62d0c2456f69b4aad225a1ed83a2591f68dec84c86
03020155:IP6,Tempeh,IP6,78.725,6893,174272,Tempeh,sr_legacy_food,approve,category_estimate,Paul S,16/08/2026,Exact match.,7e7836ad3e41985c306efc62d0c2456f69b4aad225a1ed83a2591f68dec84c86
03020157:PHYTCPP,"Tempeh, Turtle Islan brand",PHYTCPP,431.0,67057,390236,"Turtle Island Foods, Inc. TEMPEH",branded_food,approve,category_estimate,Paul S,16/08/2026,Exact brand match (Turtle Island tempeh).,7e7836ad3e41985c306efc62d0c2456f69b4aad225a1ed83a2591f68dec84c86
03020161:PHYTCPP,"Tofu, extra firm, prepared with MgCl2, Nasoya brand",PHYTCPP,177.0,6911,174290,"Tofu, extra firm, prepared with nigari",sr_legacy_food,approve,category_estimate,Paul S,16/08/2026,"MgCl2 coagulant vs ""nigari"" -- nigari IS traditionally a magnesium-chloride-dominant bittern mixture, so this is a reasonably close match, unlike the CaCl2 case above (a genuinely different, calcium-based coagulant).",7e7836ad3e41985c306efc62d0c2456f69b4aad225a1ed83a2591f68dec84c86
03020163:PHYTCPP,"Tofu, firm, prepared with CaSO4, Hinoichi brand",PHYTCPP,621,5200,172475,"Tofu, raw, firm, prepared with calcium sulfate",sr_legacy_food,replace,category_estimate,Paul S,06/08/2026,,7e7836ad3e41985c306efc62d0c2456f69b4aad225a1ed83a2591f68dec84c86
03020165:IP5,"Tofu, fried",IP5,17.178,5176,172451,"Tofu, fried",sr_legacy_food,approve,category_estimate,Paul S,16/08/2026,Exact match.,7e7836ad3e41985c306efc62d0c2456f69b4aad225a1ed83a2591f68dec84c86
03020165:IP5_A_IP6,"Tofu, fried",IP5_A_IP6,318.202,5176,172451,"Tofu, fried",sr_legacy_food,approve,category_estimate,Paul S,16/08/2026,Exact match.,7e7836ad3e41985c306efc62d0c2456f69b4aad225a1ed83a2591f68dec84c86
03020165:IP6,"Tofu, fried",IP6,301.024,5176,172451,"Tofu, fried",sr_legacy_food,approve,category_estimate,Paul S,16/08/2026,Exact match.,7e7836ad3e41985c306efc62d0c2456f69b4aad225a1ed83a2591f68dec84c86
03020167:PHYTCPP,"Tofu, Japanese traditional, prepared with CaSO4, PacSoy brand",PHYTCPP,462,5200,172475,"Tofu, raw, firm, prepared with calcium sulfate",sr_legacy_food,replace,category_estimate,Paul S,06/08/2026,,7e7836ad3e41985c306efc62d0c2456f69b4aad225a1ed83a2591f68dec84c86
03020168:PHYTCPP,"Tofu, Japanese traditional, prepared with CaSO4, PacSoy brand",PHYTCPP,210,5200,172475,"Tofu, raw, firm, prepared with calcium sulfate",sr_legacy_food,replace,category_estimate,Paul S,06/08/2026,,7e7836ad3e41985c306efc62d0c2456f69b4aad225a1ed83a2591f68dec84c86
03020173:PHYTCPP,"Tofu, Kinugoshi type, soft, prepared with CaSO4, PacSoy brand",PHYTCPP,157,5201,172476,"Tofu, raw, regular, prepared with calcium sulfate",sr_legacy_food,replace,category_estimate,Paul S,06/08/2026,"Kinugoshi (silken) is softer than ""firm""; FDC only offers firm/regular for CaSO4, so ""regular"" is the closer proxy, though imperfect for true silken texture.",7e7836ad3e41985c306efc62d0c2456f69b4aad225a1ed83a2591f68dec84c86
03020174:PHYTCPP,"Tofu, prepared with CaSO4, Pete's brand",PHYTCPP,89,5200,172475,"Tofu, raw, firm, prepared with calcium sulfate",sr_legacy_food,replace,category_estimate,Paul S,06/08/2026,"Correct candidate was the unselected runner-up (0.59); matcher picked ""fried"" (0.62) despite no frying mentioned in source.",7e7836ad3e41985c306efc62d0c2456f69b4aad225a1ed83a2591f68dec84c86
03020175:PHYTCPP,"Tofu, prepared with CaSO4, Pete's brand",PHYTCPP,100,5200,172475,"Tofu, raw, firm, prepared with calcium sulfate",sr_legacy_food,replace,category_estimate,Paul S,06/08/2026,Same as 03020174 - correct candidate was the unselected runner-up.,7e7836ad3e41985c306efc62d0c2456f69b4aad225a1ed83a2591f68dec84c86
03020191:IP5,"Tofu, raw",IP5,5.13,5200,172475,"Tofu, raw, firm, prepared with calcium sulfate",sr_legacy_food,approve,category_estimate,Paul S,06/08/2026,"Unqualified ""Tofu, raw"" - CaSO4-firm is the most common commercial default, a defensible category assumption rather than an asserted-wrong specific coagulant.",7e7836ad3e41985c306efc62d0c2456f69b4aad225a1ed83a2591f68dec84c86
03020191:IP5_A_IP6,"Tofu, raw",IP5_A_IP6,171.513,5200,172475,"Tofu, raw, firm, prepared with calcium sulfate",sr_legacy_food,approve,category_estimate,Paul S,06/08/2026,Same as 03020191:IP5.,7e7836ad3e41985c306efc62d0c2456f69b4aad225a1ed83a2591f68dec84c86
03020191:IP6,"Tofu, raw",IP6,166.383,5200,172475,"Tofu, raw, firm, prepared with calcium sulfate",sr_legacy_food,approve,category_estimate,Paul S,06/08/2026,Same as 03020191:IP5.,7e7836ad3e41985c306efc62d0c2456f69b4aad225a1ed83a2591f68dec84c86
03020192:IP6,"Tofu, Silken Style, Mori-Nu",IP6,124,6913,174292,"MORI-NU, Tofu, silken, soft",sr_legacy_food,approve,category_estimate,Paul S,06/08/2026,"Genuinely tied 0.56 vs 0.56 with silken-firm; ""soft"" is the traditional association with ""silken"" and used as the tiebreak default - flagged, not hidden.",7e7836ad3e41985c306efc62d0c2456f69b4aad225a1ed83a2591f68dec84c86
04010002:PHYTCPP,"African lettuce, leaves, raw",PHYTCPP,0.8712000000000006,241,2346390,"Lettuce, leaf, red, raw",foundation_food,approve,category_estimate,Paul S,16/08/2026,"Distinct species/local green, but ""lettuce"" is a reasonable generic leafy-green category estimate.",7e7836ad3e41985c306efc62d0c2456f69b4aad225a1ed83a2591f68dec84c86
04010037:PHYTCPPI,"Amaranth, leaves, fresh, raw",PHYTCPPI,50.0,1270,168385,"Amaranth leaves, raw",sr_legacy_food,approve,category_estimate,Paul S,16/08/2026,Genuinely leaves-to-leaves; color/freshness variety not distinguished by the generic candidate -- reasonable category estimate.,7e7836ad3e41985c306efc62d0c2456f69b4aad225a1ed83a2591f68dec84c86
04010038:PHYTCPP,"Amaranth, leaves, green, raw",PHYTCPP,5.42,1270,168385,"Amaranth leaves, raw",sr_legacy_food,approve,category_estimate,Paul S,16/08/2026,"Color variety not distinguished by the generic candidate -- genuinely leaves-to-leaves, reasonable category estimate.",7e7836ad3e41985c306efc62d0c2456f69b4aad225a1ed83a2591f68dec84c86
04010039:PHYTCPP,"Amaranth, leaves, green, raw",PHYTCPP,16.0,1270,168385,"Amaranth leaves, raw",sr_legacy_food,approve,category_estimate,Paul S,16/08/2026,Genuinely leaves-to-leaves; color/freshness variety not distinguished by the generic candidate -- reasonable category estimate.,7e7836ad3e41985c306efc62d0c2456f69b4aad225a1ed83a2591f68dec84c86
04010040:PHYTCPP,"Amaranth, leaves, raw",PHYTCPP,4.736999999999997,1270,168385,"Amaranth leaves, raw",sr_legacy_food,approve,category_estimate,Paul S,16/08/2026,Genuinely leaves-to-leaves; color/freshness variety not distinguished by the generic candidate -- reasonable category estimate.,7e7836ad3e41985c306efc62d0c2456f69b4aad225a1ed83a2591f68dec84c86
04010041:PHYTC-,"Amaranth, leaves, raw",PHYTC-,17.7,1270,168385,"Amaranth leaves, raw",sr_legacy_food,approve,category_estimate,Paul S,16/08/2026,Genuinely leaves-to-leaves; color/freshness variety not distinguished by the generic candidate -- reasonable category estimate.,7e7836ad3e41985c306efc62d0c2456f69b4aad225a1ed83a2591f68dec84c86
04010042:PHYTC-,"Amaranth, leaves, raw",PHYTC-,32.2,1270,168385,"Amaranth leaves, raw",sr_legacy_food,approve,category_estimate,Paul S,16/08/2026,Genuinely leaves-to-leaves; color/freshness variety not distinguished by the generic candidate -- reasonable category estimate.,7e7836ad3e41985c306efc62d0c2456f69b4aad225a1ed83a2591f68dec84c86
04010043:PHYTCPP,"Amaranth, leaves, red and green mixed, raw",PHYTCPP,4.89,1270,168385,"Amaranth leaves, raw",sr_legacy_food,approve,category_estimate,Paul S,16/08/2026,Genuinely leaves-to-leaves; color/freshness variety not distinguished by the generic candidate -- reasonable category estimate.,7e7836ad3e41985c306efc62d0c2456f69b4aad225a1ed83a2591f68dec84c86
04010044:PHYTCPP,"Amaranth, leaves, red, raw",PHYTCPP,10.0,1270,168385,"Amaranth leaves, raw",sr_legacy_food,approve,category_estimate,Paul S,16/08/2026,Same as the green-leaves row.,7e7836ad3e41985c306efc62d0c2456f69b4aad225a1ed83a2591f68dec84c86
04010045:PHYTCPP,"Amaranth, leaves, red, raw",PHYTCPP,4.9,1270,168385,"Amaranth leaves, raw",sr_legacy_food,approve,category_estimate,Paul S,16/08/2026,Genuinely leaves-to-leaves; color/freshness variety not distinguished by the generic candidate -- reasonable category estimate.,7e7836ad3e41985c306efc62d0c2456f69b4aad225a1ed83a2591f68dec84c86
04010055:PHYTCPP,"Beet greens, raw",PHYTCPP,19.01,3222,170375,"Beet greens, raw",sr_legacy_food,approve,category_estimate,Paul S,16/08/2026,Exact match.,7e7836ad3e41985c306efc62d0c2456f69b4aad225a1ed83a2591f68dec84c86
04010078:PHYTCPP,"Brussels sprouts, raw",PHYTCPP,18.32,335,2685575,"Brussels sprouts, raw",foundation_food,approve,category_estimate,Paul S,16/08/2026,Exact match.,7e7836ad3e41985c306efc62d0c2456f69b4aad225a1ed83a2591f68dec84c86
04010086:PHYTCPP,"Cabbage, Chinese, raw",PHYTCPP,16.85,3237,170390,"Cabbage, chinese (pak-choi), raw",sr_legacy_food,approve,category_estimate,Paul S,16/08/2026,Good match.,7e7836ad3e41985c306efc62d0c2456f69b4aad225a1ed83a2591f68dec84c86
04010089:PHYTCPP,"Cabbage, green, raw",PHYTCPP,11.77,258,2346407,"Cabbage, green, raw",foundation_food,approve,category_estimate,Paul S,16/08/2026,Exact match.,7e7836ad3e41985c306efc62d0c2456f69b4aad225a1ed83a2591f68dec84c86
04010093:IP6,"Cabbage, raw",IP6,1.01,2829,169975,"Cabbage, raw",sr_legacy_food,approve,category_estimate,Paul S,16/08/2026,Exact match.,7e7836ad3e41985c306efc62d0c2456f69b4aad225a1ed83a2591f68dec84c86
04010094:PHYTCPP,"Cabbage, violet, raw",PHYTCPP,12.81,2829,169975,"Cabbage, raw",sr_legacy_food,approve,category_estimate,Paul S,16/08/2026,Color variety not distinguished by generic candidate -- reasonable category estimate.,7e7836ad3e41985c306efc62d0c2456f69b4aad225a1ed83a2591f68dec84c86
04010108:PHYTCPP,"Cauliflower, raw",PHYTCPP,18.48,2840,169986,"Cauliflower, raw",sr_legacy_food,approve,category_estimate,Paul S,16/08/2026,Exact match.,7e7836ad3e41985c306efc62d0c2456f69b4aad225a1ed83a2591f68dec84c86
04010109:PHYTCPP,"Cauliflower, raw",PHYTCPP,25.66,2840,169986,"Cauliflower, raw",sr_legacy_food,approve,category_estimate,Paul S,16/08/2026,Exact match.,7e7836ad3e41985c306efc62d0c2456f69b4aad225a1ed83a2591f68dec84c86
04010123:IP6,"Collard, raw",IP6,3.97,334,2685574,"Collards, raw",foundation_food,approve,category_estimate,Paul S,16/08/2026,Exact match.,7e7836ad3e41985c306efc62d0c2456f69b4aad225a1ed83a2591f68dec84c86
04010129:PHYTCPP,"Drumstick, leaves, raw",PHYTCPP,128.0,1301,168416,"Drumstick leaves, raw",sr_legacy_food,approve,category_estimate,Paul S,16/08/2026,Exact match.,7e7836ad3e41985c306efc62d0c2456f69b4aad225a1ed83a2591f68dec84c86
04010137:PHYTCPPD,"Elephant-head amaranth, leaves, water-washed, raw",PHYTCPPD,1.9800000000000002,1270,168385,"Amaranth leaves, raw",sr_legacy_food,approve,category_estimate,Paul S,16/08/2026,Species variety within the amaranth genus -- reasonable category estimate.,7e7836ad3e41985c306efc62d0c2456f69b4aad225a1ed83a2591f68dec84c86
04010145:PPD,"Fluted pumpkin, leaves, raw",PPD,4.1,2144,169272,"Pumpkin leaves, raw",sr_legacy_food,approve,category_estimate,Paul S,16/08/2026,"Fluted pumpkin leaves are commonly called ""pumpkin leaves"" -- correct plant part, reasonable category match.",7e7836ad3e41985c306efc62d0c2456f69b4aad225a1ed83a2591f68dec84c86
04010146:PHYTCPPI,"Fluted pumpkin, mature plant, leaves, raw",PHYTCPPI,11.931600000000001,2144,169272,"Pumpkin leaves, raw",sr_legacy_food,approve,category_estimate,Paul S,16/08/2026,"Fluted pumpkin leaves are commonly called ""pumpkin leaves"" in West African cuisine -- correct plant part (leaves-to-leaves), reasonable category match.",7e7836ad3e41985c306efc62d0c2456f69b4aad225a1ed83a2591f68dec84c86
04010147:PHYTCPPI,"Fluted pumpkin, young plant, leaves, raw",PHYTCPPI,5.959679999999999,2144,169272,"Pumpkin leaves, raw",sr_legacy_food,approve,category_estimate,Paul S,16/08/2026,Same reasoning as the other fluted-pumpkin-leaves row.,7e7836ad3e41985c306efc62d0c2456f69b4aad225a1ed83a2591f68dec84c86
04010148:PHYTCPP,"Garden cress, raw",PHYTCPP,16.64,1292,168407,"Cress, garden, raw",sr_legacy_food,approve,category_estimate,Paul S,16/08/2026,Clean match.,7e7836ad3e41985c306efc62d0c2456f69b4aad225a1ed83a2591f68dec84c86
04010161:PHYTCPPI,"Kale, boiled",PHYTCPPI,127.0,2227,169355,"Kale, cooked, boiled, drained, with salt",sr_legacy_food,approve,category_estimate,Paul S,16/08/2026,"""With salt"" added not confirmed in source -- minor caveat, otherwise good match.",7e7836ad3e41985c306efc62d0c2456f69b4aad225a1ed83a2591f68dec84c86
04010161:PPI,"Kale, boiled",PPI,33.63,2227,169355,"Kale, cooked, boiled, drained, with salt",sr_legacy_food,approve,category_estimate,Paul S,16/08/2026,"Same as above, duplicate fraction row.",7e7836ad3e41985c306efc62d0c2456f69b4aad225a1ed83a2591f68dec84c86
04010170:PHYTCPPI,"Lettuce, raw",PHYTCPPI,3.0044099999999996,1316,168431,"Lettuce, red leaf, raw",sr_legacy_food,approve,category_estimate,Paul S,16/08/2026,Color/variety not specified in source -- reasonable category estimate.,7e7836ad3e41985c306efc62d0c2456f69b4aad225a1ed83a2591f68dec84c86
04010209:PHYTCPP,"Pumpkin, leaves, tender, raw",PHYTCPP,38.27,2144,169272,"Pumpkin leaves, raw",sr_legacy_food,approve,category_estimate,Paul S,16/08/2026,Good match.,7e7836ad3e41985c306efc62d0c2456f69b4aad225a1ed83a2591f68dec84c86
04010210:PHYTCPPD,"Pumpkin, leaves, water-washed, raw",PHYTCPPD,8.540000000000001,2144,169272,"Pumpkin leaves, raw",sr_legacy_food,approve,category_estimate,Paul S,16/08/2026,Washing doesn't meaningfully change composition -- still genuinely raw leaves.,7e7836ad3e41985c306efc62d0c2456f69b4aad225a1ed83a2591f68dec84c86
04010222:IP5,"Sesbania, yellow, raw",IP5,3.0,1344,168459,"Sesbania flower, raw",sr_legacy_food,approve,category_estimate,Paul S,16/08/2026,"""Yellow"" reasonably confirms the flower part (Sesbania flowers are yellow), unlike plain unqualified ""Sesbania, raw"" elsewhere in this review.",7e7836ad3e41985c306efc62d0c2456f69b4aad225a1ed83a2591f68dec84c86
04010222:IP5_A_IP6,"Sesbania, yellow, raw",IP5_A_IP6,9.0,1344,168459,"Sesbania flower, raw",sr_legacy_food,approve,category_estimate,Paul S,16/08/2026,"""Yellow"" reasonably confirms the flower part (Sesbania flowers are yellow), unlike plain unqualified ""Sesbania, raw"" elsewhere in this review.",7e7836ad3e41985c306efc62d0c2456f69b4aad225a1ed83a2591f68dec84c86
04010222:IP6,"Sesbania, yellow, raw",IP6,6.0,1344,168459,"Sesbania flower, raw",sr_legacy_food,approve,category_estimate,Paul S,16/08/2026,"""Yellow"" reasonably confirms the flower part (Sesbania flowers are yellow), unlike plain unqualified ""Sesbania, raw"" elsewhere in this review.",7e7836ad3e41985c306efc62d0c2456f69b4aad225a1ed83a2591f68dec84c86
04010229:PHYTCPP,"Spinach, raw",PHYTCPP,12.01,1347,168462,"Spinach, raw",sr_legacy_food,approve,category_estimate,Paul S,16/08/2026,Exact match.,7e7836ad3e41985c306efc62d0c2456f69b4aad225a1ed83a2591f68dec84c86
04010230:PHYTCPP,"Spiny amaranth, leaves, green, raw",PHYTCPP,7.4,1270,168385,"Amaranth leaves, raw",sr_legacy_food,approve,category_estimate,Paul S,16/08/2026,"Spiny amaranth (Amaranthus spinosus) is a genuine species within the amaranth genus, leaves-to-leaves -- reasonable category estimate.",7e7836ad3e41985c306efc62d0c2456f69b4aad225a1ed83a2591f68dec84c86
04010231:PHYTCPP,"Spiny amaranth, leaves, red and green mixed, raw",PHYTCPP,7.15,1270,168385,"Amaranth leaves, raw",sr_legacy_food,approve,category_estimate,Paul S,16/08/2026,"Spiny amaranth (Amaranthus spinosus) is a genuine species within the amaranth genus, leaves-to-leaves -- reasonable category estimate.",7e7836ad3e41985c306efc62d0c2456f69b4aad225a1ed83a2591f68dec84c86
04010232:PHYTCPPD,"Spiny amaranth, wild, tender leaves, raw",PHYTCPPD,163.60923599999998,1270,168385,"Amaranth leaves, raw",sr_legacy_food,approve,category_estimate,Paul S,16/08/2026,"Spiny amaranth (Amaranthus spinosus) is a genuine species within the amaranth genus, leaves-to-leaves -- reasonable category estimate.",7e7836ad3e41985c306efc62d0c2456f69b4aad225a1ed83a2591f68dec84c86
04010243:PHYTCPPI,"Taro, leaves, raw",PHYTCPPI,26.27,1372,168487,"Taro leaves, raw",sr_legacy_food,approve,category_estimate,Paul S,16/08/2026,"Exact match -- genuinely taro leaves to taro leaves, unlike the garbage-bucket cases elsewhere where unrelated species get matched to this candidate.",7e7836ad3e41985c306efc62d0c2456f69b4aad225a1ed83a2591f68dec84c86
04010244:PHYTC-,"Taro, leaves, raw",PHYTC-,35.5,1372,168487,"Taro leaves, raw",sr_legacy_food,approve,category_estimate,Paul S,16/08/2026,"Exact match -- genuinely taro leaves to taro leaves, unlike the garbage-bucket cases elsewhere where unrelated species get matched to this candidate.",7e7836ad3e41985c306efc62d0c2456f69b4aad225a1ed83a2591f68dec84c86
04010246:IP6,"Vegetable purslane, leaves, raw",IP6,33.264,2146,169274,"Purslane, raw",sr_legacy_food,approve,category_estimate,Paul S,16/08/2026,Good match.,7e7836ad3e41985c306efc62d0c2456f69b4aad225a1ed83a2591f68dec84c86
04010258:IP6,"Yellow sawah lettuce, leaves, raw",IP6,4.884,1316,168431,"Lettuce, red leaf, raw",sr_legacy_food,approve,category_estimate,Paul S,16/08/2026,"Genuine species uncertainty, but treated as a reasonable leafy-green category estimate given the shared ""lettuce"" term, same risk tolerance as similar cases above.",7e7836ad3e41985c306efc62d0c2456f69b4aad225a1ed83a2591f68dec84c86
04020002:PHYTCPP,"Carrot, orange, raw",PHYTCPP,19.6,3240,170393,"Carrots, raw",sr_legacy_food,approve,category_estimate,Paul S,16/08/2026,Clean match.,7e7836ad3e41985c306efc62d0c2456f69b4aad225a1ed83a2591f68dec84c86
04020003:PHYTCPPI,"Carrot, raw",PHYTCPPI,88.2,3240,170393,"Carrots, raw",sr_legacy_food,approve,category_estimate,Paul S,16/08/2026,Exact match.,7e7836ad3e41985c306efc62d0c2456f69b4aad225a1ed83a2591f68dec84c86
04020004:IP6,"Carrot, raw",IP6,15.0,3240,170393,"Carrots, raw",sr_legacy_food,approve,category_estimate,Paul S,16/08/2026,Exact match.,7e7836ad3e41985c306efc62d0c2456f69b4aad225a1ed83a2591f68dec84c86
04020005:PHYTCPP,"Carrot, red, raw",PHYTCPP,17.03,3240,170393,"Carrots, raw",sr_legacy_food,approve,category_estimate,Paul S,16/08/2026,Clean match.,7e7836ad3e41985c306efc62d0c2456f69b4aad225a1ed83a2591f68dec84c86
04020007:IP5,"Pumpkin, orange, round, raw",IP5,2.0,1333,168448,"Pumpkin, raw",sr_legacy_food,approve,category_estimate,Paul S,16/08/2026,"Clean match, color/shape detail reasonable.",7e7836ad3e41985c306efc62d0c2456f69b4aad225a1ed83a2591f68dec84c86
04020007:IP5_A_IP6,"Pumpkin, orange, round, raw",IP5_A_IP6,5.0,1333,168448,"Pumpkin, raw",sr_legacy_food,approve,category_estimate,Paul S,16/08/2026,"Clean match, color/shape detail reasonable.",7e7836ad3e41985c306efc62d0c2456f69b4aad225a1ed83a2591f68dec84c86
04020007:IP6,"Pumpkin, orange, round, raw",IP6,3.0,1333,168448,"Pumpkin, raw",sr_legacy_food,approve,category_estimate,Paul S,16/08/2026,"Clean match, color/shape detail reasonable.",7e7836ad3e41985c306efc62d0c2456f69b4aad225a1ed83a2591f68dec84c86
04020007:PHYTCPP,"Pumpkin, orange, round, raw",PHYTCPP,19.72,1333,168448,"Pumpkin, raw",sr_legacy_food,approve,category_estimate,Paul S,16/08/2026,"Clean match, color/shape detail reasonable.",7e7836ad3e41985c306efc62d0c2456f69b4aad225a1ed83a2591f68dec84c86
04020008:PHYTCPP,"Sweet pepper, yellow, raw",PHYTCPP,14.81,2255,169383,"Peppers, sweet, yellow, raw",sr_legacy_food,approve,category_estimate,Paul S,16/08/2026,Exact match.,7e7836ad3e41985c306efc62d0c2456f69b4aad225a1ed83a2591f68dec84c86
04030002:PHYTCPP,"Avocado fruit, raw",PHYTCPP,356.0,4502,171707,"Avocados, raw, Florida",sr_legacy_food,approve,category_estimate,Paul S,16/08/2026,"Variety unspecified vs a named Florida variety -- minor caveat, reasonable category estimate.",7e7836ad3e41985c306efc62d0c2456f69b4aad225a1ed83a2591f68dec84c86
04030003:PHYTCPP,"Bamboo shoot, tender, raw",PHYTCPP,19.78,2082,169210,"Bamboo shoots, raw",sr_legacy_food,approve,category_estimate,Paul S,16/08/2026,Clean match.,7e7836ad3e41985c306efc62d0c2456f69b4aad225a1ed83a2591f68dec84c86
04030004:PHYTCPP,"Bitter gourd, jagged, smooth ridges, elongate, raw",PHYTCPP,12.68,1278,168393,"Balsam-pear (bitter gourd), pods, raw",sr_legacy_food,approve,category_estimate,Paul S,16/08/2026,"""Balsam-pear"" is an alternate name for bitter gourd (Momordica charantia) -- same species, excellent match.",7e7836ad3e41985c306efc62d0c2456f69b4aad225a1ed83a2591f68dec84c86
04030005:PHYTCPP,"Bitter gourd, jagged, teeth ridges, elongate, raw",PHYTCPP,13.84,1278,168393,"Balsam-pear (bitter gourd), pods, raw",sr_legacy_food,approve,category_estimate,Paul S,16/08/2026,"""Balsam-pear"" is an alternate name for bitter gourd (Momordica charantia) -- same species, excellent match.",7e7836ad3e41985c306efc62d0c2456f69b4aad225a1ed83a2591f68dec84c86
04030006:PHYTC-,"Bitter gourd, jagged, teeth ridges, short, raw",PHYTC-,13.5,1278,168393,"Balsam-pear (bitter gourd), pods, raw",sr_legacy_food,approve,category_estimate,Paul S,16/08/2026,"""Balsam-pear"" is an alternate name for bitter gourd (Momordica charantia) -- same species, excellent match.",7e7836ad3e41985c306efc62d0c2456f69b4aad225a1ed83a2591f68dec84c86
04030006:PHYTCPP,"Bitter gourd, jagged, teeth ridges, short, raw",PHYTCPP,14.39,1278,168393,"Balsam-pear (bitter gourd), pods, raw",sr_legacy_food,approve,category_estimate,Paul S,16/08/2026,"""Balsam-pear"" is an alternate name for bitter gourd (Momordica charantia) -- same species, excellent match.",7e7836ad3e41985c306efc62d0c2456f69b4aad225a1ed83a2591f68dec84c86
04030014:PHYTCPP,"Celery stalk, raw",PHYTCPP,25.66,256,2346405,"Celery, raw",foundation_food,approve,category_estimate,Paul S,16/08/2026,Clean match.,7e7836ad3e41985c306efc62d0c2456f69b4aad225a1ed83a2591f68dec84c86
04030026:PHYTCPP,"Drumstick, raw",PHYTCPP,85.74,3330,170483,"Drumstick pods, raw",sr_legacy_food,approve,category_estimate,Paul S,16/08/2026,Good match (moringa drumstick).,7e7836ad3e41985c306efc62d0c2456f69b4aad225a1ed83a2591f68dec84c86
04030027:PHYTCPP,"Eggplant, Brinjal-1, raw",PHYTCPP,14.63,337,2685577,"Eggplant, raw",foundation_food,approve,category_estimate,Paul S,16/08/2026,"Cultivar-specific ""Brinjal"" breeding line, reasonable generic eggplant category estimate.",7e7836ad3e41985c306efc62d0c2456f69b4aad225a1ed83a2591f68dec84c86
04030028:PHYTCPP,"Eggplant, Brinjal-10, raw",PHYTCPP,15.03,2100,169228,"Eggplant, raw",sr_legacy_food,approve,category_estimate,Paul S,16/08/2026,"Cultivar-specific ""Brinjal"" breeding line, reasonable generic eggplant category estimate.",7e7836ad3e41985c306efc62d0c2456f69b4aad225a1ed83a2591f68dec84c86
04030029:PHYTCPP,"Eggplant, Brinjal-11, raw",PHYTCPP,13.32,337,2685577,"Eggplant, raw",foundation_food,approve,category_estimate,Paul S,16/08/2026,"Cultivar-specific ""Brinjal"" breeding line, reasonable generic eggplant category estimate.",7e7836ad3e41985c306efc62d0c2456f69b4aad225a1ed83a2591f68dec84c86
04030030:PHYTCPP,"Eggplant, Brinjal-12, raw",PHYTCPP,13.41,337,2685577,"Eggplant, raw",foundation_food,approve,category_estimate,Paul S,16/08/2026,Same as the other Brinjal rows.,7e7836ad3e41985c306efc62d0c2456f69b4aad225a1ed83a2591f68dec84c86
04030031:PHYTCPP,"Eggplant, Brinjal-13, raw",PHYTCPP,7.0,337,2685577,"Eggplant, raw",foundation_food,approve,category_estimate,Paul S,16/08/2026,Same as the other Brinjal rows.,7e7836ad3e41985c306efc62d0c2456f69b4aad225a1ed83a2591f68dec84c86
04030032:PHYTCPP,"Eggplant, Brinjal-14, raw",PHYTCPP,15.75,337,2685577,"Eggplant, raw",foundation_food,approve,category_estimate,Paul S,16/08/2026,Same as the other Brinjal rows.,7e7836ad3e41985c306efc62d0c2456f69b4aad225a1ed83a2591f68dec84c86
04030033:PHYTCPP,"Eggplant, Brinjal-15, raw",PHYTCPP,11.01,2100,169228,"Eggplant, raw",sr_legacy_food,approve,category_estimate,Paul S,16/08/2026,"Cultivar-specific ""Brinjal"" breeding line, reasonable generic eggplant category estimate.",7e7836ad3e41985c306efc62d0c2456f69b4aad225a1ed83a2591f68dec84c86
04030034:PHYTCPP,"Eggplant, Brinjal-16, raw",PHYTCPP,5.82,337,2685577,"Eggplant, raw",foundation_food,approve,category_estimate,Paul S,16/08/2026,"Cultivar-specific ""Brinjal"" breeding line, reasonable generic eggplant category estimate.",7e7836ad3e41985c306efc62d0c2456f69b4aad225a1ed83a2591f68dec84c86
04030035:PHYTCPP,"Eggplant, Brinjal-17, raw",PHYTCPP,15.41,2100,169228,"Eggplant, raw",sr_legacy_food,approve,category_estimate,Paul S,16/08/2026,"Cultivar-specific ""Brinjal"" breeding line, reasonable generic eggplant category estimate.",7e7836ad3e41985c306efc62d0c2456f69b4aad225a1ed83a2591f68dec84c86
04030036:PHYTCPP,"Eggplant, Brinjal-18, raw",PHYTCPP,9.42,337,2685577,"Eggplant, raw",foundation_food,approve,category_estimate,Paul S,16/08/2026,"Cultivar-specific ""Brinjal"" breeding line, reasonable generic eggplant category estimate.",7e7836ad3e41985c306efc62d0c2456f69b4aad225a1ed83a2591f68dec84c86
04030037:PHYTCPP,"Eggplant, Brinjal-19, raw",PHYTCPP,10.96,337,2685577,"Eggplant, raw",foundation_food,approve,category_estimate,Paul S,16/08/2026,"Cultivar-specific ""Brinjal"" breeding line, reasonable generic eggplant category estimate.",7e7836ad3e41985c306efc62d0c2456f69b4aad225a1ed83a2591f68dec84c86
04030038:PHYTCPP,"Eggplant, Brinjal-2, raw",PHYTCPP,15.46,2100,169228,"Eggplant, raw",sr_legacy_food,approve,category_estimate,Paul S,16/08/2026,"Cultivar-specific ""Brinjal"" breeding line, reasonable generic eggplant category estimate.",7e7836ad3e41985c306efc62d0c2456f69b4aad225a1ed83a2591f68dec84c86
04030039:PHYTCPP,"Eggplant, Brinjal-20, raw",PHYTCPP,10.55,2100,169228,"Eggplant, raw",sr_legacy_food,approve,category_estimate,Paul S,16/08/2026,"Cultivar-specific ""Brinjal"" breeding line, reasonable generic eggplant category estimate.",7e7836ad3e41985c306efc62d0c2456f69b4aad225a1ed83a2591f68dec84c86
04030040:PHYTCPP,"Eggplant, Brinjal-21, raw",PHYTCPP,8.24,2100,169228,"Eggplant, raw",sr_legacy_food,approve,category_estimate,Paul S,16/08/2026,Same as the other Brinjal rows.,7e7836ad3e41985c306efc62d0c2456f69b4aad225a1ed83a2591f68dec84c86
04030041:PHYTCPP,"Eggplant, Brinjal-3, raw",PHYTCPP,12.79,337,2685577,"Eggplant, raw",foundation_food,approve,category_estimate,Paul S,16/08/2026,"Cultivar-specific ""Brinjal"" breeding line, reasonable generic eggplant category estimate.",7e7836ad3e41985c306efc62d0c2456f69b4aad225a1ed83a2591f68dec84c86
04030042:PHYTCPP,"Eggplant, Brinjal-4, raw",PHYTCPP,14.343,2100,169228,"Eggplant, raw",sr_legacy_food,approve,category_estimate,Paul S,16/08/2026,"Cultivar-specific ""Brinjal"" breeding line, reasonable generic eggplant category estimate.",7e7836ad3e41985c306efc62d0c2456f69b4aad225a1ed83a2591f68dec84c86
04030043:PHYTCPP,"Eggplant, Brinjal-5, raw",PHYTCPP,12.55,337,2685577,"Eggplant, raw",foundation_food,approve,category_estimate,Paul S,16/08/2026,"Cultivar-specific ""Brinjal"" breeding line, reasonable generic eggplant category estimate.",7e7836ad3e41985c306efc62d0c2456f69b4aad225a1ed83a2591f68dec84c86
04030044:PHYTCPP,"Eggplant, Brinjal-6, raw",PHYTCPP,9.51,2100,169228,"Eggplant, raw",sr_legacy_food,approve,category_estimate,Paul S,16/08/2026,Same as the other Brinjal rows.,7e7836ad3e41985c306efc62d0c2456f69b4aad225a1ed83a2591f68dec84c86
04030045:PHYTCPP,"Eggplant, Brinjal-7, raw",PHYTCPP,18.39,2100,169228,"Eggplant, raw",sr_legacy_food,approve,category_estimate,Paul S,16/08/2026,Same as the other Brinjal rows.,7e7836ad3e41985c306efc62d0c2456f69b4aad225a1ed83a2591f68dec84c86
04030046:PHYTCPP,"Eggplant, Brinjal-8, raw",PHYTCPP,11.29,337,2685577,"Eggplant, raw",foundation_food,approve,category_estimate,Paul S,16/08/2026,Same as the other Brinjal rows.,7e7836ad3e41985c306efc62d0c2456f69b4aad225a1ed83a2591f68dec84c86
04030047:PHYTCPP,"Eggplant, Brinjal-9, raw",PHYTCPP,11.49,337,2685577,"Eggplant, raw",foundation_food,approve,category_estimate,Paul S,16/08/2026,"Cultivar-specific ""Brinjal"" breeding line, reasonable generic eggplant category estimate.",7e7836ad3e41985c306efc62d0c2456f69b4aad225a1ed83a2591f68dec84c86
04030048:PHYTCPP,"Eggplant, raw",PHYTCPP,12.28,2100,169228,"Eggplant, raw",sr_legacy_food,approve,category_estimate,Paul S,16/08/2026,Exact match.,7e7836ad3e41985c306efc62d0c2456f69b4aad225a1ed83a2591f68dec84c86
04030071:PHYTCPPD,"Mushroom, 'Pleurotus ostreatus', fresh, raw",PHYTCPPD,5.365455000000002,1465,168580,"Mushrooms, oyster, raw",sr_legacy_food,approve,category_estimate,Paul S,16/08/2026,Pleurotus ostreatus IS the oyster mushroom species -- excellent match.,7e7836ad3e41985c306efc62d0c2456f69b4aad225a1ed83a2591f68dec84c86
04030081:PHYTCPP,"Okra, fruit, washed, dried",PHYTCPP,117.9948,1271868,2528695,DRIED OKRA,branded_food,approve,category_estimate,Paul S,16/08/2026,Washed+dried source matches a dried product well.,7e7836ad3e41985c306efc62d0c2456f69b4aad225a1ed83a2591f68dec84c86
04030084:PHYTCPP,"Okra, raw",PHYTCPP,3.63,2132,169260,"Okra, raw",sr_legacy_food,approve,category_estimate,Paul S,16/08/2026,Exact match.,7e7836ad3e41985c306efc62d0c2456f69b4aad225a1ed83a2591f68dec84c86
04030085:PHYTCPPI,"Okra, raw",PHYTCPPI,5.200000000000002,2132,169260,"Okra, raw",sr_legacy_food,approve,category_estimate,Paul S,16/08/2026,Exact match.,7e7836ad3e41985c306efc62d0c2456f69b4aad225a1ed83a2591f68dec84c86
04030086:PHYTCPPI,"Okra, raw",PHYTCPPI,30.0,2132,169260,"Okra, raw",sr_legacy_food,approve,category_estimate,Paul S,16/08/2026,Exact match.,7e7836ad3e41985c306efc62d0c2456f69b4aad225a1ed83a2591f68dec84c86
04030087:PHYTCPP,"Onion, big, raw",PHYTCPP,13.9,2854,170000,"Onions, raw",sr_legacy_food,approve,category_estimate,Paul S,16/08/2026,"Size variety, still onion -- reasonable match.",7e7836ad3e41985c306efc62d0c2456f69b4aad225a1ed83a2591f68dec84c86
04030088:PHYTCPP,"Onion, raw",PHYTCPP,6.958,2854,170000,"Onions, raw",sr_legacy_food,approve,category_estimate,Paul S,16/08/2026,Exact match.,7e7836ad3e41985c306efc62d0c2456f69b4aad225a1ed83a2591f68dec84c86
04030089:PHYTCPPI,"Onion, raw",PHYTCPPI,0.0,2854,170000,"Onions, raw",sr_legacy_food,approve,category_estimate,Paul S,16/08/2026,Exact match.,7e7836ad3e41985c306efc62d0c2456f69b4aad225a1ed83a2591f68dec84c86
04030090:PHYTCPP,"Onion, small, raw",PHYTCPP,8.28,2854,170000,"Onions, raw",sr_legacy_food,approve,category_estimate,Paul S,16/08/2026,Same reasonable match.,7e7836ad3e41985c306efc62d0c2456f69b4aad225a1ed83a2591f68dec84c86
04030094:PHYTCPP,"Pumpkin, green, cylindrical, raw",PHYTCPP,22.51,1333,168448,"Pumpkin, raw",sr_legacy_food,approve,category_estimate,Paul S,16/08/2026,"Variety-specific detail not captured, reasonable generic pumpkin category estimate.",7e7836ad3e41985c306efc62d0c2456f69b4aad225a1ed83a2591f68dec84c86
04030095:PHYTCPP,"Radish, elongate, red skin, raw",PHYTCPP,6.9,408,2747665,"Radishes, red, raw",foundation_food,approve,category_estimate,Paul S,16/08/2026,"Reasonable match, shape detail not captured but color matches.",7e7836ad3e41985c306efc62d0c2456f69b4aad225a1ed83a2591f68dec84c86
04030099:PHYTCPP,"Ridge gourd, raw",PHYTCPP,14.91,1299,168414,"Gourd, dishcloth (towelgourd), raw",sr_legacy_food,approve,category_estimate,Paul S,16/08/2026,"Ridge gourd (Luffa acutangula) is closely related to towel gourd (Luffa aegyptiaca/cylindrica) -- same genus, reasonable category estimate.",7e7836ad3e41985c306efc62d0c2456f69b4aad225a1ed83a2591f68dec84c86
04030100:PHYTCPP,"Ridge gourd, smooth skin, raw",PHYTCPP,14.98,1299,168414,"Gourd, dishcloth (towelgourd), raw",sr_legacy_food,approve,category_estimate,Paul S,16/08/2026,Same genus-level match as the other ridge gourd row.,7e7836ad3e41985c306efc62d0c2456f69b4aad225a1ed83a2591f68dec84c86
04030108:PHYTCPP,"Tomato, green, raw",PHYTCPP,1.08,3303,170456,"Tomatoes, green, raw",sr_legacy_food,approve,category_estimate,Paul S,16/08/2026,Exact match.,7e7836ad3e41985c306efc62d0c2456f69b4aad225a1ed83a2591f68dec84c86
04030112:PHYTCPP,"Zucchini, green, raw",PHYTCPP,10.57,328,2685568,"Squash, summer, green, zucchini, includes skin, raw",foundation_food,approve,category_estimate,Paul S,16/08/2026,Exact match.,7e7836ad3e41985c306efc62d0c2456f69b4aad225a1ed83a2591f68dec84c86
05010013:PHYTCPP,"Mango, Banganapalli, ripe, raw",PHYTCPP,85.83,2764,169910,"Mangos, raw",sr_legacy_food,approve,category_estimate,Paul S,16/08/2026,Ripe mango reasonably matched to a generic raw-mango entry -- established pattern.,7e7836ad3e41985c306efc62d0c2456f69b4aad225a1ed83a2591f68dec84c86
05010014:PHYTCPP,"Mango, Gulabkhas, ripe, raw",PHYTCPP,80.24,2764,169910,"Mangos, raw",sr_legacy_food,approve,category_estimate,Paul S,16/08/2026,Ripe mango reasonably matched to a generic raw-mango entry -- established pattern.,7e7836ad3e41985c306efc62d0c2456f69b4aad225a1ed83a2591f68dec84c86
05010015:PHYTCPP,"Mango, Himsagar, ripe, raw",PHYTCPP,79.46,2764,169910,"Mangos, raw",sr_legacy_food,approve,category_estimate,Paul S,16/08/2026,Ripe mango reasonably matched to a generic raw-mango entry -- established pattern.,7e7836ad3e41985c306efc62d0c2456f69b4aad225a1ed83a2591f68dec84c86
05010016:PHYTCPP,"Mango, Kesar, ripe, raw",PHYTCPP,90.02,2764,169910,"Mangos, raw",sr_legacy_food,approve,category_estimate,Paul S,16/08/2026,Ripe mango reasonably matched to a generic raw-mango entry -- ripeness detail lost but reasonable default.,7e7836ad3e41985c306efc62d0c2456f69b4aad225a1ed83a2591f68dec84c86
05010017:PHYTCPP,"Mango, Neelam, ripe, raw",PHYTCPP,79.49,2764,169910,"Mangos, raw",sr_legacy_food,approve,category_estimate,Paul S,16/08/2026,Ripe mango reasonably matched to a generic raw-mango entry -- established pattern.,7e7836ad3e41985c306efc62d0c2456f69b4aad225a1ed83a2591f68dec84c86
05010018:PHYTCPP,"Mango, Paheri, ripe, raw",PHYTCPP,81.12,2764,169910,"Mangos, raw",sr_legacy_food,approve,category_estimate,Paul S,16/08/2026,Ripe mango reasonably matched to a generic raw-mango entry -- established pattern.,7e7836ad3e41985c306efc62d0c2456f69b4aad225a1ed83a2591f68dec84c86
05010019:PHYTCPPD,"Mango, ripe, raw",PHYTCPPD,25.0,2764,169910,"Mangos, raw",sr_legacy_food,approve,category_estimate,Paul S,16/08/2026,Same reasoning as the Kesar row.,7e7836ad3e41985c306efc62d0c2456f69b4aad225a1ed83a2591f68dec84c86
05010020:PHYTCPPI,"Mango, ripe, raw",PHYTCPPI,30.0,2764,169910,"Mangos, raw",sr_legacy_food,approve,category_estimate,Paul S,16/08/2026,Same reasoning as the Kesar row.,7e7836ad3e41985c306efc62d0c2456f69b4aad225a1ed83a2591f68dec84c86
05010021:PHYTCPP,"Mango, Totapari, ripe, raw",PHYTCPP,75.13,2764,169910,"Mangos, raw",sr_legacy_food,approve,category_estimate,Paul S,16/08/2026,Ripe mango reasonably matched to a generic raw-mango entry -- established pattern.,7e7836ad3e41985c306efc62d0c2456f69b4aad225a1ed83a2591f68dec84c86
05010031:PHYTCPP,"Papaya, raw",PHYTCPP,22.08,2780,169926,"Papayas, raw",sr_legacy_food,approve,category_estimate,Paul S,16/08/2026,Exact match.,7e7836ad3e41985c306efc62d0c2456f69b4aad225a1ed83a2591f68dec84c86
05010032:PHYTCPP,"Papaya, ripe, raw",PHYTCPP,25.44,2780,169926,"Papayas, raw",sr_legacy_food,approve,category_estimate,Paul S,16/08/2026,Clean match.,7e7836ad3e41985c306efc62d0c2456f69b4aad225a1ed83a2591f68dec84c86
05010033:PHYTCPP,"Papaya, ripe, raw",PHYTCPP,23.0,2780,169926,"Papayas, raw",sr_legacy_food,approve,category_estimate,Paul S,16/08/2026,Clean match.,7e7836ad3e41985c306efc62d0c2456f69b4aad225a1ed83a2591f68dec84c86
05010042:PHYTCPP,"Pineapple, raw",PHYTCPP,8.59,1996,169124,"Pineapple, raw, all varieties",sr_legacy_food,approve,category_estimate,Paul S,16/08/2026,Excellent match.,7e7836ad3e41985c306efc62d0c2456f69b4aad225a1ed83a2591f68dec84c86
05010044:PHYTCPP,"Pomelo, raw",PHYTCPP,20.36,652,167754,"Pummelo, raw",sr_legacy_food,approve,category_estimate,Paul S,16/08/2026,"Same fruit, alternate spelling.",7e7836ad3e41985c306efc62d0c2456f69b4aad225a1ed83a2591f68dec84c86
05020003:PHYTCPP,"African black olive, raw",PHYTCPP,162.0,158787,518594,ORDI OLIVES BLACK OLIVES,branded_food,approve,category_estimate,Paul S,16/08/2026,"Reasonable brand/category match, no better evidence of mismatch.",7e7836ad3e41985c306efc62d0c2456f69b4aad225a1ed83a2591f68dec84c86
05020008:PHYTCPPD,"Avocado pear, raw",PHYTCPPD,11.0,352,2710824,"Avocado, Hass, peeled, raw",foundation_food,approve,category_estimate,Paul S,16/08/2026,"""Avocado pear"" is a common name for avocado -- good match; specific cultivar (Hass) and peeled state are minor caveats.",7e7836ad3e41985c306efc62d0c2456f69b4aad225a1ed83a2591f68dec84c86
05020017:PHYTCPP,"Blackberry, raw",PHYTCPP,8.97,6600,173946,"Blackberries, raw",sr_legacy_food,approve,category_estimate,Paul S,16/08/2026,Exact match.,7e7836ad3e41985c306efc62d0c2456f69b4aad225a1ed83a2591f68dec84c86
05020019:PHYTCPPD,"Breadfruit, raw",PHYTCPPD,40.15,4509,171714,"Breadfruit, raw",sr_legacy_food,approve,category_estimate,Paul S,16/08/2026,Exact match.,7e7836ad3e41985c306efc62d0c2456f69b4aad225a1ed83a2591f68dec84c86
05020022:PHYTCPP,"Currants, black, raw",PHYTCPP,9.6,6616,173963,"Currants, european black, raw",sr_legacy_food,approve,category_estimate,Paul S,16/08/2026,"Same species black currant, ""European"" origin detail not confirmed but reasonable.",7e7836ad3e41985c306efc62d0c2456f69b4aad225a1ed83a2591f68dec84c86
05020024:PHYTCPP,"Custard apple, raw",PHYTCPP,15.22,4520,171725,"Custard-apple, (bullock's-heart), raw",sr_legacy_food,approve,category_estimate,Paul S,16/08/2026,Both are Annona-genus custard-apple-type fruits; specific species may differ (bullock's-heart vs sugar-apple) but same genus -- category estimate with that caveat.,7e7836ad3e41985c306efc62d0c2456f69b4aad225a1ed83a2591f68dec84c86
05020027:PHYTCPP,"Fig, raw",PHYTCPP,48.59,5745,173021,"Figs, raw",sr_legacy_food,approve,category_estimate,Paul S,16/08/2026,Exact match.,7e7836ad3e41985c306efc62d0c2456f69b4aad225a1ed83a2591f68dec84c86
05020028:PHYTCPPI,"Fig, ripe, raw",PHYTCPPI,9.6,5745,173021,"Figs, raw",sr_legacy_food,approve,category_estimate,Paul S,16/08/2026,Clean match.,7e7836ad3e41985c306efc62d0c2456f69b4aad225a1ed83a2591f68dec84c86
05020028:PPD,"Fig, ripe, raw",PPD,26.0,5745,173021,"Figs, raw",sr_legacy_food,approve,category_estimate,Paul S,16/08/2026,"Clean match, duplicate fraction row.",7e7836ad3e41985c306efc62d0c2456f69b4aad225a1ed83a2591f68dec84c86
05020031:PHYTCPP,"Gooseberry, raw",PHYTCPP,49.34,5754,173030,"Gooseberries, raw",sr_legacy_food,approve,category_estimate,Paul S,16/08/2026,"Corrected from an earlier misclassification: the automated word-overlap classifier had a stemming bug (naive trailing-""s"" strip turns ""potatoes""/""gooseberries"" into ""potatoe""/""gooseberrie"", which then fails to match ""potato""/""gooseberry"") that wrongly flagged this as a mismatch. Genus is a genuine match -- caught via manual spot-check, not trusted blindly.",7e7836ad3e41985c306efc62d0c2456f69b4aad225a1ed83a2591f68dec84c86
05020032:PHYTCPPI,"Grapes, fresh fruit, raw",PHYTCPPI,0.051800000000000006,285442,796289,Fresh Fruit Cuts RED GRAPES,branded_food,approve,category_estimate,Paul S,16/08/2026,"Species matches; ""red"" color not confirmed by source but a reasonable default, fresh-cut form close enough to fresh fruit.",7e7836ad3e41985c306efc62d0c2456f69b4aad225a1ed83a2591f68dec84c86
05020038:PHYTCPP,"Grapes, seedless, round, green, raw",PHYTCPP,0.85,233,2263891,"Grapes, green, seedless, raw",foundation_food,approve,category_estimate,Paul S,16/08/2026,Excellent match.,7e7836ad3e41985c306efc62d0c2456f69b4aad225a1ed83a2591f68dec84c86
05020043:PHYTCPPD,"Indian cucumber, whole fruit, raw",PHYTCPPD,25.2,257,2346406,"Cucumber, with peel, raw",foundation_food,approve,category_estimate,Paul S,16/08/2026,"Reasonable match, variety not distinguished but same species/category, ""with peel"" matches ""whole fruit"".",7e7836ad3e41985c306efc62d0c2456f69b4aad225a1ed83a2591f68dec84c86
05020043:PPD,"Indian cucumber, whole fruit, raw",PPD,7.14,257,2346406,"Cucumber, with peel, raw",foundation_food,approve,category_estimate,Paul S,16/08/2026,"Reasonable match, variety not distinguished but same species/category, ""with peel"" matches ""whole fruit"".",7e7836ad3e41985c306efc62d0c2456f69b4aad225a1ed83a2591f68dec84c86
05020045:PHYTCPP,"Jackfruit, raw",PHYTCPP,68.79,7308,174687,"Jackfruit, raw",sr_legacy_food,approve,category_estimate,Paul S,16/08/2026,Exact match.,7e7836ad3e41985c306efc62d0c2456f69b4aad225a1ed83a2591f68dec84c86
05020046:PHYTCPP,"Jackfruit, ripe, raw",PHYTCPP,52.94,7308,174687,"Jackfruit, raw",sr_legacy_food,approve,category_estimate,Paul S,16/08/2026,"Ripeness not distinguished; jackfruit is commonly eaten ripe, reasonable default.",7e7836ad3e41985c306efc62d0c2456f69b4aad225a1ed83a2591f68dec84c86
05020047:PHYTCPP,"Jambolan, raw",PHYTCPP,8.0,1035,168150,"Java-plum, (jambolan), raw",sr_legacy_food,approve,category_estimate,Paul S,16/08/2026,"Jambolan IS Java plum, same species -- excellent match, explicit synonym in candidate name.",7e7836ad3e41985c306efc62d0c2456f69b4aad225a1ed83a2591f68dec84c86
05020049:PHYTCPPD,"Jujube, wihout seeds, raw",PHYTCPPD,15.8,1036,168151,"Jujube, raw",sr_legacy_food,approve,category_estimate,Paul S,16/08/2026,Seedless vs unspecified is a minor prep caveat -- reasonable category estimate.,7e7836ad3e41985c306efc62d0c2456f69b4aad225a1ed83a2591f68dec84c86
05020049:PPD,"Jujube, wihout seeds, raw",PPD,4.4,1036,168151,"Jujube, raw",sr_legacy_food,approve,category_estimate,Paul S,16/08/2026,"Same as above, duplicate fraction row.",7e7836ad3e41985c306efc62d0c2456f69b4aad225a1ed83a2591f68dec84c86
05020052:PHYTCPP,"Litchi, raw",PHYTCPP,2.57,1958,169086,"Litchis, raw",sr_legacy_food,approve,category_estimate,Paul S,16/08/2026,Exact match.,7e7836ad3e41985c306efc62d0c2456f69b4aad225a1ed83a2591f68dec84c86
05020054:PHYTCPPI,"Mango, unripe, raw",PHYTCPPI,30.0,2764,169910,"Mangos, raw",sr_legacy_food,approve,category_estimate,Paul S,16/08/2026,"Ripeness stage (unripe) not captured, but no better candidate is evident -- reasonable default with that caveat.",7e7836ad3e41985c306efc62d0c2456f69b4aad225a1ed83a2591f68dec84c86
05020057:PHYTCPP,"Pear, raw",PHYTCPP,4.83,1990,169118,"Pears, raw",sr_legacy_food,approve,category_estimate,Paul S,16/08/2026,Exact match.,7e7836ad3e41985c306efc62d0c2456f69b4aad225a1ed83a2591f68dec84c86
05020059:PHYTCPP,"Plum, raw",PHYTCPP,3.81,2803,169949,"Plums, raw",sr_legacy_food,approve,category_estimate,Paul S,16/08/2026,Exact match.,7e7836ad3e41985c306efc62d0c2456f69b4aad225a1ed83a2591f68dec84c86
05020060:PHYTCPP,"Pomegranate, maroon seeds, raw",PHYTCPP,45.71,2006,169134,"Pomegranates, raw",sr_legacy_food,approve,category_estimate,Paul S,16/08/2026,"Clean match, seed-color detail not captured.",7e7836ad3e41985c306efc62d0c2456f69b4aad225a1ed83a2591f68dec84c86
05020061:PHYTCPPI,"Prickly pear, fresh flesh",PHYTCPPI,39.0,648,167750,"Prickly pears, raw",sr_legacy_food,approve,category_estimate,Paul S,16/08/2026,"""Fresh flesh"" reasonably matches ""raw"".",7e7836ad3e41985c306efc62d0c2456f69b4aad225a1ed83a2591f68dec84c86
05020061:PPI,"Prickly pear, fresh flesh",PPI,11.0,648,167750,"Prickly pears, raw",sr_legacy_food,approve,category_estimate,Paul S,16/08/2026,"""Fresh flesh"" reasonably matches ""raw"".",7e7836ad3e41985c306efc62d0c2456f69b4aad225a1ed83a2591f68dec84c86
05020062:PHYT-,"Quince, OHM13, fruit, raw",PHYT-,540.0,1048,168163,"Quinces, raw",sr_legacy_food,approve,category_estimate,Paul S,16/08/2026,"Cultivar-specific source, standard category estimate.",7e7836ad3e41985c306efc62d0c2456f69b4aad225a1ed83a2591f68dec84c86
05020063:PHYT-,"Quince, OHM14, fruit, raw",PHYT-,561.0,1048,168163,"Quinces, raw",sr_legacy_food,approve,category_estimate,Paul S,16/08/2026,"Cultivar-specific source, standard category estimate.",7e7836ad3e41985c306efc62d0c2456f69b4aad225a1ed83a2591f68dec84c86
05020064:PHYT-,"Quince, OHM2, fruit, raw",PHYT-,261.0,1048,168163,"Quinces, raw",sr_legacy_food,approve,category_estimate,Paul S,16/08/2026,"Cultivar-specific source, standard category estimate.",7e7836ad3e41985c306efc62d0c2456f69b4aad225a1ed83a2591f68dec84c86
05020065:PHYT-,"Quince, PUM, fruit, raw",PHYT-,227.0,1048,168163,"Quinces, raw",sr_legacy_food,approve,category_estimate,Paul S,16/08/2026,"Cultivar-specific source, standard category estimate.",7e7836ad3e41985c306efc62d0c2456f69b4aad225a1ed83a2591f68dec84c86
05020066:PHYT-,"Quince, ZM6, fruit, raw",PHYT-,265.0,1048,168163,"Quinces, raw",sr_legacy_food,approve,category_estimate,Paul S,16/08/2026,"Cultivar-specific source, standard category estimate.",7e7836ad3e41985c306efc62d0c2456f69b4aad225a1ed83a2591f68dec84c86
05020067:PHYT-,"Quince, ZM9, fruit, raw",PHYT-,546.0,1048,168163,"Quinces, raw",sr_legacy_food,approve,category_estimate,Paul S,16/08/2026,"Cultivar-specific source, standard category estimate.",7e7836ad3e41985c306efc62d0c2456f69b4aad225a1ed83a2591f68dec84c86
05020070:PHYTCPP,"Soursop, raw",PHYTCPP,2.75,659,167761,"Soursop, raw",sr_legacy_food,approve,category_estimate,Paul S,16/08/2026,Exact match.,7e7836ad3e41985c306efc62d0c2456f69b4aad225a1ed83a2591f68dec84c86
05020074:PHYTCPP,"Tamarind, pulp, raw",PHYTCPP,3.07,661,167763,"Tamarinds, raw",sr_legacy_food,approve,category_estimate,Paul S,16/08/2026,Pulp is the edible part -- reasonable match.,7e7836ad3e41985c306efc62d0c2456f69b4aad225a1ed83a2591f68dec84c86
05020078:PHYTCPP,"Watermelon, dark green, raw",PHYTCPP,0.61,663,167765,"Watermelon, raw",sr_legacy_food,approve,category_estimate,Paul S,16/08/2026,Color variety not captured but same fruit -- reasonable category estimate.,7e7836ad3e41985c306efc62d0c2456f69b4aad225a1ed83a2591f68dec84c86
05020079:PHYTCPP,"Watermelon, pale green, raw",PHYTCPP,0.47,663,167765,"Watermelon, raw",sr_legacy_food,approve,category_estimate,Paul S,16/08/2026,Same as above.,7e7836ad3e41985c306efc62d0c2456f69b4aad225a1ed83a2591f68dec84c86
05020080:PHYTCPP,"Watermelon, ripe, raw",PHYTCPP,10.0,663,167765,"Watermelon, raw",sr_legacy_food,approve,category_estimate,Paul S,16/08/2026,Same as above.,7e7836ad3e41985c306efc62d0c2456f69b4aad225a1ed83a2591f68dec84c86
05030001:PHYTCPP,"Apricot, dried",PHYTCPP,194.0,210822,591070,YUSA DRIED APRICOTS,branded_food,approve,category_estimate,Paul S,16/08/2026,Exact match (dried apricots).,7e7836ad3e41985c306efc62d0c2456f69b4aad225a1ed83a2591f68dec84c86
05030002:PHYTCPP,"Coconut, kernel, dried",PHYTCPP,390.0,1273636,2531319,PREMIUM DRIED COCONUT,branded_food,approve,category_estimate,Paul S,16/08/2026,Good match.,7e7836ad3e41985c306efc62d0c2456f69b4aad225a1ed83a2591f68dec84c86
05030003:PHYTCPP,"Dates, dried, dark brown",PHYTCPP,126.0,1289482,2553173,DRIED PITTED DATES,branded_food,approve,category_estimate,Paul S,16/08/2026,"Good match, pitted vs unspecified is a minor caveat.",7e7836ad3e41985c306efc62d0c2456f69b4aad225a1ed83a2591f68dec84c86
05030004:PHYTCPP,"Dates, dried, pale brown",PHYTCPP,134.0,1289482,2553173,DRIED PITTED DATES,branded_food,approve,category_estimate,Paul S,16/08/2026,Same as above.,7e7836ad3e41985c306efc62d0c2456f69b4aad225a1ed83a2591f68dec84c86
05030005:PHYTCPPD,Raisins,PHYTCPPD,11.0,1051,168166,"Raisins, seeded",sr_legacy_food,approve,category_estimate,Paul S,16/08/2026,"Seeded specifically vs plain raisins -- minor variety caveat, reasonable category estimate.",7e7836ad3e41985c306efc62d0c2456f69b4aad225a1ed83a2591f68dec84c86
05030006:PHYTCPP,"Raisins, black",PHYTCPP,20.34,1359042,2640152,"Paramount Foods, LLC BLACK RAISINS, BLACK",branded_food,approve,category_estimate,Paul S,16/08/2026,Exact match (black raisins).,7e7836ad3e41985c306efc62d0c2456f69b4aad225a1ed83a2591f68dec84c86
05030007:PHYTCPP,"Raisins, golden",PHYTCPP,20.12,1049,168164,"Raisins, golden, seedless",sr_legacy_food,approve,category_estimate,Paul S,16/08/2026,Seedless is a reasonable default assumption for raisins.,7e7836ad3e41985c306efc62d0c2456f69b4aad225a1ed83a2591f68dec84c86
06010016:PHYTCPP,"Almond, raw",PHYTCPP,964.0,1336190,2612347,RAW ALMONDS,branded_food,approve,category_estimate,Paul S,16/08/2026,Exact match.,7e7836ad3e41985c306efc62d0c2456f69b4aad225a1ed83a2591f68dec84c86
06010032:PHYTCPPI,"Brazil nut, raw",PHYTCPPI,190.0,282,2515373,"Nuts, brazilnuts, raw",foundation_food,approve,category_estimate,Paul S,16/08/2026,Clean match.,7e7836ad3e41985c306efc62d0c2456f69b4aad225a1ed83a2591f68dec84c86
06010036:PHYTCPPI,"Cashew nut, raw",PHYTCPPI,290.0,3016,170162,"Nuts, cashew nuts, raw",sr_legacy_food,approve,category_estimate,Paul S,16/08/2026,Exact match.,7e7836ad3e41985c306efc62d0c2456f69b4aad225a1ed83a2591f68dec84c86
06010037:PHYTC-,"Cashew nut, raw",PHYTC-,604.8,3016,170162,"Nuts, cashew nuts, raw",sr_legacy_food,approve,category_estimate,Paul S,16/08/2026,Exact match.,7e7836ad3e41985c306efc62d0c2456f69b4aad225a1ed83a2591f68dec84c86
06010038:PHYTCPP,"Cashew nut, raw",PHYTCPP,929.0,3016,170162,"Nuts, cashew nuts, raw",sr_legacy_food,approve,category_estimate,Paul S,16/08/2026,Exact match.,7e7836ad3e41985c306efc62d0c2456f69b4aad225a1ed83a2591f68dec84c86
06010049:PHYTCPPD,"Cottonseed, seed flour, ISA BC4, dehulled, defatted",PHYTCPPD,4244.826,3402,170555,"Seeds, cottonseed flour, partially defatted (glandless)",sr_legacy_food,approve,category_estimate,Paul S,16/08/2026,Defatted vs partially-defatted is a minor caveat -- reasonable category estimate.,7e7836ad3e41985c306efc62d0c2456f69b4aad225a1ed83a2591f68dec84c86
06010079:PHYTCPPI,"Hazelnut, raw",PHYTCPPI,230.0,1289240,2552907,Lunds Inc RAW HAZELNUTS,branded_food,approve,category_estimate,Paul S,16/08/2026,Exact match.,7e7836ad3e41985c306efc62d0c2456f69b4aad225a1ed83a2591f68dec84c86
06010092:PHYTCPPI,"Lotus, seed, dehulled, 2.5kGy irradiated, raw",PHYTCPPI,322.7,1476,168591,"Seeds, lotus seeds, raw",sr_legacy_food,approve,category_estimate,Paul S,16/08/2026,Good match.,7e7836ad3e41985c306efc62d0c2456f69b4aad225a1ed83a2591f68dec84c86
06010096:PHYTCPPI,"Lotus, seed, dehulled, raw",PHYTCPPI,339.475,1476,168591,"Seeds, lotus seeds, raw",sr_legacy_food,approve,category_estimate,Paul S,16/08/2026,"Good match, duplicate fraction row.",7e7836ad3e41985c306efc62d0c2456f69b4aad225a1ed83a2591f68dec84c86
06010098:PHYTCPPI,"Macadamia nut, raw",PHYTCPPI,150.0,287,2515378,"Nuts, macadamia nuts, raw",foundation_food,approve,category_estimate,Paul S,16/08/2026,Exact match.,7e7836ad3e41985c306efc62d0c2456f69b4aad225a1ed83a2591f68dec84c86
06010099:PHYT-,"Macadamia nuts, raw",PHYT-,1310.0,287,2515378,"Nuts, macadamia nuts, raw",foundation_food,approve,category_estimate,Paul S,16/08/2026,Exact match.,7e7836ad3e41985c306efc62d0c2456f69b4aad225a1ed83a2591f68dec84c86
06010117:PHYTCPP,"Mesquite, seed, raw",PHYTCPP,669.0668,846479,1834669,ZINT LLC MESQUITE RAW ORGANIC POWDER,branded_food,approve,category_estimate,Paul S,16/08/2026,"Powder/milled form vs whole-seed description is a mismatch, but species is correct and mesquite is typically consumed processed into flour/powder from pods anyway -- close enough given typical product forms.",7e7836ad3e41985c306efc62d0c2456f69b4aad225a1ed83a2591f68dec84c86
06010127:IP6,"Peanut, raw",IP6,1994.652,285,2515376,"Peanuts, raw",foundation_food,approve,category_estimate,Paul S,16/08/2026,Exact match.,7e7836ad3e41985c306efc62d0c2456f69b4aad225a1ed83a2591f68dec84c86
06010139:IP5,"Peanut, raw",IP5,139.356,285,2515376,"Peanuts, raw",foundation_food,approve,category_estimate,Paul S,16/08/2026,Exact match.,7e7836ad3e41985c306efc62d0c2456f69b4aad225a1ed83a2591f68dec84c86
06010139:IP5_A_IP6,"Peanut, raw",IP5_A_IP6,771.672,285,2515376,"Peanuts, raw",foundation_food,approve,category_estimate,Paul S,16/08/2026,Exact match.,7e7836ad3e41985c306efc62d0c2456f69b4aad225a1ed83a2591f68dec84c86
06010139:IP6,"Peanut, raw",IP6,632.316,285,2515376,"Peanuts, raw",foundation_food,approve,category_estimate,Paul S,16/08/2026,Exact match.,7e7836ad3e41985c306efc62d0c2456f69b4aad225a1ed83a2591f68dec84c86
06010140:PHYTC-,"Peanut, raw",PHYTC-,987.0,285,2515376,"Peanuts, raw",foundation_food,approve,category_estimate,Paul S,16/08/2026,Exact match.,7e7836ad3e41985c306efc62d0c2456f69b4aad225a1ed83a2591f68dec84c86
06010141:IP6,"Peanut, raw",IP6,0.33,285,2515376,"Peanuts, raw",foundation_food,approve,category_estimate,Paul S,16/08/2026,Exact match.,7e7836ad3e41985c306efc62d0c2456f69b4aad225a1ed83a2591f68dec84c86
06010144:PHYTCPPI,"Peanut, Virginia VA 98R, raw",PHYTCPPI,170.0,5159,172434,"Peanuts, virginia, raw",sr_legacy_food,approve,category_estimate,Paul S,16/08/2026,"Cultivar-specific, Virginia-type generic reasonable match.",7e7836ad3e41985c306efc62d0c2456f69b4aad225a1ed83a2591f68dec84c86
06010146:PHYTCPPI,"Pecan nut, Desirable, raw",PHYTCPPI,180.0,246,2346395,"Nuts, pecans, halves, raw",foundation_food,approve,category_estimate,Paul S,16/08/2026,"Cultivar-specific, generic pecan halves reasonable, form detail a minor caveat.",7e7836ad3e41985c306efc62d0c2456f69b4aad225a1ed83a2591f68dec84c86
06010150:PHYTCPPI,"Pine nut, raw",PHYTCPPI,200.0,243,2346392,"Nuts, pine nuts, raw",foundation_food,approve,category_estimate,Paul S,16/08/2026,Exact match.,7e7836ad3e41985c306efc62d0c2456f69b4aad225a1ed83a2591f68dec84c86
06010151:PHYTCPP,"Pine nut, raw",PHYTCPP,883.0,243,2346392,"Nuts, pine nuts, raw",foundation_food,approve,category_estimate,Paul S,16/08/2026,Exact match.,7e7836ad3e41985c306efc62d0c2456f69b4aad225a1ed83a2591f68dec84c86
06010153:PHYTCPPI,"Pistachio, Paramount Farms, raw",PHYTCPPI,290.0,1146500,2366076,"Paramount Foods, LLC RAW PISTACHIOS",branded_food,approve,category_estimate,Paul S,16/08/2026,Exact brand match (Paramount raw pistachios).,7e7836ad3e41985c306efc62d0c2456f69b4aad225a1ed83a2591f68dec84c86
06010154:PHYTCPP,"Pistachio, raw",PHYTCPP,808.0,3038,170184,"Nuts, pistachio nuts, raw",sr_legacy_food,approve,category_estimate,Paul S,16/08/2026,Clean match.,7e7836ad3e41985c306efc62d0c2456f69b4aad225a1ed83a2591f68dec84c86
06010155:IP6,"Poppy seed, McCormick",IP6,75.0,4148,171330,"Spices, poppy seed",sr_legacy_food,approve,category_estimate,Paul S,16/08/2026,"Brand not captured, category correct.",7e7836ad3e41985c306efc62d0c2456f69b4aad225a1ed83a2591f68dec84c86
06010162:PHYTCPPD,"Sesame seed, HT-1, grown organic, raw",PHYTCPPD,945.4,844462,1831842,Now Health Group Inc. ORGANIC RAW SESAME SEEDS,branded_food,approve,category_estimate,Paul S,16/08/2026,Organic status matches explicitly; cultivar (HT-1) not captured.,7e7836ad3e41985c306efc62d0c2456f69b4aad225a1ed83a2591f68dec84c86
06010163:PHYTCPPI,"Sesame seed, raw",PHYTCPPI,0.0,154149,512664,ROUNDY'S SESAME SEED,branded_food,approve,category_estimate,Paul S,16/08/2026,Clean match.,7e7836ad3e41985c306efc62d0c2456f69b4aad225a1ed83a2591f68dec84c86
06010164:IP5_A_IP6,"Sesame seed, whole, raw",IP5_A_IP6,1525.0,3004,170150,"Seeds, sesame seeds, whole, dried",sr_legacy_food,approve,category_estimate,Paul S,16/08/2026,"Sesame seeds are naturally sold in a dried state (not usually available ""fresh"" commercially) -- ""dried"" here likely describes the default state rather than an added process, unlike fruit dehydration.",7e7836ad3e41985c306efc62d0c2456f69b4aad225a1ed83a2591f68dec84c86
06010172:PHYTCPPD,"Squash gourd, seed, dehulled, dried",PHYTCPPD,1901.988,3403,170556,"Seeds, pumpkin and squash seed kernels, dried",sr_legacy_food,approve,category_estimate,Paul S,16/08/2026,"Same family, reasonable match.",7e7836ad3e41985c306efc62d0c2456f69b4aad225a1ed83a2591f68dec84c86
06010173:PHYTCPP,"Sunflower, seed, raw",PHYTCPP,423.0,290,2515381,"Seeds, sunflower seed, kernel, raw",foundation_food,approve,category_estimate,Paul S,16/08/2026,Clean match.,7e7836ad3e41985c306efc62d0c2456f69b4aad225a1ed83a2591f68dec84c86
06010184:PHYT-,"Water melon, seed, dried",PHYT-,970.0,2279,169407,"Seeds, watermelon seed kernels, dried",sr_legacy_food,approve,category_estimate,Paul S,16/08/2026,"Genuinely watermelon seed matched to watermelon seed -- correct, unlike the many unrelated-species mismatches to this same candidate elsewhere in this review.",7e7836ad3e41985c306efc62d0c2456f69b4aad225a1ed83a2591f68dec84c86
10020001:PHYTCPPI,"Herring (west african herring), boiled",PHYTCPPI,0.0,1270653,2527210,HOMESTYLE HERRING,branded_food,approve,category_estimate,Paul S,16/08/2026,"Reasonable category estimate (boiled vs a prepared ""homestyle"" product); species (west African vs generic herring) is a minor caveat.",7e7836ad3e41985c306efc62d0c2456f69b4aad225a1ed83a2591f68dec84c86
10030001:PHYTCPPI,"Spanish fish, large",PHYTCPPI,0,6328,173673,"Fish, mackerel, spanish, raw",sr_legacy_food,approve,category_estimate,Paul S,06/08/2026,"DRAFT -- confirm before sign-off. ""Spanish fish"" reasonably read as a colloquial name for Spanish mackerel; ""large"" size descriptor not captured by the candidate. ZERO-VALUE ASSESSMENT: Plausible measured-zero -- animal tissue, same reasoning as the other fish rows.",7e7836ad3e41985c306efc62d0c2456f69b4aad225a1ed83a2591f68dec84c86
13030002:PHYTCPPD,"Cocoa powder, industrial",PHYTCPPD,713.25,218408,601358,Super Store Industries COCOA POWDER,branded_food,approve,category_estimate,Paul S,16/08/2026,"Clean match (cocoa powder); ""industrial"" grade nuance not captured.",7e7836ad3e41985c306efc62d0c2456f69b4aad225a1ed83a2591f68dec84c86
13030003:PHYTCPPD,"Cocoa powder, industrial",PHYTCPPD,584.1,218408,601358,Super Store Industries COCOA POWDER,branded_food,approve,category_estimate,Paul S,16/08/2026,"Clean match (cocoa powder); ""industrial"" grade nuance not captured.",7e7836ad3e41985c306efc62d0c2456f69b4aad225a1ed83a2591f68dec84c86
13030004:PHYTCPPD,"Cocoa powder, industrial",PHYTCPPD,629.933,218408,601358,Super Store Industries COCOA POWDER,branded_food,approve,category_estimate,Paul S,16/08/2026,"Clean match (cocoa powder); ""industrial"" grade nuance not captured.",7e7836ad3e41985c306efc62d0c2456f69b4aad225a1ed83a2591f68dec84c86
13030005:PHYTCPPD,"Cocoa powder, industrial",PHYTCPPD,662.335,218408,601358,Super Store Industries COCOA POWDER,branded_food,approve,category_estimate,Paul S,16/08/2026,"Clean match (cocoa powder); ""industrial"" grade nuance not captured.",7e7836ad3e41985c306efc62d0c2456f69b4aad225a1ed83a2591f68dec84c86
13030006:PHYTCPPD,"Cocoa powder, industrial",PHYTCPPD,631.332,218408,601358,Super Store Industries COCOA POWDER,branded_food,approve,category_estimate,Paul S,16/08/2026,"Clean match (cocoa powder); ""industrial"" grade nuance not captured.",7e7836ad3e41985c306efc62d0c2456f69b4aad225a1ed83a2591f68dec84c86
13030009:PHYTCPPI,"Roselle, calyces, raw",PHYTCPPI,1905.6604,1055,168170,"Roselle, raw",sr_legacy_food,approve,category_estimate,Paul S,16/08/2026,Calyces are the standard edible/measured part of roselle -- direct match.,7e7836ad3e41985c306efc62d0c2456f69b4aad225a1ed83a2591f68dec84c86
13030021:IP6,"Tea, instant, Nestea",IP6,67.0,193761,567302,PRINCE OF PEACE INSTANT TEA,branded_food,approve,category_estimate,Paul S,16/08/2026,Category/form matches (instant tea); brand differs -- reasonable estimate.,7e7836ad3e41985c306efc62d0c2456f69b4aad225a1ed83a2591f68dec84c86
13050001:PHYTC-,"Beverage powder, Soygen",PHYTC-,819.0,5900,173181,"Beverages, Protein powder soy based",sr_legacy_food,approve,category_estimate,Paul S,16/08/2026,Soygen is a historical soy-based beverage/protein product -- reasonable category match.,7e7836ad3e41985c306efc62d0c2456f69b4aad225a1ed83a2591f68dec84c86
14010001:PHYTCPPD,"Biscuit, butter biscuit",PHYTCPPD,167.0,66875,389936,BAHLSEN BUTTER BISCUIT,branded_food,approve,category_estimate,Paul S,16/08/2026,Exact match (butter biscuit).,7e7836ad3e41985c306efc62d0c2456f69b4aad225a1ed83a2591f68dec84c86
14010002:PHYTCPPD,"Biscuit, digestive",PHYTCPPD,580.0,1276084,2534901,DIGESTIVE BISCUITS,branded_food,approve,category_estimate,Paul S,16/08/2026,Clean match (digestive biscuits).,7e7836ad3e41985c306efc62d0c2456f69b4aad225a1ed83a2591f68dec84c86
14010010:IP3,"Biscuit, whole wheat, ""Weetabix""",IP3,151.2,128226,474348,Weetabix Ltd WHOLE WHEAT CEREAL BISCUITS,branded_food,approve,category_estimate,Paul S,16/08/2026,Excellent exact brand match (Weetabix).,7e7836ad3e41985c306efc62d0c2456f69b4aad225a1ed83a2591f68dec84c86
14010010:IP4,"Biscuit, whole wheat, ""Weetabix""",IP4,155.0,128226,474348,Weetabix Ltd WHOLE WHEAT CEREAL BISCUITS,branded_food,approve,category_estimate,Paul S,16/08/2026,Excellent exact brand match.,7e7836ad3e41985c306efc62d0c2456f69b4aad225a1ed83a2591f68dec84c86
14010010:IP5,"Biscuit, whole wheat, ""Weetabix""",IP5,232.0,128226,474348,Weetabix Ltd WHOLE WHEAT CEREAL BISCUITS,branded_food,approve,category_estimate,Paul S,16/08/2026,Excellent exact brand match (Weetabix).,7e7836ad3e41985c306efc62d0c2456f69b4aad225a1ed83a2591f68dec84c86
14010010:IP6,"Biscuit, whole wheat, ""Weetabix""",IP6,283.8,128226,474348,Weetabix Ltd WHOLE WHEAT CEREAL BISCUITS,branded_food,approve,category_estimate,Paul S,16/08/2026,Excellent exact brand match (Weetabix).,7e7836ad3e41985c306efc62d0c2456f69b4aad225a1ed83a2591f68dec84c86
14010011:PHYTCPP,"Biscuit, whole wheat-based",PHYTCPP,304.0,1274191,2532113,WHOLE WHEAT TEA BISCUITS,branded_food,approve,category_estimate,Paul S,16/08/2026,"Clean match, ""tea"" style not confirmed but reasonable.",7e7836ad3e41985c306efc62d0c2456f69b4aad225a1ed83a2591f68dec84c86
14010024:PHYTCPP,Doughnut,PHYTCPP,37.945599999999985,5481,172756,"Doughnuts, french crullers, glazed",sr_legacy_food,approve,category_estimate,Paul S,16/08/2026,Specific style (french cruller) vs generic doughnut request -- reasonable category estimate.,7e7836ad3e41985c306efc62d0c2456f69b4aad225a1ed83a2591f68dec84c86
14030002:PHYTC-,"Carob bar, Nutoata",PHYTC-,726.8,215191,597103,MISSY J'S CAROB BAR,branded_food,approve,category_estimate,Paul S,16/08/2026,"Brand differs from ""Nutoata"" but product type is exact (carob bar).",7e7836ad3e41985c306efc62d0c2456f69b4aad225a1ed83a2591f68dec84c86
14030006:PHYTC-,"Snackbar, Granny's, ""all fruits"", Granny's",PHYTC-,539.5,5875,173151,"Snacks, NUTRI-GRAIN FRUIT AND NUT BAR",sr_legacy_food,approve,category_estimate,Paul S,16/08/2026,"Reasonable category match, brand differs but fruit/nut bar category correct.",7e7836ad3e41985c306efc62d0c2456f69b4aad225a1ed83a2591f68dec84c86
14030007:PHYTC-,"Snackbar, Granny's, ""apricot and cashew"", Granny's",PHYTC-,661.2,149464,506492,"The Toasted Oat THE TOASTED OAT, GRANOLA, NO. 4 CASHEW + APRICOT",branded_food,approve,category_estimate,Paul S,16/08/2026,Excellent flavor match (apricot + cashew) even though brand differs.,7e7836ad3e41985c306efc62d0c2456f69b4aad225a1ed83a2591f68dec84c86
14030010:PHYTC-,"Snackbar, Granny's, ""mixed fruit and nuts"", Granny's",PHYTC-,481.0,5875,173151,"Snacks, NUTRI-GRAIN FRUIT AND NUT BAR",sr_legacy_food,approve,category_estimate,Paul S,16/08/2026,Same reasonable category match.,7e7836ad3e41985c306efc62d0c2456f69b4aad225a1ed83a2591f68dec84c86
15010001:PHYTCPP,"African basil (scent leaves), dried",PHYTCPP,3.9,4135,171317,"Spices, basil, dried",sr_legacy_food,approve,category_estimate,Paul S,16/08/2026,African basil (Ocimum gratissimum) is a real basil-genus species -- reasonable category estimate.,7e7836ad3e41985c306efc62d0c2456f69b4aad225a1ed83a2591f68dec84c86
15010003:PHYTC-,"African basil, dried",PHYTC-,0.3,4135,171317,"Spices, basil, dried",sr_legacy_food,approve,category_estimate,Paul S,16/08/2026,Same reasonable category estimate.,7e7836ad3e41985c306efc62d0c2456f69b4aad225a1ed83a2591f68dec84c86
15010014:PHYTCPP,"Black pepper, dried",PHYTCPP,383.0,3772,170931,"Spices, pepper, black",sr_legacy_food,approve,category_estimate,Paul S,16/08/2026,Clean match.,7e7836ad3e41985c306efc62d0c2456f69b4aad225a1ed83a2591f68dec84c86
15010015:PHYTCPPI,"Black pepper, dried, powdered",PHYTCPPI,280.24,3772,170931,"Spices, pepper, black",sr_legacy_food,approve,category_estimate,Paul S,16/08/2026,Clean match.,7e7836ad3e41985c306efc62d0c2456f69b4aad225a1ed83a2591f68dec84c86
15010020:PHYTCPPI,"Chili pepper, dried",PHYTCPPI,200.0,1455,168570,"Peppers, hot chile, sun-dried",sr_legacy_food,approve,category_estimate,Paul S,16/08/2026,Good match.,7e7836ad3e41985c306efc62d0c2456f69b4aad225a1ed83a2591f68dec84c86
15010021:PHYTCPP,"Chili pepper, Green, raw",PHYTCPP,13.38,3344,170497,"Peppers, hot chili, green, raw",sr_legacy_food,approve,category_estimate,Paul S,16/08/2026,"Clean match, breeding-line number is just a cultivar identifier.",7e7836ad3e41985c306efc62d0c2456f69b4aad225a1ed83a2591f68dec84c86
15010022:PHYTCPP,"Chili pepper, Green-1, raw",PHYTCPP,13.54,3344,170497,"Peppers, hot chili, green, raw",sr_legacy_food,approve,category_estimate,Paul S,16/08/2026,"Clean match, breeding-line number is just a cultivar identifier.",7e7836ad3e41985c306efc62d0c2456f69b4aad225a1ed83a2591f68dec84c86
15010023:PHYTCPP,"Chili pepper, Green-2, raw",PHYTCPP,13.96,3344,170497,"Peppers, hot chili, green, raw",sr_legacy_food,approve,category_estimate,Paul S,16/08/2026,"Clean match, breeding-line number is just a cultivar identifier.",7e7836ad3e41985c306efc62d0c2456f69b4aad225a1ed83a2591f68dec84c86
15010024:PHYTCPP,"Chili pepper, Green-3, raw",PHYTCPP,14.56,3344,170497,"Peppers, hot chili, green, raw",sr_legacy_food,approve,category_estimate,Paul S,16/08/2026,"Clean match, breeding-line number is just a cultivar identifier.",7e7836ad3e41985c306efc62d0c2456f69b4aad225a1ed83a2591f68dec84c86
15010025:PHYTCPP,"Chili pepper, Green-4, raw",PHYTCPP,12.31,3344,170497,"Peppers, hot chili, green, raw",sr_legacy_food,approve,category_estimate,Paul S,16/08/2026,"Clean match, breeding-line number is just a cultivar identifier.",7e7836ad3e41985c306efc62d0c2456f69b4aad225a1ed83a2591f68dec84c86
15010026:PHYTCPP,"Chili pepper, Green-5, raw",PHYTCPP,12.45,3344,170497,"Peppers, hot chili, green, raw",sr_legacy_food,approve,category_estimate,Paul S,16/08/2026,"Clean match, breeding-line number is just a cultivar identifier.",7e7836ad3e41985c306efc62d0c2456f69b4aad225a1ed83a2591f68dec84c86
15010027:PHYTCPP,"Chili pepper, Green-6, raw",PHYTCPP,10.39,3344,170497,"Peppers, hot chili, green, raw",sr_legacy_food,approve,category_estimate,Paul S,16/08/2026,"Clean match, breeding-line number is just a cultivar identifier.",7e7836ad3e41985c306efc62d0c2456f69b4aad225a1ed83a2591f68dec84c86
15010028:PHYTCPP,"Chili pepper, Green-7, raw",PHYTCPP,13.29,3344,170497,"Peppers, hot chili, green, raw",sr_legacy_food,approve,category_estimate,Paul S,16/08/2026,"Clean match, breeding-line number is just a cultivar identifier.",7e7836ad3e41985c306efc62d0c2456f69b4aad225a1ed83a2591f68dec84c86
15010029:PHYTCPPI,"Chili pepper, raw",PHYTCPPI,30.0,2960,170106,"Peppers, hot chili, red, raw",sr_legacy_food,approve,category_estimate,Paul S,16/08/2026,Good match.,7e7836ad3e41985c306efc62d0c2456f69b4aad225a1ed83a2591f68dec84c86
15010036:PHYTCPPI,"Coriander, dried, powdered",PHYTCPPI,887.7079999999999,192105,565002,SWAD CORIANDER POWDER,branded_food,approve,category_estimate,Paul S,16/08/2026,Good match.,7e7836ad3e41985c306efc62d0c2456f69b4aad225a1ed83a2591f68dec84c86
15010037:PHYTCPP,"Coriander, leaves, raw",PHYTCPP,38.68,2851,169997,"Coriander (cilantro) leaves, raw",sr_legacy_food,approve,category_estimate,Paul S,16/08/2026,Exact match.,7e7836ad3e41985c306efc62d0c2456f69b4aad225a1ed83a2591f68dec84c86
15010038:PHYTCPP,"Coriander, seeds, dried",PHYTCPP,1008.0,3763,170922,"Spices, coriander seed",sr_legacy_food,approve,category_estimate,Paul S,16/08/2026,Good match.,7e7836ad3e41985c306efc62d0c2456f69b4aad225a1ed83a2591f68dec84c86
15010049:PHYTCPP,"Fenugreek seed, dried",PHYTCPP,570.0,4142,171324,"Spices, fenugreek seed",sr_legacy_food,approve,category_estimate,Paul S,16/08/2026,Dried matches the standard whole-seed spice form.,7e7836ad3e41985c306efc62d0c2456f69b4aad225a1ed83a2591f68dec84c86
15010050:PHYTCPPI,"Fenugreek seed, Pusa, dried",PHYTCPPI,507.61660000000006,4142,171324,"Spices, fenugreek seed",sr_legacy_food,approve,category_estimate,Paul S,16/08/2026,"Cultivar-specific, dried matches the standard spice form.",7e7836ad3e41985c306efc62d0c2456f69b4aad225a1ed83a2591f68dec84c86
15010053:PHYTCPP,"Fenugreek seed, raw",PHYTCPP,150.19735,4142,171324,"Spices, fenugreek seed",sr_legacy_food,approve,category_estimate,Paul S,16/08/2026,Whole fenugreek seed sold as a spice is essentially just the raw/dried seed with no further processing -- raw reasonably matches the spice form.,7e7836ad3e41985c306efc62d0c2456f69b4aad225a1ed83a2591f68dec84c86
15010053:PP-,"Fenugreek seed, raw",PP-,68.2634,4142,171324,"Spices, fenugreek seed",sr_legacy_food,approve,category_estimate,Paul S,16/08/2026,Whole fenugreek seed sold as a spice is essentially just the raw/dried seed with no further processing -- raw reasonably matches the spice form.,7e7836ad3e41985c306efc62d0c2456f69b4aad225a1ed83a2591f68dec84c86
15010055:PHYTCPP,"Garlic, big clove, raw",PHYTCPP,36.55,153,1104647,"Garlic, raw",foundation_food,approve,category_estimate,Paul S,16/08/2026,Clean match.,7e7836ad3e41985c306efc62d0c2456f69b4aad225a1ed83a2591f68dec84c86
15010057:PHYTCPPI,"Garlic, dried, powdered",PHYTCPPI,223.10999999999996,4143,171325,"Spices, garlic powder",sr_legacy_food,approve,category_estimate,Paul S,16/08/2026,Clean match.,7e7836ad3e41985c306efc62d0c2456f69b4aad225a1ed83a2591f68dec84c86
15010058:PHYTCPP,"Garlic, Kashmir, single clove, raw",PHYTCPP,31.95,153,1104647,"Garlic, raw",foundation_food,approve,category_estimate,Paul S,16/08/2026,Clean match.,7e7836ad3e41985c306efc62d0c2456f69b4aad225a1ed83a2591f68dec84c86
15010059:PHYTCPP,"Garlic, small clove, raw",PHYTCPP,35.43,153,1104647,"Garlic, raw",foundation_food,approve,category_estimate,Paul S,16/08/2026,Clean match.,7e7836ad3e41985c306efc62d0c2456f69b4aad225a1ed83a2591f68dec84c86
15010060:PHYTCPPI,"Ginger, dried, powdered",PHYTCPPI,294.432,186888,557638,"BUTTERFLY BUTTERFLY, GINGER POWDER",branded_food,approve,category_estimate,Paul S,16/08/2026,Good match.,7e7836ad3e41985c306efc62d0c2456f69b4aad225a1ed83a2591f68dec84c86
15010061:PHYTCPP,"Ginger, fresh, raw",PHYTCPP,14.5,2103,169231,"Ginger root, raw",sr_legacy_food,approve,category_estimate,Paul S,16/08/2026,Clean match.,7e7836ad3e41985c306efc62d0c2456f69b4aad225a1ed83a2591f68dec84c86
15020028:PHYTCPPI,"Sauce, out of groundnut",PHYTCPPI,120.0,156349,515563,COLOSIMO SAUCE GROUND SAUCE,branded_food,approve,category_estimate,Paul S,16/08/2026,"Plausible groundnut/peanut sauce category match; ""ground sauce"" naming is ambiguous but contextually consistent with a specialty African-sauce product line.",7e7836ad3e41985c306efc62d0c2456f69b4aad225a1ed83a2591f68dec84c86
15020030:PHYTCPPI,"Sauce, out of sorrel leaves and groundnut",PHYTCPPI,30.0,816936,1793146,Colosimo Joes LLC GROUND SAUCE,branded_food,approve,category_estimate,Paul S,16/08/2026,Plausible groundnut sauce category match from the same specialty brand; sorrel-leaves component not confirmed/captured.,7e7836ad3e41985c306efc62d0c2456f69b4aad225a1ed83a2591f68dec84c86
16010003:PHYTCPP,"Baby food, commercially produced (apple, pear, oat, blueberry)",PHYTCPP,72.0,4178,171360,"Babyfood, cereal, oatmeal, dry fortified",sr_legacy_food,approve,category_estimate,Paul S,16/08/2026,"Source description explicitly states the grain (oatmeal/rice) and the candidate matches it -- correct category, other ingredients in the mix (fruit/veg/meat) aren't captured by a single-nutrient cereal candidate but the grain-cereal component is the right category estimate.",7e7836ad3e41985c306efc62d0c2456f69b4aad225a1ed83a2591f68dec84c86
16010004:PHYTCPP,"Baby food, commercially produced (apple, pear, oatmeal)",PHYTCPP,92.0,4178,171360,"Babyfood, cereal, oatmeal, dry fortified",sr_legacy_food,approve,category_estimate,Paul S,16/08/2026,"Source description explicitly states the grain (oatmeal/rice) and the candidate matches it -- correct category, other ingredients in the mix (fruit/veg/meat) aren't captured by a single-nutrient cereal candidate but the grain-cereal component is the right category estimate.",7e7836ad3e41985c306efc62d0c2456f69b4aad225a1ed83a2591f68dec84c86
16010005:PHYTCPP,"Baby food, commercially produced (brown rice, vegetables)",PHYTCPP,82.0,3807,170969,"Babyfood, cereal, rice, dry fortified",sr_legacy_food,approve,category_estimate,Paul S,16/08/2026,"Source description explicitly states the grain (oatmeal/rice) and the candidate matches it -- correct category, other ingredients in the mix (fruit/veg/meat) aren't captured by a single-nutrient cereal candidate but the grain-cereal component is the right category estimate.",7e7836ad3e41985c306efc62d0c2456f69b4aad225a1ed83a2591f68dec84c86
16010006:PHYTCPP,"Baby food, commercially produced (carrot, rice flour, beef, pea)",PHYTCPP,53.0,3807,170969,"Babyfood, cereal, rice, dry fortified",sr_legacy_food,approve,category_estimate,Paul S,16/08/2026,"Source description explicitly states the grain (oatmeal/rice) and the candidate matches it -- correct category, other ingredients in the mix (fruit/veg/meat) aren't captured by a single-nutrient cereal candidate but the grain-cereal component is the right category estimate.",7e7836ad3e41985c306efc62d0c2456f69b4aad225a1ed83a2591f68dec84c86
16010007:PHYTCPPI,"Baby food, commercially produced (corn, millet)",PHYTCPPI,0.010989,3802,170964,"Babyfood, cereal, mixed, dry fortified",sr_legacy_food,replace,category_estimate,Paul S,16/08/2026,"Source states the grain (corn/maize/millet) but candidate is barley -- wrong, and FDC has no corn/maize/millet-specific babyfood cereal entry to replace it with (checked directly: only barley/mixed/oatmeal/rice/multigrain exist). Replaced with the mixed-grain generic as the least-wrong available category estimate, same approach as the sibling ungrained rows in review_5_infant_flour_cluster.csv.",7e7836ad3e41985c306efc62d0c2456f69b4aad225a1ed83a2591f68dec84c86
16010010:PHYTCPP,"Baby food, commercially produced (potato, beef, brown rice)",PHYTCPP,51.0,3807,170969,"Babyfood, cereal, rice, dry fortified",sr_legacy_food,approve,category_estimate,Paul S,16/08/2026,"Source description explicitly states the grain (oatmeal/rice) and the candidate matches it -- correct category, other ingredients in the mix (fruit/veg/meat) aren't captured by a single-nutrient cereal candidate but the grain-cereal component is the right category estimate.",7e7836ad3e41985c306efc62d0c2456f69b4aad225a1ed83a2591f68dec84c86
16010012:PHYTCPPI,"Baby food, commercially produced (rice, groundnut)",PHYTCPPI,0.032215,3807,170969,"Babyfood, cereal, rice, dry fortified",sr_legacy_food,approve,category_estimate,Paul S,16/08/2026,Rice explicitly stated and correctly matched; groundnut/peanut component not captured by a single-nutrient cereal candidate but the grain-cereal component is right.,7e7836ad3e41985c306efc62d0c2456f69b4aad225a1ed83a2591f68dec84c86
16010013:PHYTCPPI,"Baby food, corn based, commercially produced",PHYTCPPI,0.0039000000000000003,3802,170964,"Babyfood, cereal, mixed, dry fortified",sr_legacy_food,replace,category_estimate,Paul S,16/08/2026,"Source states the grain (corn/maize/millet) but candidate is barley -- wrong, and FDC has no corn/maize/millet-specific babyfood cereal entry to replace it with (checked directly: only barley/mixed/oatmeal/rice/multigrain exist). Replaced with the mixed-grain generic as the least-wrong available category estimate, same approach as the sibling ungrained rows in review_5_infant_flour_cluster.csv.",7e7836ad3e41985c306efc62d0c2456f69b4aad225a1ed83a2591f68dec84c86
16010014:PHYTCPPI,"Baby food, corn based, commercially produced",PHYTCPPI,0.0025480000000000004,3802,170964,"Babyfood, cereal, mixed, dry fortified",sr_legacy_food,replace,category_estimate,Paul S,16/08/2026,"Source states the grain (corn/maize/millet) but candidate is barley -- wrong, and FDC has no corn/maize/millet-specific babyfood cereal entry to replace it with (checked directly: only barley/mixed/oatmeal/rice/multigrain exist). Replaced with the mixed-grain generic as the least-wrong available category estimate, same approach as the sibling ungrained rows in review_5_infant_flour_cluster.csv.",7e7836ad3e41985c306efc62d0c2456f69b4aad225a1ed83a2591f68dec84c86
16010015:PHYTCPPI,"Baby food, corn based, commercially produced",PHYTCPPI,0.015467999999999999,3802,170964,"Babyfood, cereal, mixed, dry fortified",sr_legacy_food,replace,category_estimate,Paul S,16/08/2026,"Source states the grain (corn/maize/millet) but candidate is barley -- wrong, and FDC has no corn/maize/millet-specific babyfood cereal entry to replace it with (checked directly: only barley/mixed/oatmeal/rice/multigrain exist). Replaced with the mixed-grain generic as the least-wrong available category estimate, same approach as the sibling ungrained rows in review_5_infant_flour_cluster.csv.",7e7836ad3e41985c306efc62d0c2456f69b4aad225a1ed83a2591f68dec84c86
16010016:PHYTCPPI,"Baby food, maize based, commercially produced",PHYTCPPI,0.0035600000000000002,3802,170964,"Babyfood, cereal, mixed, dry fortified",sr_legacy_food,replace,category_estimate,Paul S,16/08/2026,"Source states the grain (corn/maize/millet) but candidate is barley -- wrong, and FDC has no corn/maize/millet-specific babyfood cereal entry to replace it with (checked directly: only barley/mixed/oatmeal/rice/multigrain exist). Replaced with the mixed-grain generic as the least-wrong available category estimate, same approach as the sibling ungrained rows in review_5_infant_flour_cluster.csv.",7e7836ad3e41985c306efc62d0c2456f69b4aad225a1ed83a2591f68dec84c86
16010017:PHYTCPPI,"Baby food, maize based, commercially produced",PHYTCPPI,0.02583,3802,170964,"Babyfood, cereal, mixed, dry fortified",sr_legacy_food,replace,category_estimate,Paul S,16/08/2026,"Source states the grain (corn/maize/millet) but candidate is barley -- wrong, and FDC has no corn/maize/millet-specific babyfood cereal entry to replace it with (checked directly: only barley/mixed/oatmeal/rice/multigrain exist). Replaced with the mixed-grain generic as the least-wrong available category estimate, same approach as the sibling ungrained rows in review_5_infant_flour_cluster.csv.",7e7836ad3e41985c306efc62d0c2456f69b4aad225a1ed83a2591f68dec84c86
16010018:PHYTCPPI,"Baby food, maize based, commercially produced",PHYTCPPI,0.003795,3802,170964,"Babyfood, cereal, mixed, dry fortified",sr_legacy_food,replace,category_estimate,Paul S,16/08/2026,"Source states the grain (corn/maize/millet) but candidate is barley -- wrong, and FDC has no corn/maize/millet-specific babyfood cereal entry to replace it with (checked directly: only barley/mixed/oatmeal/rice/multigrain exist). Replaced with the mixed-grain generic as the least-wrong available category estimate, same approach as the sibling ungrained rows in review_5_infant_flour_cluster.csv.",7e7836ad3e41985c306efc62d0c2456f69b4aad225a1ed83a2591f68dec84c86
16010019:PHYTCPPI,"Baby food, millet based, commercially produced",PHYTCPPI,0.00885,3802,170964,"Babyfood, cereal, mixed, dry fortified",sr_legacy_food,replace,category_estimate,Paul S,16/08/2026,"Source states the grain (corn/maize/millet) but candidate is barley -- wrong, and FDC has no corn/maize/millet-specific babyfood cereal entry to replace it with (checked directly: only barley/mixed/oatmeal/rice/multigrain exist). Replaced with the mixed-grain generic as the least-wrong available category estimate, same approach as the sibling ungrained rows in review_5_infant_flour_cluster.csv.",7e7836ad3e41985c306efc62d0c2456f69b4aad225a1ed83a2591f68dec84c86
16010020:PHYTCPPI,"Baby food, millet based, commercially produced",PHYTCPPI,0.00477,3802,170964,"Babyfood, cereal, mixed, dry fortified",sr_legacy_food,replace,category_estimate,Paul S,16/08/2026,"Source states the grain (corn/maize/millet) but candidate is barley -- wrong, and FDC has no corn/maize/millet-specific babyfood cereal entry to replace it with (checked directly: only barley/mixed/oatmeal/rice/multigrain exist). Replaced with the mixed-grain generic as the least-wrong available category estimate, same approach as the sibling ungrained rows in review_5_infant_flour_cluster.csv.",7e7836ad3e41985c306efc62d0c2456f69b4aad225a1ed83a2591f68dec84c86
16010021:PHYTCPPI,"Baby food, millet based, commercially produced",PHYTCPPI,0.018228,3802,170964,"Babyfood, cereal, mixed, dry fortified",sr_legacy_food,replace,category_estimate,Paul S,16/08/2026,"Source states the grain (corn/maize/millet) but candidate is barley -- wrong, and FDC has no corn/maize/millet-specific babyfood cereal entry to replace it with (checked directly: only barley/mixed/oatmeal/rice/multigrain exist). Replaced with the mixed-grain generic as the least-wrong available category estimate, same approach as the sibling ungrained rows in review_5_infant_flour_cluster.csv.",7e7836ad3e41985c306efc62d0c2456f69b4aad225a1ed83a2591f68dec84c86
16010022:PHYTCPPI,"Baby food, millet based, commercially produced",PHYTCPPI,0.009625,3802,170964,"Babyfood, cereal, mixed, dry fortified",sr_legacy_food,replace,category_estimate,Paul S,16/08/2026,"Source states the grain (corn/maize/millet) but candidate is barley -- wrong, and FDC has no corn/maize/millet-specific babyfood cereal entry to replace it with (checked directly: only barley/mixed/oatmeal/rice/multigrain exist). Replaced with the mixed-grain generic as the least-wrong available category estimate, same approach as the sibling ungrained rows in review_5_infant_flour_cluster.csv.",7e7836ad3e41985c306efc62d0c2456f69b4aad225a1ed83a2591f68dec84c86
16010023:PHYTCPPI,"Baby food, millet based, commercially produced",PHYTCPPI,0.008985,3802,170964,"Babyfood, cereal, mixed, dry fortified",sr_legacy_food,replace,category_estimate,Paul S,16/08/2026,"Source states the grain (corn/maize/millet) but candidate is barley -- wrong, and FDC has no corn/maize/millet-specific babyfood cereal entry to replace it with (checked directly: only barley/mixed/oatmeal/rice/multigrain exist). Replaced with the mixed-grain generic as the least-wrong available category estimate, same approach as the sibling ungrained rows in review_5_infant_flour_cluster.csv.",7e7836ad3e41985c306efc62d0c2456f69b4aad225a1ed83a2591f68dec84c86
16010024:PHYTCPPD,Infant flour,PHYTCPPD,123.3,3802,170964,"Babyfood, cereal, mixed, dry fortified",sr_legacy_food,replace,category_estimate,Paul S,16/08/2026,"Source description does not state a grain, but the pipeline still picked a single-grain babyfood-cereal candidate. Checked the full 45-row cluster: near-identical ungrained descriptions get inconsistent grain picks (barley here, rice there, mixed elsewhere) depending on minor wording differences -- this looks like an unstable/arbitrary default in the matching code, not a real distinction, and is worth flagging for a matching-rule fix (should default to ""mixed"" consistently when no grain is stated). Replaced with the mixed-grain candidate here since it is the only one that does not overstate a specific grain the source never claimed.",7e7836ad3e41985c306efc62d0c2456f69b4aad225a1ed83a2591f68dec84c86
16010025:PHYTCPPD,"Infant flour, balls",PHYTCPPD,68.0,3802,170964,"Babyfood, cereal, mixed, dry fortified",sr_legacy_food,replace,category_estimate,Paul S,16/08/2026,"Source description does not state a grain, but the pipeline still picked a single-grain babyfood-cereal candidate. Checked the full 45-row cluster: near-identical ungrained descriptions get inconsistent grain picks (barley here, rice there, mixed elsewhere) depending on minor wording differences -- this looks like an unstable/arbitrary default in the matching code, not a real distinction, and is worth flagging for a matching-rule fix (should default to ""mixed"" consistently when no grain is stated). Replaced with the mixed-grain candidate here since it is the only one that does not overstate a specific grain the source never claimed.",7e7836ad3e41985c306efc62d0c2456f69b4aad225a1ed83a2591f68dec84c86
16010026:IP5,"Infant flour, cereal-based, commercial, fortified",IP5,21.581999999999997,3802,170964,"Babyfood, cereal, mixed, dry fortified",sr_legacy_food,approve,category_estimate,Paul S,16/08/2026,"Source does not state a grain; candidate is the mixed-grain babyfood cereal, the honest generic default -- correct call, unlike the sibling rows below that got a specific-grain candidate for equally ungrained descriptions (see those rows' notes).",7e7836ad3e41985c306efc62d0c2456f69b4aad225a1ed83a2591f68dec84c86
16010026:IP5_A_IP6,"Infant flour, cereal-based, commercial, fortified",IP5_A_IP6,288.414,3802,170964,"Babyfood, cereal, mixed, dry fortified",sr_legacy_food,approve,category_estimate,Paul S,16/08/2026,"Source does not state a grain; candidate is the mixed-grain babyfood cereal, the honest generic default -- correct call, unlike the sibling rows below that got a specific-grain candidate for equally ungrained descriptions (see those rows' notes).",7e7836ad3e41985c306efc62d0c2456f69b4aad225a1ed83a2591f68dec84c86
16010026:IP6,"Infant flour, cereal-based, commercial, fortified",IP6,266.832,3802,170964,"Babyfood, cereal, mixed, dry fortified",sr_legacy_food,approve,category_estimate,Paul S,16/08/2026,"Source does not state a grain; candidate is the mixed-grain babyfood cereal, the honest generic default -- correct call, unlike the sibling rows below that got a specific-grain candidate for equally ungrained descriptions (see those rows' notes).",7e7836ad3e41985c306efc62d0c2456f69b4aad225a1ed83a2591f68dec84c86
16010027:IP5,"Infant flour, cereal-based, commercial, fortified, water-boiled",IP5,2.592000000000001,3802,170964,"Babyfood, cereal, mixed, dry fortified",sr_legacy_food,replace,category_estimate,Paul S,16/08/2026,"Source description does not state a grain, but the pipeline still picked a single-grain babyfood-cereal candidate. Checked the full 45-row cluster: near-identical ungrained descriptions get inconsistent grain picks (barley here, rice there, mixed elsewhere) depending on minor wording differences -- this looks like an unstable/arbitrary default in the matching code, not a real distinction, and is worth flagging for a matching-rule fix (should default to ""mixed"" consistently when no grain is stated). Replaced with the mixed-grain candidate here since it is the only one that does not overstate a specific grain the source never claimed.",7e7836ad3e41985c306efc62d0c2456f69b4aad225a1ed83a2591f68dec84c86
16010027:IP5_A_IP6,"Infant flour, cereal-based, commercial, fortified, water-boiled",IP5_A_IP6,31.104000000000013,3802,170964,"Babyfood, cereal, mixed, dry fortified",sr_legacy_food,replace,category_estimate,Paul S,16/08/2026,"Source description does not state a grain, but the pipeline still picked a single-grain babyfood-cereal candidate. Checked the full 45-row cluster: near-identical ungrained descriptions get inconsistent grain picks (barley here, rice there, mixed elsewhere) depending on minor wording differences -- this looks like an unstable/arbitrary default in the matching code, not a real distinction, and is worth flagging for a matching-rule fix (should default to ""mixed"" consistently when no grain is stated). Replaced with the mixed-grain candidate here since it is the only one that does not overstate a specific grain the source never claimed.",7e7836ad3e41985c306efc62d0c2456f69b4aad225a1ed83a2591f68dec84c86
16010027:IP6,"Infant flour, cereal-based, commercial, fortified, water-boiled",IP6,28.51200000000001,3802,170964,"Babyfood, cereal, mixed, dry fortified",sr_legacy_food,replace,category_estimate,Paul S,16/08/2026,"Source description does not state a grain, but the pipeline still picked a single-grain babyfood-cereal candidate. Checked the full 45-row cluster: near-identical ungrained descriptions get inconsistent grain picks (barley here, rice there, mixed elsewhere) depending on minor wording differences -- this looks like an unstable/arbitrary default in the matching code, not a real distinction, and is worth flagging for a matching-rule fix (should default to ""mixed"" consistently when no grain is stated). Replaced with the mixed-grain candidate here since it is the only one that does not overstate a specific grain the source never claimed.",7e7836ad3e41985c306efc62d0c2456f69b4aad225a1ed83a2591f68dec84c86
16010028:IP5_A_IP6,"Infant flour, cereal-based, commercially produced",IP5_A_IP6,554.094,3802,170964,"Babyfood, cereal, mixed, dry fortified",sr_legacy_food,replace,category_estimate,Paul S,16/08/2026,"Source description does not state a grain, but the pipeline still picked a single-grain babyfood-cereal candidate. Checked the full 45-row cluster: near-identical ungrained descriptions get inconsistent grain picks (barley here, rice there, mixed elsewhere) depending on minor wording differences -- this looks like an unstable/arbitrary default in the matching code, not a real distinction, and is worth flagging for a matching-rule fix (should default to ""mixed"" consistently when no grain is stated). Replaced with the mixed-grain candidate here since it is the only one that does not overstate a specific grain the source never claimed.",7e7836ad3e41985c306efc62d0c2456f69b4aad225a1ed83a2591f68dec84c86
16010029:IP5_A_IP6,"Infant flour, cereal-based, commercially produced",IP5_A_IP6,482.151,3802,170964,"Babyfood, cereal, mixed, dry fortified",sr_legacy_food,replace,category_estimate,Paul S,16/08/2026,"Source description does not state a grain, but the pipeline still picked a single-grain babyfood-cereal candidate. Checked the full 45-row cluster: near-identical ungrained descriptions get inconsistent grain picks (barley here, rice there, mixed elsewhere) depending on minor wording differences -- this looks like an unstable/arbitrary default in the matching code, not a real distinction, and is worth flagging for a matching-rule fix (should default to ""mixed"" consistently when no grain is stated). Replaced with the mixed-grain candidate here since it is the only one that does not overstate a specific grain the source never claimed.",7e7836ad3e41985c306efc62d0c2456f69b4aad225a1ed83a2591f68dec84c86
16010030:IP5_A_IP6,"Infant flour, cereal-based, commercially produced",IP5_A_IP6,143.944,3802,170964,"Babyfood, cereal, mixed, dry fortified",sr_legacy_food,replace,category_estimate,Paul S,16/08/2026,"Source description does not state a grain, but the pipeline still picked a single-grain babyfood-cereal candidate. Checked the full 45-row cluster: near-identical ungrained descriptions get inconsistent grain picks (barley here, rice there, mixed elsewhere) depending on minor wording differences -- this looks like an unstable/arbitrary default in the matching code, not a real distinction, and is worth flagging for a matching-rule fix (should default to ""mixed"" consistently when no grain is stated). Replaced with the mixed-grain candidate here since it is the only one that does not overstate a specific grain the source never claimed.",7e7836ad3e41985c306efc62d0c2456f69b4aad225a1ed83a2591f68dec84c86
16010031:IP5_A_IP6,"Infant flour, cereal-based, commercially produced",IP5_A_IP6,296.866,3802,170964,"Babyfood, cereal, mixed, dry fortified",sr_legacy_food,replace,category_estimate,Paul S,16/08/2026,"Source description does not state a grain, but the pipeline still picked a single-grain babyfood-cereal candidate. Checked the full 45-row cluster: near-identical ungrained descriptions get inconsistent grain picks (barley here, rice there, mixed elsewhere) depending on minor wording differences -- this looks like an unstable/arbitrary default in the matching code, not a real distinction, and is worth flagging for a matching-rule fix (should default to ""mixed"" consistently when no grain is stated). Replaced with the mixed-grain candidate here since it is the only one that does not overstate a specific grain the source never claimed.",7e7836ad3e41985c306efc62d0c2456f69b4aad225a1ed83a2591f68dec84c86
16010032:IP5_A_IP6,"Infant flour, cereal-based, commercially produced",IP5_A_IP6,432.0,3802,170964,"Babyfood, cereal, mixed, dry fortified",sr_legacy_food,replace,category_estimate,Paul S,16/08/2026,"Source description does not state a grain, but the pipeline still picked a single-grain babyfood-cereal candidate. Checked the full 45-row cluster: near-identical ungrained descriptions get inconsistent grain picks (barley here, rice there, mixed elsewhere) depending on minor wording differences -- this looks like an unstable/arbitrary default in the matching code, not a real distinction, and is worth flagging for a matching-rule fix (should default to ""mixed"" consistently when no grain is stated). Replaced with the mixed-grain candidate here since it is the only one that does not overstate a specific grain the source never claimed.",7e7836ad3e41985c306efc62d0c2456f69b4aad225a1ed83a2591f68dec84c86
16010033:IP5_A_IP6,"Infant flour, cereal-based, commercially produced",IP5_A_IP6,90.4813,3802,170964,"Babyfood, cereal, mixed, dry fortified",sr_legacy_food,replace,category_estimate,Paul S,16/08/2026,"Source description does not state a grain, but the pipeline still picked a single-grain babyfood-cereal candidate. Checked the full 45-row cluster: near-identical ungrained descriptions get inconsistent grain picks (barley here, rice there, mixed elsewhere) depending on minor wording differences -- this looks like an unstable/arbitrary default in the matching code, not a real distinction, and is worth flagging for a matching-rule fix (should default to ""mixed"" consistently when no grain is stated). Replaced with the mixed-grain candidate here since it is the only one that does not overstate a specific grain the source never claimed.",7e7836ad3e41985c306efc62d0c2456f69b4aad225a1ed83a2591f68dec84c86
16010034:IP5_A_IP6,"Infant flour, cereal-based, commercially produced",IP5_A_IP6,46.7086,3802,170964,"Babyfood, cereal, mixed, dry fortified",sr_legacy_food,replace,category_estimate,Paul S,16/08/2026,"Source description does not state a grain, but the pipeline still picked a single-grain babyfood-cereal candidate. Checked the full 45-row cluster: near-identical ungrained descriptions get inconsistent grain picks (barley here, rice there, mixed elsewhere) depending on minor wording differences -- this looks like an unstable/arbitrary default in the matching code, not a real distinction, and is worth flagging for a matching-rule fix (should default to ""mixed"" consistently when no grain is stated). Replaced with the mixed-grain candidate here since it is the only one that does not overstate a specific grain the source never claimed.",7e7836ad3e41985c306efc62d0c2456f69b4aad225a1ed83a2591f68dec84c86
16010035:IP5_A_IP6,"Infant flour, cereal-based, commercially produced",IP5_A_IP6,56.7036,3802,170964,"Babyfood, cereal, mixed, dry fortified",sr_legacy_food,replace,category_estimate,Paul S,16/08/2026,"Source description does not state a grain, but the pipeline still picked a single-grain babyfood-cereal candidate. Checked the full 45-row cluster: near-identical ungrained descriptions get inconsistent grain picks (barley here, rice there, mixed elsewhere) depending on minor wording differences -- this looks like an unstable/arbitrary default in the matching code, not a real distinction, and is worth flagging for a matching-rule fix (should default to ""mixed"" consistently when no grain is stated). Replaced with the mixed-grain candidate here since it is the only one that does not overstate a specific grain the source never claimed.",7e7836ad3e41985c306efc62d0c2456f69b4aad225a1ed83a2591f68dec84c86
16010036:IP5_A_IP6,"Infant flour, cereal-based, commercially produced",IP5_A_IP6,55.5351,3802,170964,"Babyfood, cereal, mixed, dry fortified",sr_legacy_food,replace,category_estimate,Paul S,16/08/2026,"Source description does not state a grain, but the pipeline still picked a single-grain babyfood-cereal candidate. Checked the full 45-row cluster: near-identical ungrained descriptions get inconsistent grain picks (barley here, rice there, mixed elsewhere) depending on minor wording differences -- this looks like an unstable/arbitrary default in the matching code, not a real distinction, and is worth flagging for a matching-rule fix (should default to ""mixed"" consistently when no grain is stated). Replaced with the mixed-grain candidate here since it is the only one that does not overstate a specific grain the source never claimed.",7e7836ad3e41985c306efc62d0c2456f69b4aad225a1ed83a2591f68dec84c86
16010037:IP5_A_IP6,"Infant flour, cereal-based, commercially produced, fortified",IP5_A_IP6,313.308,3802,170964,"Babyfood, cereal, mixed, dry fortified",sr_legacy_food,replace,category_estimate,Paul S,16/08/2026,Source does not state a grain; candidate defaults to barley -- same arbitrary-grain-assignment issue found and fixed in review_5_infant_flour_cluster.csv for the needs_review rows with this identical description. Replaced with the mixed-grain generic for consistency.,7e7836ad3e41985c306efc62d0c2456f69b4aad225a1ed83a2591f68dec84c86
16010038:IP5_A_IP6,"Infant flour, cereal-based, commercially produced, fortified",IP5_A_IP6,598.17,3802,170964,"Babyfood, cereal, mixed, dry fortified",sr_legacy_food,replace,category_estimate,Paul S,16/08/2026,Source does not state a grain; candidate defaults to barley -- same arbitrary-grain-assignment issue found and fixed in review_5_infant_flour_cluster.csv and review_6_accepted_sample.csv. Replaced with the mixed-grain generic for consistency.,7e7836ad3e41985c306efc62d0c2456f69b4aad225a1ed83a2591f68dec84c86
16010039:IP5_A_IP6,"Infant flour, cereal-based, commercially produced, fortified",IP5_A_IP6,493.506,3802,170964,"Babyfood, cereal, mixed, dry fortified",sr_legacy_food,replace,category_estimate,Paul S,16/08/2026,Source does not state a grain; candidate defaults to barley -- same arbitrary-grain-assignment issue found and fixed in review_5_infant_flour_cluster.csv for the needs_review rows with this identical description. Replaced with the mixed-grain generic for consistency.,7e7836ad3e41985c306efc62d0c2456f69b4aad225a1ed83a2591f68dec84c86
16010040:IP5_A_IP6,"Infant flour, cereal-based, commercially produced, fortified",IP5_A_IP6,508.346,3802,170964,"Babyfood, cereal, mixed, dry fortified",sr_legacy_food,replace,category_estimate,Paul S,16/08/2026,Source does not state a grain; candidate defaults to barley -- same arbitrary-grain-assignment issue found and fixed in review_5_infant_flour_cluster.csv and review_6_accepted_sample.csv. Replaced with the mixed-grain generic for consistency.,7e7836ad3e41985c306efc62d0c2456f69b4aad225a1ed83a2591f68dec84c86
16010041:IP5_A_IP6,"Infant flour, cereal-based, commercially produced, fortified",IP5_A_IP6,535.34,3802,170964,"Babyfood, cereal, mixed, dry fortified",sr_legacy_food,replace,category_estimate,Paul S,16/08/2026,Source does not state a grain; candidate defaults to barley -- same arbitrary-grain-assignment issue found and fixed in review_5_infant_flour_cluster.csv and review_6_accepted_sample.csv. Replaced with the mixed-grain generic for consistency.,7e7836ad3e41985c306efc62d0c2456f69b4aad225a1ed83a2591f68dec84c86
16010042:IP5_A_IP6,"Infant flour, cereal-based, commercially produced, fortified",IP5_A_IP6,303.18,3802,170964,"Babyfood, cereal, mixed, dry fortified",sr_legacy_food,replace,category_estimate,Paul S,16/08/2026,Source does not state a grain; candidate defaults to barley -- same arbitrary-grain-assignment issue found and fixed in review_5_infant_flour_cluster.csv and review_6_accepted_sample.csv. Replaced with the mixed-grain generic for consistency.,7e7836ad3e41985c306efc62d0c2456f69b4aad225a1ed83a2591f68dec84c86
16010043:IP5_A_IP6,"Infant flour, cereal-based, commercially produced, fortified",IP5_A_IP6,107.068,3802,170964,"Babyfood, cereal, mixed, dry fortified",sr_legacy_food,replace,category_estimate,Paul S,16/08/2026,Source does not state a grain; candidate defaults to barley -- same arbitrary-grain-assignment issue found and fixed in review_5_infant_flour_cluster.csv and review_6_accepted_sample.csv. Replaced with the mixed-grain generic for consistency.,7e7836ad3e41985c306efc62d0c2456f69b4aad225a1ed83a2591f68dec84c86
16010044:IP5_A_IP6,"Infant flour, cereal-based, commercially produced, fortified",IP5_A_IP6,560.978,3802,170964,"Babyfood, cereal, mixed, dry fortified",sr_legacy_food,replace,category_estimate,Paul S,16/08/2026,Source does not state a grain; candidate defaults to barley -- same arbitrary-grain-assignment issue found and fixed in review_5_infant_flour_cluster.csv and review_6_accepted_sample.csv. Replaced with the mixed-grain generic for consistency.,7e7836ad3e41985c306efc62d0c2456f69b4aad225a1ed83a2591f68dec84c86
16010045:IP5_A_IP6,"Infant flour, cereal-based, commercially produced, fortified",IP5_A_IP6,561.974,3802,170964,"Babyfood, cereal, mixed, dry fortified",sr_legacy_food,replace,category_estimate,Paul S,16/08/2026,Source does not state a grain; candidate defaults to barley -- same arbitrary-grain-assignment issue found and fixed in review_5_infant_flour_cluster.csv and review_6_accepted_sample.csv. Replaced with the mixed-grain generic for consistency.,7e7836ad3e41985c306efc62d0c2456f69b4aad225a1ed83a2591f68dec84c86
16010046:IP5_A_IP6,"Infant flour, cereal-based, commercially produced, fortified",IP5_A_IP6,433.92,3802,170964,"Babyfood, cereal, mixed, dry fortified",sr_legacy_food,replace,category_estimate,Paul S,16/08/2026,Source does not state a grain; candidate defaults to barley -- same arbitrary-grain-assignment issue found and fixed in review_5_infant_flour_cluster.csv and review_6_accepted_sample.csv. Replaced with the mixed-grain generic for consistency.,7e7836ad3e41985c306efc62d0c2456f69b4aad225a1ed83a2591f68dec84c86
16010047:IP5_A_IP6,"Infant flour, cereal-based, commercially produced, fortified",IP5_A_IP6,408.96,3802,170964,"Babyfood, cereal, mixed, dry fortified",sr_legacy_food,replace,category_estimate,Paul S,16/08/2026,Source does not state a grain; candidate defaults to barley -- same arbitrary-grain-assignment issue found and fixed in review_5_infant_flour_cluster.csv and review_6_accepted_sample.csv. Replaced with the mixed-grain generic for consistency.,7e7836ad3e41985c306efc62d0c2456f69b4aad225a1ed83a2591f68dec84c86
16010048:IP5_A_IP6,"Infant flour, cereal-based, commercially produced, fortified",IP5_A_IP6,441.005,3802,170964,"Babyfood, cereal, mixed, dry fortified",sr_legacy_food,replace,category_estimate,Paul S,16/08/2026,Source does not state a grain; candidate defaults to barley -- same arbitrary-grain-assignment issue found and fixed in review_5_infant_flour_cluster.csv and review_6_accepted_sample.csv. Replaced with the mixed-grain generic for consistency.,7e7836ad3e41985c306efc62d0c2456f69b4aad225a1ed83a2591f68dec84c86
16010049:IP5_A_IP6,"Infant flour, cereal-based, commercially produced, fortified",IP5_A_IP6,429.71,3802,170964,"Babyfood, cereal, mixed, dry fortified",sr_legacy_food,replace,category_estimate,Paul S,16/08/2026,Source does not state a grain; candidate defaults to barley -- same arbitrary-grain-assignment issue found and fixed in review_5_infant_flour_cluster.csv for the needs_review rows with this identical description. Replaced with the mixed-grain generic for consistency.,7e7836ad3e41985c306efc62d0c2456f69b4aad225a1ed83a2591f68dec84c86
16010050:IP5_A_IP6,"Infant flour, cereal-based, commercially produced, fortified",IP5_A_IP6,580.32,3802,170964,"Babyfood, cereal, mixed, dry fortified",sr_legacy_food,replace,category_estimate,Paul S,16/08/2026,Source does not state a grain; candidate defaults to barley -- same arbitrary-grain-assignment issue found and fixed in review_5_infant_flour_cluster.csv and review_6_accepted_sample.csv. Replaced with the mixed-grain generic for consistency.,7e7836ad3e41985c306efc62d0c2456f69b4aad225a1ed83a2591f68dec84c86
16010051:IP5_A_IP6,"Infant flour, cereal-based, commercially produced, fortified",IP5_A_IP6,465.192,3802,170964,"Babyfood, cereal, mixed, dry fortified",sr_legacy_food,replace,category_estimate,Paul S,16/08/2026,Source does not state a grain; candidate defaults to barley -- same arbitrary-grain-assignment issue found and fixed in review_5_infant_flour_cluster.csv and review_6_accepted_sample.csv. Replaced with the mixed-grain generic for consistency.,7e7836ad3e41985c306efc62d0c2456f69b4aad225a1ed83a2591f68dec84c86
16010052:IP5_A_IP6,"Infant flour, cereal-based, commercially produced, fortified",IP5_A_IP6,142.416,3802,170964,"Babyfood, cereal, mixed, dry fortified",sr_legacy_food,replace,category_estimate,Paul S,16/08/2026,Source does not state a grain; candidate defaults to barley -- same arbitrary-grain-assignment issue found and fixed in review_5_infant_flour_cluster.csv and review_6_accepted_sample.csv. Replaced with the mixed-grain generic for consistency.,7e7836ad3e41985c306efc62d0c2456f69b4aad225a1ed83a2591f68dec84c86
16010053:IP5_A_IP6,"Infant flour, cereal-based, commercially produced, fortified",IP5_A_IP6,215.698,3802,170964,"Babyfood, cereal, mixed, dry fortified",sr_legacy_food,replace,category_estimate,Paul S,16/08/2026,Source does not state a grain; candidate defaults to barley -- same arbitrary-grain-assignment issue found and fixed in review_5_infant_flour_cluster.csv and review_6_accepted_sample.csv. Replaced with the mixed-grain generic for consistency.,7e7836ad3e41985c306efc62d0c2456f69b4aad225a1ed83a2591f68dec84c86
16010054:IP5_A_IP6,"Infant flour, cereal-based, commercially produced, fortified",IP5_A_IP6,144.394,3802,170964,"Babyfood, cereal, mixed, dry fortified",sr_legacy_food,replace,category_estimate,Paul S,16/08/2026,Source does not state a grain; candidate defaults to barley -- same arbitrary-grain-assignment issue found and fixed in review_5_infant_flour_cluster.csv and review_6_accepted_sample.csv. Replaced with the mixed-grain generic for consistency.,7e7836ad3e41985c306efc62d0c2456f69b4aad225a1ed83a2591f68dec84c86
16010055:IP5_A_IP6,"Infant flour, cereal-based, commercially produced, fortified",IP5_A_IP6,17.712,3802,170964,"Babyfood, cereal, mixed, dry fortified",sr_legacy_food,replace,category_estimate,Paul S,16/08/2026,Source does not state a grain; candidate defaults to barley -- same arbitrary-grain-assignment issue found and fixed in review_5_infant_flour_cluster.csv and review_6_accepted_sample.csv. Replaced with the mixed-grain generic for consistency.,7e7836ad3e41985c306efc62d0c2456f69b4aad225a1ed83a2591f68dec84c86
16010056:IP5_A_IP6,"Infant flour, cereal-based, commercially produced, fortified",IP5_A_IP6,6.9895,3802,170964,"Babyfood, cereal, mixed, dry fortified",sr_legacy_food,replace,category_estimate,Paul S,16/08/2026,Source does not state a grain; candidate defaults to barley -- same arbitrary-grain-assignment issue found and fixed in review_5_infant_flour_cluster.csv and review_6_accepted_sample.csv. Replaced with the mixed-grain generic for consistency.,7e7836ad3e41985c306efc62d0c2456f69b4aad225a1ed83a2591f68dec84c86
16010057:IP5_A_IP6,"Infant flour, cereal-based, commercially produced, fortified",IP5_A_IP6,127.744,3802,170964,"Babyfood, cereal, mixed, dry fortified",sr_legacy_food,replace,category_estimate,Paul S,16/08/2026,Source does not state a grain; candidate defaults to barley -- same arbitrary-grain-assignment issue found and fixed in review_5_infant_flour_cluster.csv and review_6_accepted_sample.csv. Replaced with the mixed-grain generic for consistency.,7e7836ad3e41985c306efc62d0c2456f69b4aad225a1ed83a2591f68dec84c86
16010058:IP5_A_IP6,"Infant flour, cereal-based, commercially produced, fortified",IP5_A_IP6,193.612,3802,170964,"Babyfood, cereal, mixed, dry fortified",sr_legacy_food,replace,category_estimate,Paul S,16/08/2026,Source does not state a grain; candidate defaults to barley -- same arbitrary-grain-assignment issue found and fixed in review_5_infant_flour_cluster.csv and review_6_accepted_sample.csv. Replaced with the mixed-grain generic for consistency.,7e7836ad3e41985c306efc62d0c2456f69b4aad225a1ed83a2591f68dec84c86
16010059:IP5_A_IP6,"Infant flour, cereal-based, commercially produced, fortified",IP5_A_IP6,222.5763,3802,170964,"Babyfood, cereal, mixed, dry fortified",sr_legacy_food,replace,category_estimate,Paul S,16/08/2026,Source does not state a grain; candidate defaults to barley -- same arbitrary-grain-assignment issue found and fixed in review_5_infant_flour_cluster.csv and review_6_accepted_sample.csv. Replaced with the mixed-grain generic for consistency.,7e7836ad3e41985c306efc62d0c2456f69b4aad225a1ed83a2591f68dec84c86
16010060:IP5_A_IP6,"Infant flour, cereal-based, commercially produced, fortified",IP5_A_IP6,216.0669,3802,170964,"Babyfood, cereal, mixed, dry fortified",sr_legacy_food,replace,category_estimate,Paul S,16/08/2026,Source does not state a grain; candidate defaults to barley -- same arbitrary-grain-assignment issue found and fixed in review_5_infant_flour_cluster.csv and review_6_accepted_sample.csv. Replaced with the mixed-grain generic for consistency.,7e7836ad3e41985c306efc62d0c2456f69b4aad225a1ed83a2591f68dec84c86
16010061:IP5_A_IP6,"Infant flour, cereal-based, commercially produced, fortified",IP5_A_IP6,74.9175,3802,170964,"Babyfood, cereal, mixed, dry fortified",sr_legacy_food,replace,category_estimate,Paul S,16/08/2026,Source does not state a grain; candidate defaults to barley -- same arbitrary-grain-assignment issue found and fixed in review_5_infant_flour_cluster.csv and review_6_accepted_sample.csv. Replaced with the mixed-grain generic for consistency.,7e7836ad3e41985c306efc62d0c2456f69b4aad225a1ed83a2591f68dec84c86
16010062:IP5_A_IP6,"Infant flour, cereal-based, commercially produced, fortified",IP5_A_IP6,297.6126,3802,170964,"Babyfood, cereal, mixed, dry fortified",sr_legacy_food,replace,category_estimate,Paul S,16/08/2026,Source does not state a grain; candidate defaults to barley -- same arbitrary-grain-assignment issue found and fixed in review_5_infant_flour_cluster.csv and review_6_accepted_sample.csv. Replaced with the mixed-grain generic for consistency.,7e7836ad3e41985c306efc62d0c2456f69b4aad225a1ed83a2591f68dec84c86
16010063:IP5_A_IP6,"Infant flour, cereal-based, commercially produced, fortified",IP5_A_IP6,93.8496,3802,170964,"Babyfood, cereal, mixed, dry fortified",sr_legacy_food,replace,category_estimate,Paul S,16/08/2026,Source does not state a grain; candidate defaults to barley -- same arbitrary-grain-assignment issue found and fixed in review_5_infant_flour_cluster.csv and review_6_accepted_sample.csv. Replaced with the mixed-grain generic for consistency.,7e7836ad3e41985c306efc62d0c2456f69b4aad225a1ed83a2591f68dec84c86
16010064:IP5_A_IP6,"Infant flour, cereal-based, commercially produced, fortified",IP5_A_IP6,0.0,3802,170964,"Babyfood, cereal, mixed, dry fortified",sr_legacy_food,replace,category_estimate,Paul S,16/08/2026,Source does not state a grain; candidate defaults to barley -- same arbitrary-grain-assignment issue found and fixed in review_5_infant_flour_cluster.csv and review_6_accepted_sample.csv. Replaced with the mixed-grain generic for consistency.,7e7836ad3e41985c306efc62d0c2456f69b4aad225a1ed83a2591f68dec84c86
16010065:IP5_A_IP6,"Infant flour, cereal-based, commercially produced, fortified",IP5_A_IP6,60.8048,3802,170964,"Babyfood, cereal, mixed, dry fortified",sr_legacy_food,replace,category_estimate,Paul S,16/08/2026,Source does not state a grain; candidate defaults to barley -- same arbitrary-grain-assignment issue found and fixed in review_5_infant_flour_cluster.csv and review_6_accepted_sample.csv. Replaced with the mixed-grain generic for consistency.,7e7836ad3e41985c306efc62d0c2456f69b4aad225a1ed83a2591f68dec84c86
16010066:IP5_A_IP6,"Infant flour, cereal-based, commercially produced, fortified",IP5_A_IP6,284.259,3802,170964,"Babyfood, cereal, mixed, dry fortified",sr_legacy_food,replace,category_estimate,Paul S,16/08/2026,Source does not state a grain; candidate defaults to barley -- same arbitrary-grain-assignment issue found and fixed in review_5_infant_flour_cluster.csv and review_6_accepted_sample.csv. Replaced with the mixed-grain generic for consistency.,7e7836ad3e41985c306efc62d0c2456f69b4aad225a1ed83a2591f68dec84c86
16010067:IP5_A_IP6,"Infant flour, cereal-based, commercially produced, fortified",IP5_A_IP6,255.616,3802,170964,"Babyfood, cereal, mixed, dry fortified",sr_legacy_food,replace,category_estimate,Paul S,16/08/2026,Source does not state a grain; candidate defaults to barley -- same arbitrary-grain-assignment issue found and fixed in review_5_infant_flour_cluster.csv and review_6_accepted_sample.csv. Replaced with the mixed-grain generic for consistency.,7e7836ad3e41985c306efc62d0c2456f69b4aad225a1ed83a2591f68dec84c86
16010068:IP5_A_IP6,"Infant flour, cereal-based, commercially produced, fortified",IP5_A_IP6,169.796,3802,170964,"Babyfood, cereal, mixed, dry fortified",sr_legacy_food,replace,category_estimate,Paul S,16/08/2026,Source does not state a grain; candidate defaults to barley -- same arbitrary-grain-assignment issue found and fixed in review_5_infant_flour_cluster.csv and review_6_accepted_sample.csv. Replaced with the mixed-grain generic for consistency.,7e7836ad3e41985c306efc62d0c2456f69b4aad225a1ed83a2591f68dec84c86
16010069:IP5_A_IP6,"Infant flour, cereal-based, commercially produced, fortified",IP5_A_IP6,179.73,3802,170964,"Babyfood, cereal, mixed, dry fortified",sr_legacy_food,replace,category_estimate,Paul S,16/08/2026,Source does not state a grain; candidate defaults to barley -- same arbitrary-grain-assignment issue found and fixed in review_5_infant_flour_cluster.csv for the needs_review rows with this identical description. Replaced with the mixed-grain generic for consistency.,7e7836ad3e41985c306efc62d0c2456f69b4aad225a1ed83a2591f68dec84c86
16010070:IP5_A_IP6,"Infant flour, cereal-based, commercially produced, fortified",IP5_A_IP6,78.9289,3802,170964,"Babyfood, cereal, mixed, dry fortified",sr_legacy_food,replace,category_estimate,Paul S,16/08/2026,Source does not state a grain; candidate defaults to barley -- same arbitrary-grain-assignment issue found and fixed in review_5_infant_flour_cluster.csv and review_6_accepted_sample.csv. Replaced with the mixed-grain generic for consistency.,7e7836ad3e41985c306efc62d0c2456f69b4aad225a1ed83a2591f68dec84c86
16010071:IP5_A_IP6,"Infant flour, cereal-based, commercially produced, fortified",IP5_A_IP6,260.478,3802,170964,"Babyfood, cereal, mixed, dry fortified",sr_legacy_food,replace,category_estimate,Paul S,16/08/2026,Source does not state a grain; candidate defaults to barley -- same arbitrary-grain-assignment issue found and fixed in review_5_infant_flour_cluster.csv and review_6_accepted_sample.csv. Replaced with the mixed-grain generic for consistency.,7e7836ad3e41985c306efc62d0c2456f69b4aad225a1ed83a2591f68dec84c86
16010072:IP5_A_IP6,"Infant flour, cereal-based, commercially produced, fortified",IP5_A_IP6,23.9784,3802,170964,"Babyfood, cereal, mixed, dry fortified",sr_legacy_food,replace,category_estimate,Paul S,16/08/2026,Source does not state a grain; candidate defaults to barley -- same arbitrary-grain-assignment issue found and fixed in review_5_infant_flour_cluster.csv and review_6_accepted_sample.csv. Replaced with the mixed-grain generic for consistency.,7e7836ad3e41985c306efc62d0c2456f69b4aad225a1ed83a2591f68dec84c86
16010073:IP5_A_IP6,"Infant flour, cereal-based, commercially produced, fortified",IP5_A_IP6,275.8068,3802,170964,"Babyfood, cereal, mixed, dry fortified",sr_legacy_food,replace,category_estimate,Paul S,16/08/2026,Source does not state a grain; candidate defaults to barley -- same arbitrary-grain-assignment issue found and fixed in review_5_infant_flour_cluster.csv and review_6_accepted_sample.csv. Replaced with the mixed-grain generic for consistency.,7e7836ad3e41985c306efc62d0c2456f69b4aad225a1ed83a2591f68dec84c86
16010074:IP5_A_IP6,"Infant flour, cereal-based, commercially produced, fortified",IP5_A_IP6,264.6555,3802,170964,"Babyfood, cereal, mixed, dry fortified",sr_legacy_food,replace,category_estimate,Paul S,16/08/2026,Source does not state a grain; candidate defaults to barley -- same arbitrary-grain-assignment issue found and fixed in review_5_infant_flour_cluster.csv for the needs_review rows with this identical description. Replaced with the mixed-grain generic for consistency.,7e7836ad3e41985c306efc62d0c2456f69b4aad225a1ed83a2591f68dec84c86
16010075:IP5_A_IP6,"Infant flour, cereal-based, commercially produced, fortified",IP5_A_IP6,159.904,3802,170964,"Babyfood, cereal, mixed, dry fortified",sr_legacy_food,replace,category_estimate,Paul S,16/08/2026,Source does not state a grain; candidate defaults to barley -- same arbitrary-grain-assignment issue found and fixed in review_5_infant_flour_cluster.csv and review_6_accepted_sample.csv. Replaced with the mixed-grain generic for consistency.,7e7836ad3e41985c306efc62d0c2456f69b4aad225a1ed83a2591f68dec84c86
16010076:IP5_A_IP6,"Infant flour, cereal-based, commercially produced, fortified",IP5_A_IP6,265.5478,3802,170964,"Babyfood, cereal, mixed, dry fortified",sr_legacy_food,replace,category_estimate,Paul S,16/08/2026,Source does not state a grain; candidate defaults to barley -- same arbitrary-grain-assignment issue found and fixed in review_5_infant_flour_cluster.csv and review_6_accepted_sample.csv. Replaced with the mixed-grain generic for consistency.,7e7836ad3e41985c306efc62d0c2456f69b4aad225a1ed83a2591f68dec84c86
16010077:IP5_A_IP6,"Infant flour, cereal-based, commercially produced, fortified",IP5_A_IP6,0.0,3802,170964,"Babyfood, cereal, mixed, dry fortified",sr_legacy_food,replace,category_estimate,Paul S,16/08/2026,Source does not state a grain; candidate defaults to barley -- same arbitrary-grain-assignment issue found and fixed in review_5_infant_flour_cluster.csv and review_6_accepted_sample.csv. Replaced with the mixed-grain generic for consistency.,7e7836ad3e41985c306efc62d0c2456f69b4aad225a1ed83a2591f68dec84c86
16010078:IP5_A_IP6,"Infant flour, cereal-based, commercially produced, fortified",IP5_A_IP6,33.796,3802,170964,"Babyfood, cereal, mixed, dry fortified",sr_legacy_food,replace,category_estimate,Paul S,16/08/2026,Source does not state a grain; candidate defaults to barley -- same arbitrary-grain-assignment issue found and fixed in review_5_infant_flour_cluster.csv and review_6_accepted_sample.csv. Replaced with the mixed-grain generic for consistency.,7e7836ad3e41985c306efc62d0c2456f69b4aad225a1ed83a2591f68dec84c86
16010079:IP5_A_IP6,"Infant flour, cereal-based, commercially produced, fortified",IP5_A_IP6,185.932,3802,170964,"Babyfood, cereal, mixed, dry fortified",sr_legacy_food,replace,category_estimate,Paul S,16/08/2026,Source does not state a grain; candidate defaults to barley -- same arbitrary-grain-assignment issue found and fixed in review_5_infant_flour_cluster.csv and review_6_accepted_sample.csv. Replaced with the mixed-grain generic for consistency.,7e7836ad3e41985c306efc62d0c2456f69b4aad225a1ed83a2591f68dec84c86
16010080:IP5_A_IP6,"Infant flour, cereal-based, commercially produced, fortified",IP5_A_IP6,135.66,3802,170964,"Babyfood, cereal, mixed, dry fortified",sr_legacy_food,replace,category_estimate,Paul S,16/08/2026,Source does not state a grain; candidate defaults to barley -- same arbitrary-grain-assignment issue found and fixed in review_5_infant_flour_cluster.csv and review_6_accepted_sample.csv. Replaced with the mixed-grain generic for consistency.,7e7836ad3e41985c306efc62d0c2456f69b4aad225a1ed83a2591f68dec84c86
16010081:IP5_A_IP6,"Infant flour, cereal-based, commercially produced, fortified",IP5_A_IP6,735.4214,3802,170964,"Babyfood, cereal, mixed, dry fortified",sr_legacy_food,replace,category_estimate,Paul S,16/08/2026,Source does not state a grain; candidate defaults to barley -- same arbitrary-grain-assignment issue found and fixed in review_5_infant_flour_cluster.csv and review_6_accepted_sample.csv. Replaced with the mixed-grain generic for consistency.,7e7836ad3e41985c306efc62d0c2456f69b4aad225a1ed83a2591f68dec84c86
16010082:IP5_A_IP6,"Infant flour, cereal-based, commercially produced, fortified",IP5_A_IP6,32.538,3802,170964,"Babyfood, cereal, mixed, dry fortified",sr_legacy_food,replace,category_estimate,Paul S,16/08/2026,Source does not state a grain; candidate defaults to barley -- same arbitrary-grain-assignment issue found and fixed in review_5_infant_flour_cluster.csv and review_6_accepted_sample.csv. Replaced with the mixed-grain generic for consistency.,7e7836ad3e41985c306efc62d0c2456f69b4aad225a1ed83a2591f68dec84c86
16010083:IP5_A_IP6,"Infant flour, cereal-based, commercially produced, fortified",IP5_A_IP6,18.9316,3802,170964,"Babyfood, cereal, mixed, dry fortified",sr_legacy_food,replace,category_estimate,Paul S,16/08/2026,Source does not state a grain; candidate defaults to barley -- same arbitrary-grain-assignment issue found and fixed in review_5_infant_flour_cluster.csv and review_6_accepted_sample.csv. Replaced with the mixed-grain generic for consistency.,7e7836ad3e41985c306efc62d0c2456f69b4aad225a1ed83a2591f68dec84c86
16010084:IP5_A_IP6,"Infant flour, cereal-based, commercially produced, fortified",IP5_A_IP6,12.0,3802,170964,"Babyfood, cereal, mixed, dry fortified",sr_legacy_food,replace,category_estimate,Paul S,16/08/2026,Source does not state a grain; candidate defaults to barley -- same arbitrary-grain-assignment issue found and fixed in review_5_infant_flour_cluster.csv and review_6_accepted_sample.csv. Replaced with the mixed-grain generic for consistency.,7e7836ad3e41985c306efc62d0c2456f69b4aad225a1ed83a2591f68dec84c86
16010085:PHYTC-,"Infant flour, cereal-based, farex",PHYTC-,836.0,3802,170964,"Babyfood, cereal, mixed, dry fortified",sr_legacy_food,replace,category_estimate,Paul S,16/08/2026,"Source description does not state a grain, but the pipeline still picked a single-grain babyfood-cereal candidate. Checked the full 45-row cluster: near-identical ungrained descriptions get inconsistent grain picks (barley here, rice there, mixed elsewhere) depending on minor wording differences -- this looks like an unstable/arbitrary default in the matching code, not a real distinction, and is worth flagging for a matching-rule fix (should default to ""mixed"" consistently when no grain is stated). Replaced with the mixed-grain candidate here since it is the only one that does not overstate a specific grain the source never claimed. Additional caveat: ""Farex"" is a real commercial infant-cereal brand whose grain composition has varied by market/era (historically wheat-based in the UK, reformulated since) -- genuinely unconfirmable from this description alone.",7e7836ad3e41985c306efc62d0c2456f69b4aad225a1ed83a2591f68dec84c86
16010086:IP5,"Infant flour, cereal-based, fortified",IP5,32.604,3802,170964,"Babyfood, cereal, mixed, dry fortified",sr_legacy_food,replace,category_estimate,Paul S,16/08/2026,"Source description does not state a grain, but the pipeline still picked a single-grain babyfood-cereal candidate. Checked the full 45-row cluster: near-identical ungrained descriptions get inconsistent grain picks (barley here, rice there, mixed elsewhere) depending on minor wording differences -- this looks like an unstable/arbitrary default in the matching code, not a real distinction, and is worth flagging for a matching-rule fix (should default to ""mixed"" consistently when no grain is stated). Replaced with the mixed-grain candidate here since it is the only one that does not overstate a specific grain the source never claimed.",7e7836ad3e41985c306efc62d0c2456f69b4aad225a1ed83a2591f68dec84c86
16010086:IP5_A_IP6,"Infant flour, cereal-based, fortified",IP5_A_IP6,290.472,3802,170964,"Babyfood, cereal, mixed, dry fortified",sr_legacy_food,replace,category_estimate,Paul S,16/08/2026,"Source description does not state a grain, but the pipeline still picked a single-grain babyfood-cereal candidate. Checked the full 45-row cluster: near-identical ungrained descriptions get inconsistent grain picks (barley here, rice there, mixed elsewhere) depending on minor wording differences -- this looks like an unstable/arbitrary default in the matching code, not a real distinction, and is worth flagging for a matching-rule fix (should default to ""mixed"" consistently when no grain is stated). Replaced with the mixed-grain candidate here since it is the only one that does not overstate a specific grain the source never claimed.",7e7836ad3e41985c306efc62d0c2456f69b4aad225a1ed83a2591f68dec84c86
16010086:IP6,"Infant flour, cereal-based, fortified",IP6,257.868,3802,170964,"Babyfood, cereal, mixed, dry fortified",sr_legacy_food,replace,category_estimate,Paul S,16/08/2026,"Source description does not state a grain, but the pipeline still picked a single-grain babyfood-cereal candidate. Checked the full 45-row cluster: near-identical ungrained descriptions get inconsistent grain picks (barley here, rice there, mixed elsewhere) depending on minor wording differences -- this looks like an unstable/arbitrary default in the matching code, not a real distinction, and is worth flagging for a matching-rule fix (should default to ""mixed"" consistently when no grain is stated). Replaced with the mixed-grain candidate here since it is the only one that does not overstate a specific grain the source never claimed.",7e7836ad3e41985c306efc62d0c2456f69b4aad225a1ed83a2591f68dec84c86
16010087:IP5,"Infant flour, cereal-based, fortified",IP5,43.208,3802,170964,"Babyfood, cereal, mixed, dry fortified",sr_legacy_food,replace,category_estimate,Paul S,16/08/2026,"Source description does not state a grain, but the pipeline still picked a single-grain babyfood-cereal candidate. Checked the full 45-row cluster: near-identical ungrained descriptions get inconsistent grain picks (barley here, rice there, mixed elsewhere) depending on minor wording differences -- this looks like an unstable/arbitrary default in the matching code, not a real distinction, and is worth flagging for a matching-rule fix (should default to ""mixed"" consistently when no grain is stated). Replaced with the mixed-grain candidate here since it is the only one that does not overstate a specific grain the source never claimed.",7e7836ad3e41985c306efc62d0c2456f69b4aad225a1ed83a2591f68dec84c86
16010087:IP5_A_IP6,"Infant flour, cereal-based, fortified",IP5_A_IP6,307.366,3802,170964,"Babyfood, cereal, mixed, dry fortified",sr_legacy_food,replace,category_estimate,Paul S,16/08/2026,"Source description does not state a grain, but the pipeline still picked a single-grain babyfood-cereal candidate. Checked the full 45-row cluster: near-identical ungrained descriptions get inconsistent grain picks (barley here, rice there, mixed elsewhere) depending on minor wording differences -- this looks like an unstable/arbitrary default in the matching code, not a real distinction, and is worth flagging for a matching-rule fix (should default to ""mixed"" consistently when no grain is stated). Replaced with the mixed-grain candidate here since it is the only one that does not overstate a specific grain the source never claimed.",7e7836ad3e41985c306efc62d0c2456f69b4aad225a1ed83a2591f68dec84c86
16010087:IP6,"Infant flour, cereal-based, fortified",IP6,264.158,3802,170964,"Babyfood, cereal, mixed, dry fortified",sr_legacy_food,replace,category_estimate,Paul S,16/08/2026,"Source description does not state a grain, but the pipeline still picked a single-grain babyfood-cereal candidate. Checked the full 45-row cluster: near-identical ungrained descriptions get inconsistent grain picks (barley here, rice there, mixed elsewhere) depending on minor wording differences -- this looks like an unstable/arbitrary default in the matching code, not a real distinction, and is worth flagging for a matching-rule fix (should default to ""mixed"" consistently when no grain is stated). Replaced with the mixed-grain candidate here since it is the only one that does not overstate a specific grain the source never claimed.",7e7836ad3e41985c306efc62d0c2456f69b4aad225a1ed83a2591f68dec84c86
16010088:IP5,"Infant flour, cereal-based, fortified",IP5,19.66,3802,170964,"Babyfood, cereal, mixed, dry fortified",sr_legacy_food,replace,category_estimate,Paul S,16/08/2026,"Source description does not state a grain, but the pipeline still picked a single-grain babyfood-cereal candidate. Checked the full 45-row cluster: near-identical ungrained descriptions get inconsistent grain picks (barley here, rice there, mixed elsewhere) depending on minor wording differences -- this looks like an unstable/arbitrary default in the matching code, not a real distinction, and is worth flagging for a matching-rule fix (should default to ""mixed"" consistently when no grain is stated). Replaced with the mixed-grain candidate here since it is the only one that does not overstate a specific grain the source never claimed.",7e7836ad3e41985c306efc62d0c2456f69b4aad225a1ed83a2591f68dec84c86
16010088:IP5_A_IP6,"Infant flour, cereal-based, fortified",IP5_A_IP6,198.56599999999997,3802,170964,"Babyfood, cereal, mixed, dry fortified",sr_legacy_food,replace,category_estimate,Paul S,16/08/2026,"Source description does not state a grain, but the pipeline still picked a single-grain babyfood-cereal candidate. Checked the full 45-row cluster: near-identical ungrained descriptions get inconsistent grain picks (barley here, rice there, mixed elsewhere) depending on minor wording differences -- this looks like an unstable/arbitrary default in the matching code, not a real distinction, and is worth flagging for a matching-rule fix (should default to ""mixed"" consistently when no grain is stated). Replaced with the mixed-grain candidate here since it is the only one that does not overstate a specific grain the source never claimed.",7e7836ad3e41985c306efc62d0c2456f69b4aad225a1ed83a2591f68dec84c86
16010088:IP6,"Infant flour, cereal-based, fortified",IP6,178.90599999999998,3802,170964,"Babyfood, cereal, mixed, dry fortified",sr_legacy_food,replace,category_estimate,Paul S,16/08/2026,"Source description does not state a grain, but the pipeline still picked a single-grain babyfood-cereal candidate. Checked the full 45-row cluster: near-identical ungrained descriptions get inconsistent grain picks (barley here, rice there, mixed elsewhere) depending on minor wording differences -- this looks like an unstable/arbitrary default in the matching code, not a real distinction, and is worth flagging for a matching-rule fix (should default to ""mixed"" consistently when no grain is stated). Replaced with the mixed-grain candidate here since it is the only one that does not overstate a specific grain the source never claimed.",7e7836ad3e41985c306efc62d0c2456f69b4aad225a1ed83a2591f68dec84c86
16010089:PHYTCPP,"Infant flour, rice-based, commercially produced",PHYTCPP,313.0,3807,170969,"Babyfood, cereal, rice, dry fortified",sr_legacy_food,approve,category_estimate,Paul S,16/08/2026,"Source description explicitly says ""rice-based"" and candidate is the rice babyfood-cereal entry -- grain matches, good category estimate (branded-product specifics like exact fortification dose could still differ from the generic FDC entry, hence category_estimate not exact).",7e7836ad3e41985c306efc62d0c2456f69b4aad225a1ed83a2591f68dec84c86
16010090:PHYTCPP,"Infant flour, rice-based, commercially produced",PHYTCPP,332.0,3807,170969,"Babyfood, cereal, rice, dry fortified",sr_legacy_food,approve,category_estimate,Paul S,16/08/2026,"Source description explicitly says ""rice-based"" and candidate is the rice babyfood-cereal entry -- grain matches, good category estimate (branded-product specifics like exact fortification dose could still differ from the generic FDC entry, hence category_estimate not exact).",7e7836ad3e41985c306efc62d0c2456f69b4aad225a1ed83a2591f68dec84c86
16010091:PHYTCPP,"Infant flour, rice-based, commercially produced",PHYTCPP,366.0,3807,170969,"Babyfood, cereal, rice, dry fortified",sr_legacy_food,approve,category_estimate,Paul S,16/08/2026,"Source description explicitly says ""rice-based"" and candidate is the rice babyfood-cereal entry -- grain matches, good category estimate (branded-product specifics like exact fortification dose could still differ from the generic FDC entry, hence category_estimate not exact).",7e7836ad3e41985c306efc62d0c2456f69b4aad225a1ed83a2591f68dec84c86
16010092:PHYTCPP,"Infant flour, rice-based, commercially produced",PHYTCPP,308.0,3807,170969,"Babyfood, cereal, rice, dry fortified",sr_legacy_food,approve,category_estimate,Paul S,16/08/2026,"Source description explicitly says ""rice-based"" and candidate is the rice babyfood-cereal entry -- grain matches, good category estimate (branded-product specifics like exact fortification dose could still differ from the generic FDC entry, hence category_estimate not exact).",7e7836ad3e41985c306efc62d0c2456f69b4aad225a1ed83a2591f68dec84c86
16010093:PHYTCPP,"Infant flour, rice-based, commercially produced",PHYTCPP,375.0,3807,170969,"Babyfood, cereal, rice, dry fortified",sr_legacy_food,approve,category_estimate,Paul S,16/08/2026,"Source description explicitly says ""rice-based"" and candidate is the rice babyfood-cereal entry -- grain matches, good category estimate (branded-product specifics like exact fortification dose could still differ from the generic FDC entry, hence category_estimate not exact).",7e7836ad3e41985c306efc62d0c2456f69b4aad225a1ed83a2591f68dec84c86
16010094:PHYTCPP,"Infant flour, rice-based, commercially produced",PHYTCPP,380.0,3807,170969,"Babyfood, cereal, rice, dry fortified",sr_legacy_food,approve,category_estimate,Paul S,16/08/2026,"Source description explicitly says ""rice-based"" and candidate is the rice babyfood-cereal entry -- grain matches, good category estimate (branded-product specifics like exact fortification dose could still differ from the generic FDC entry, hence category_estimate not exact).",7e7836ad3e41985c306efc62d0c2456f69b4aad225a1ed83a2591f68dec84c86
16010095:PHYTCPP,"Infant flour, rice-based, commercially produced",PHYTCPP,487.0,3807,170969,"Babyfood, cereal, rice, dry fortified",sr_legacy_food,approve,category_estimate,Paul S,16/08/2026,"Source description explicitly says ""rice-based"" and candidate is the rice babyfood-cereal entry -- grain matches, good category estimate (branded-product specifics like exact fortification dose could still differ from the generic FDC entry, hence category_estimate not exact).",7e7836ad3e41985c306efc62d0c2456f69b4aad225a1ed83a2591f68dec84c86
16010096:PHYTCPP,"Infant flour, rice-based, commercially produced",PHYTCPP,465.0,3807,170969,"Babyfood, cereal, rice, dry fortified",sr_legacy_food,approve,category_estimate,Paul S,16/08/2026,"Source description explicitly says ""rice-based"" and candidate is the rice babyfood-cereal entry -- grain matches, good category estimate (branded-product specifics like exact fortification dose could still differ from the generic FDC entry, hence category_estimate not exact).",7e7836ad3e41985c306efc62d0c2456f69b4aad225a1ed83a2591f68dec84c86
16010097:PHYTCPP,"Infant flour, rice-based, commercially produced",PHYTCPP,299.0,3807,170969,"Babyfood, cereal, rice, dry fortified",sr_legacy_food,approve,category_estimate,Paul S,16/08/2026,"Source description explicitly says ""rice-based"" and candidate is the rice babyfood-cereal entry -- grain matches, good category estimate (branded-product specifics like exact fortification dose could still differ from the generic FDC entry, hence category_estimate not exact).",7e7836ad3e41985c306efc62d0c2456f69b4aad225a1ed83a2591f68dec84c86
16010098:PHYTCPP,"Infant flour, rice-based, commercially produced",PHYTCPP,307.0,3807,170969,"Babyfood, cereal, rice, dry fortified",sr_legacy_food,approve,category_estimate,Paul S,16/08/2026,"Source description explicitly says ""rice-based"" and candidate is the rice babyfood-cereal entry -- grain matches, good category estimate (branded-product specifics like exact fortification dose could still differ from the generic FDC entry, hence category_estimate not exact).",7e7836ad3e41985c306efc62d0c2456f69b4aad225a1ed83a2591f68dec84c86
16010099:PHYTCPP,"Infant flour, rice-based, commercially produced",PHYTCPP,402.0,3807,170969,"Babyfood, cereal, rice, dry fortified",sr_legacy_food,approve,category_estimate,Paul S,16/08/2026,"Source description explicitly says ""rice-based"" and candidate is the rice babyfood-cereal entry -- grain matches, good category estimate (branded-product specifics like exact fortification dose could still differ from the generic FDC entry, hence category_estimate not exact).",7e7836ad3e41985c306efc62d0c2456f69b4aad225a1ed83a2591f68dec84c86
16010100:PHYTCPP,"Infant flour, rice-based, commercially produced",PHYTCPP,333.0,3807,170969,"Babyfood, cereal, rice, dry fortified",sr_legacy_food,approve,category_estimate,Paul S,16/08/2026,"Source description explicitly says ""rice-based"" and candidate is the rice babyfood-cereal entry -- grain matches, good category estimate (branded-product specifics like exact fortification dose could still differ from the generic FDC entry, hence category_estimate not exact).",7e7836ad3e41985c306efc62d0c2456f69b4aad225a1ed83a2591f68dec84c86
16010101:PHYTCPP,"Infant flour, rice-based, commercially produced",PHYTCPP,378.0,3807,170969,"Babyfood, cereal, rice, dry fortified",sr_legacy_food,approve,category_estimate,Paul S,16/08/2026,"Source description explicitly says ""rice-based"" and candidate is the rice babyfood-cereal entry -- grain matches, good category estimate (branded-product specifics like exact fortification dose could still differ from the generic FDC entry, hence category_estimate not exact).",7e7836ad3e41985c306efc62d0c2456f69b4aad225a1ed83a2591f68dec84c86
16010102:PHYTCPP,"Infant flour, rice-based, commercially produced",PHYTCPP,451.0,3807,170969,"Babyfood, cereal, rice, dry fortified",sr_legacy_food,approve,category_estimate,Paul S,16/08/2026,"Source description explicitly says ""rice-based"" and candidate is the rice babyfood-cereal entry -- grain matches, good category estimate (branded-product specifics like exact fortification dose could still differ from the generic FDC entry, hence category_estimate not exact).",7e7836ad3e41985c306efc62d0c2456f69b4aad225a1ed83a2591f68dec84c86
16010103:PHYTCPP,"Infant flour, rice-based, commercially produced",PHYTCPP,306.0,3807,170969,"Babyfood, cereal, rice, dry fortified",sr_legacy_food,approve,category_estimate,Paul S,16/08/2026,"Source description explicitly says ""rice-based"" and candidate is the rice babyfood-cereal entry -- grain matches, good category estimate (branded-product specifics like exact fortification dose could still differ from the generic FDC entry, hence category_estimate not exact).",7e7836ad3e41985c306efc62d0c2456f69b4aad225a1ed83a2591f68dec84c86
16010104:PHYTCPP,"Infant flour, rice-based, commercially produced",PHYTCPP,241.0,3807,170969,"Babyfood, cereal, rice, dry fortified",sr_legacy_food,approve,category_estimate,Paul S,16/08/2026,"Source description explicitly says ""rice-based"" and candidate is the rice babyfood-cereal entry -- grain matches, good category estimate (branded-product specifics like exact fortification dose could still differ from the generic FDC entry, hence category_estimate not exact).",7e7836ad3e41985c306efc62d0c2456f69b4aad225a1ed83a2591f68dec84c86
16010105:PHYTCPP,"Infant flour, rice-based, commercially produced",PHYTCPP,252.0,3807,170969,"Babyfood, cereal, rice, dry fortified",sr_legacy_food,approve,category_estimate,Paul S,16/08/2026,"Source description explicitly says ""rice-based"" and candidate is the rice babyfood-cereal entry -- grain matches, good category estimate (branded-product specifics like exact fortification dose could still differ from the generic FDC entry, hence category_estimate not exact).",7e7836ad3e41985c306efc62d0c2456f69b4aad225a1ed83a2591f68dec84c86
16010106:PHYTCPP,"Infant flour, rice-based, fortified",PHYTCPP,220.79999999999995,3807,170969,"Babyfood, cereal, rice, dry fortified",sr_legacy_food,approve,category_estimate,Paul S,16/08/2026,Grain explicitly stated and correctly matched.,7e7836ad3e41985c306efc62d0c2456f69b4aad225a1ed83a2591f68dec84c86
17010001:PHYTC-,"Vegetable protein, Nutmeat",PHYTC-,137.2,164122,525617,WORTHINGTON VEGETABLE & GRAIN PROTEIN PATTIES,branded_food,approve,category_estimate,Paul S,16/08/2026,Plausible historical product lineage match (Worthington's vegetarian protein product line) -- category estimate.,7e7836ad3e41985c306efc62d0c2456f69b4aad225a1ed83a2591f68dec84c86
17010002:PHYTC-,"Vegetable protein, Nutolene",PHYTC-,177.6,164122,525617,WORTHINGTON VEGETABLE & GRAIN PROTEIN PATTIES,branded_food,approve,category_estimate,Paul S,16/08/2026,Same as above.,7e7836ad3e41985c306efc62d0c2456f69b4aad225a1ed83a2591f68dec84c86
17010007:PHYTC-,"Vegetable protein, textured, ""ham""",PHYTC-,700.8,20653,1124109,"Bob's Red Mill Natural Foods, Inc. TEXTURED VEGETABLE PROTEIN",branded_food,approve,category_estimate,Paul S,16/08/2026,"Flavor-specific variant (""ham"") not captured, but base textured-vegetable-protein product category correct.",7e7836ad3e41985c306efc62d0c2456f69b4aad225a1ed83a2591f68dec84c86
17010008:PHYTC-,"Vegetable protein, textured, ""vegetable goulash""",PHYTC-,966.0,20653,1124109,"Bob's Red Mill Natural Foods, Inc. TEXTURED VEGETABLE PROTEIN",branded_food,approve,category_estimate,Paul S,16/08/2026,"Flavor-specific variant (""vegetable goulash"") not captured, but base textured-vegetable-protein product category correct.",7e7836ad3e41985c306efc62d0c2456f69b4aad225a1ed83a2591f68dec84c86
17010009:PHYTC-,"Vegetable protein, textured, ""vegetable""",PHYTC-,496.8,20653,1124109,"Bob's Red Mill Natural Foods, Inc. TEXTURED VEGETABLE PROTEIN",branded_food,approve,category_estimate,Paul S,16/08/2026,"Flavor-specific variant (""vegetable"") not captured, but base textured-vegetable-protein product category correct.",7e7836ad3e41985c306efc62d0c2456f69b4aad225a1ed83a2591f68dec84c86
19010001:PHYTCPPD,French toast,PHYTCPPD,16.0,5488,172763,"French toast, frozen, ready-to-heat",sr_legacy_food,approve,category_estimate,Paul S,16/08/2026,"Reasonable match; ""frozen, ready-to-heat"" prep state not confirmed by the plain source description but category/product correct.",7e7836ad3e41985c306efc62d0c2456f69b4aad225a1ed83a2591f68dec84c86
19010002:PHYTCPPD,French toast,PHYTCPPD,16.0,5488,172763,"French toast, frozen, ready-to-heat",sr_legacy_food,approve,category_estimate,Paul S,16/08/2026,"Reasonable match; ""frozen, ready-to-heat"" prep state not confirmed by the plain source description but category/product correct.",7e7836ad3e41985c306efc62d0c2456f69b4aad225a1ed83a2591f68dec84c86
19020002:PHYTCPPD,"Banana cake, boiled banana",PHYTCPPD,102.0,179438,547615,TIA'S BAKERY BANANA CAKE,branded_food,approve,category_estimate,Paul S,16/08/2026,Good match.,7e7836ad3e41985c306efc62d0c2456f69b4aad225a1ed83a2591f68dec84c86
19020003:PHYTCPPD,"Banana cake, fried banana",PHYTCPPD,504.0,179438,547615,TIA'S BAKERY BANANA CAKE,branded_food,approve,category_estimate,Paul S,16/08/2026,"Banana cake matches banana cake; ""fried"" prep nuance unclear but category correct.",7e7836ad3e41985c306efc62d0c2456f69b4aad225a1ed83a2591f68dec84c86
19020018:PHYTCPP,Meat pie,PHYTCPP,19.428700000000013,220051,603535,LANDRY'S MEAT PIES,branded_food,approve,category_estimate,Paul S,16/08/2026,Good match.,7e7836ad3e41985c306efc62d0c2456f69b4aad225a1ed83a2591f68dec84c86
19020022:PHYTCPPD,"Noodles, wheat, homemade, raw coconut",PHYTCPPD,118.65,218681,601703,"Hy-Vee, Inc. WHOLE WHEAT HOMEMADE NOODLES, WHOLE WHEAT",branded_food,approve,category_estimate,Paul S,16/08/2026,"Source has an added coconut component not captured by the candidate, but wheat+homemade otherwise matches well -- category estimate with that caveat.",7e7836ad3e41985c306efc62d0c2456f69b4aad225a1ed83a2591f68dec84c86
19020023:PHYTCPP,"Okra, stew",PHYTCPP,38.0,408359,1144652,Ragozzino Foods OKRA STEW,branded_food,approve,category_estimate,Paul S,16/08/2026,Exact match (okra stew).,7e7836ad3e41985c306efc62d0c2456f69b4aad225a1ed83a2591f68dec84c86
19020028:PHYTCPPI,Pumpkin stew,PHYTCPPI,75.0,119713,463460,MOM'S MEAL STARTERS ROASTED CHILE & PUMPKIN STEW STARTER,branded_food,approve,category_estimate,Paul S,16/08/2026,"Chile addition not captured, but stew+pumpkin core matches -- category estimate with that caveat.",7e7836ad3e41985c306efc62d0c2456f69b4aad225a1ed83a2591f68dec84c86
19020028:PPI,Pumpkin stew,PPI,26.18,119713,463460,MOM'S MEAL STARTERS ROASTED CHILE & PUMPKIN STEW STARTER,branded_food,approve,category_estimate,Paul S,16/08/2026,"Same as above, duplicate fraction row.",7e7836ad3e41985c306efc62d0c2456f69b4aad225a1ed83a2591f68dec84c86
19020029:IP5,"Rice stew, with other ingredients",IP5,40.0,139604,489315,"Goya Foods, Inc. BEEF STEW WITH RICE",branded_food,approve,category_estimate,Paul S,16/08/2026,"""With other ingredients"" plausibly includes beef -- reasonable category match for a rice stew.",7e7836ad3e41985c306efc62d0c2456f69b4aad225a1ed83a2591f68dec84c86
19020029:IP5_A_IP6,"Rice stew, with other ingredients",IP5_A_IP6,75.0,139604,489315,"Goya Foods, Inc. BEEF STEW WITH RICE",branded_food,approve,category_estimate,Paul S,16/08/2026,"""With other ingredients"" plausibly includes beef -- reasonable category match for a rice stew.",7e7836ad3e41985c306efc62d0c2456f69b4aad225a1ed83a2591f68dec84c86
19020029:IP6,"Rice stew, with other ingredients",IP6,35.0,139604,489315,"Goya Foods, Inc. BEEF STEW WITH RICE",branded_food,approve,category_estimate,Paul S,16/08/2026,"""With other ingredients"" plausibly includes beef -- reasonable category match for a rice stew.",7e7836ad3e41985c306efc62d0c2456f69b4aad225a1ed83a2591f68dec84c86
19020029:PHYTCPP,"Rice stew, with other ingredients",PHYTCPP,123.0,139604,489315,"Goya Foods, Inc. BEEF STEW WITH RICE",branded_food,approve,category_estimate,Paul S,16/08/2026,"""With other ingredients"" plausibly includes beef -- reasonable category match for a rice stew.",7e7836ad3e41985c306efc62d0c2456f69b4aad225a1ed83a2591f68dec84c86
19020030:PHYTCPP,"Rice stew, with other ingredients",PHYTCPP,113.0,139604,489315,"Goya Foods, Inc. BEEF STEW WITH RICE",branded_food,approve,category_estimate,Paul S,16/08/2026,"""With other ingredients"" plausibly includes beef -- reasonable category match for a rice stew, though the beef component is not explicitly confirmed by the source.",7e7836ad3e41985c306efc62d0c2456f69b4aad225a1ed83a2591f68dec84c86
19020031:IP5,"Rice stew, with other ingredients",IP5,40.0,139604,489315,"Goya Foods, Inc. BEEF STEW WITH RICE",branded_food,approve,category_estimate,Paul S,16/08/2026,"""With other ingredients"" plausibly includes beef -- reasonable category match for a rice stew.",7e7836ad3e41985c306efc62d0c2456f69b4aad225a1ed83a2591f68dec84c86
19020031:IP5_A_IP6,"Rice stew, with other ingredients",IP5_A_IP6,72.0,139604,489315,"Goya Foods, Inc. BEEF STEW WITH RICE",branded_food,approve,category_estimate,Paul S,16/08/2026,"Same as above, duplicate fraction row.",7e7836ad3e41985c306efc62d0c2456f69b4aad225a1ed83a2591f68dec84c86
19020031:IP6,"Rice stew, with other ingredients",IP6,32.0,139604,489315,"Goya Foods, Inc. BEEF STEW WITH RICE",branded_food,approve,category_estimate,Paul S,16/08/2026,"""With other ingredients"" plausibly includes beef -- reasonable category match for a rice stew.",7e7836ad3e41985c306efc62d0c2456f69b4aad225a1ed83a2591f68dec84c86
19020031:PHYTCPP,"Rice stew, with other ingredients",PHYTCPP,118.0,139604,489315,"Goya Foods, Inc. BEEF STEW WITH RICE",branded_food,approve,category_estimate,Paul S,16/08/2026,"""With other ingredients"" plausibly includes beef -- reasonable category match for a rice stew.",7e7836ad3e41985c306efc62d0c2456f69b4aad225a1ed83a2591f68dec84c86
19020032:IP5,"Rice stew, with other ingredients",IP5,37.0,139604,489315,"Goya Foods, Inc. BEEF STEW WITH RICE",branded_food,approve,category_estimate,Paul S,16/08/2026,"""With other ingredients"" plausibly includes beef -- reasonable category match for a rice stew.",7e7836ad3e41985c306efc62d0c2456f69b4aad225a1ed83a2591f68dec84c86
19020032:IP5_A_IP6,"Rice stew, with other ingredients",IP5_A_IP6,67.0,139604,489315,"Goya Foods, Inc. BEEF STEW WITH RICE",branded_food,approve,category_estimate,Paul S,16/08/2026,"""With other ingredients"" plausibly includes beef -- reasonable category match for a rice stew.",7e7836ad3e41985c306efc62d0c2456f69b4aad225a1ed83a2591f68dec84c86
19020032:IP6,"Rice stew, with other ingredients",IP6,30.0,139604,489315,"Goya Foods, Inc. BEEF STEW WITH RICE",branded_food,approve,category_estimate,Paul S,16/08/2026,"""With other ingredients"" plausibly includes beef -- reasonable category match for a rice stew.",7e7836ad3e41985c306efc62d0c2456f69b4aad225a1ed83a2591f68dec84c86
19020032:PHYTCPP,"Rice stew, with other ingredients",PHYTCPP,96.0,139604,489315,"Goya Foods, Inc. BEEF STEW WITH RICE",branded_food,approve,category_estimate,Paul S,16/08/2026,"""With other ingredients"" plausibly includes beef -- reasonable category match for a rice stew.",7e7836ad3e41985c306efc62d0c2456f69b4aad225a1ed83a2591f68dec84c86
19020033:PHYTCPPD,Rice with bean pod curry,PHYTCPPD,79.17,938519,1995760,"CVS Pharmacy, Inc. RED KIDNEY BEAN CURRY WITH BASMATI RICE",branded_food,approve,category_estimate,Paul S,16/08/2026,"""Bean pod"" vs ""kidney bean"" specific type nuance, but curry+rice+bean category all match.",7e7836ad3e41985c306efc62d0c2456f69b4aad225a1ed83a2591f68dec84c86
19020034:PHYTCPPD,Rice with bean pod curry,PHYTCPPD,80.19,938519,1995760,"CVS Pharmacy, Inc. RED KIDNEY BEAN CURRY WITH BASMATI RICE",branded_food,approve,category_estimate,Paul S,16/08/2026,"""Bean pod"" vs ""kidney bean"" specific type nuance, but curry+rice+bean category all match.",7e7836ad3e41985c306efc62d0c2456f69b4aad225a1ed83a2591f68dec84c86
19020036:PHYTCPPD,"Rice, boiled, with coconut ‘Sambol’ (tempered in coconut oil)",PHYTCPPD,19.72,1078167,2201414,"Goya Foods, Inc. SEASONED RICE WITH COCONUT, COCONUT",branded_food,approve,category_estimate,Paul S,16/08/2026,"Coconut component matches; the specific ""Sambol"" Sri Lankan preparation style not confirmed but plausible.",7e7836ad3e41985c306efc62d0c2456f69b4aad225a1ed83a2591f68dec84c86
19020040:PHYTCPPD,"Rice, boiled, with jack fruit and yellow pumpkin curry",PHYTCPPD,29.97,388117,1856578,"Andre Prost Inc. YELLOW CURRY RICE, YELLOW CURRY",branded_food,approve,category_estimate,Paul S,16/08/2026,Rice+curry theme matches; jackfruit component not captured -- category estimate with that caveat.,7e7836ad3e41985c306efc62d0c2456f69b4aad225a1ed83a2591f68dec84c86
19020041:PHYTCPPD,"Rice, boiled, with lentil curry",PHYTCPPD,50.68,80154,408005,"PATAK'S PATAK'S, LENTIL CURRY WITH RICE, DAL MAKHANI",branded_food,approve,category_estimate,Paul S,16/08/2026,Excellent match.,7e7836ad3e41985c306efc62d0c2456f69b4aad225a1ed83a2591f68dec84c86
19020042:PHYTCPPD,"Rice, boiled, with lentil curry",PHYTCPPD,61.83,80154,408005,"PATAK'S PATAK'S, LENTIL CURRY WITH RICE, DAL MAKHANI",branded_food,approve,category_estimate,Paul S,16/08/2026,"Excellent match, duplicate fraction row.",7e7836ad3e41985c306efc62d0c2456f69b4aad225a1ed83a2591f68dec84c86
19020045:PHYTCPPI,"Rice, cooked with meat and vegetables",PHYTCPPI,4.1772,70518,395103,The Kroger Co. RICE WITH CHICKEN AND VEGETABLES,branded_food,approve,category_estimate,Paul S,16/08/2026,"""Meat"" generically matches chicken as one plausible meat type; vegetables match.",7e7836ad3e41985c306efc62d0c2456f69b4aad225a1ed83a2591f68dec84c86
19020047:PHYTCPPD,"Rice, lentil and cabbage curry",PHYTCPPD,67.77,157408,516859,GRAIN & SIMPLE ORGANIC CURRIED RICE AND LENTILS,branded_food,approve,category_estimate,Paul S,16/08/2026,"Cabbage component not captured, but rice+lentil core matches well -- category estimate with that caveat.",7e7836ad3e41985c306efc62d0c2456f69b4aad225a1ed83a2591f68dec84c86
19020050:PHYTCPPI,"Soup, green leafy vegetables with nuts and vegetables",PHYTCPPI,2.63264,193574,567063,GREEN WISE CHUNKY VEGETABLE SOUP,branded_food,approve,category_estimate,Paul S,16/08/2026,"Nuts component not specifically captured, but vegetable-soup category is correct -- category estimate with that caveat.",7e7836ad3e41985c306efc62d0c2456f69b4aad225a1ed83a2591f68dec84c86
