bucket,top_similarity,row_identifier,food_description,compound_fraction,value,candidate,candidate_data_type,match_method,rationale,best_candidate_similarity,runner_up_similarity,similarity_field_was_mislabeled,auto_flag,review_verdict,approved_fdc_food,rejection_reason,match_scope,reviewer,review_date,review_notes
ambiguous,0.88,01030039:PHYTCPPD,"Bread, wheat-based, toasted",PHYTCPPD,63.0,"Bread, wheat, toasted",sr_legacy_food,fuzzy,"top two name-search candidates ('Bread, wheat, toasted', 'Bread, wheat, sprouted, toasted') are too textually similar to the source description (0.88 vs 0.83 similarity) to place confidently",0.88,0.83,,,,,,,,,
ambiguous,0.88,05020031:PHYTCPP,"Gooseberry, raw",PHYTCPP,49.34,"Gooseberries, raw",sr_legacy_food,fuzzy,"top two name-search candidates ('Gooseberries, raw', 'GOOSEBERRY JAM') are too textually similar to the source description (0.88 vs 0.83 similarity) to place confidently",0.88,0.83,,,,,,,,,
ambiguous,0.86,01030154:PHYTCPPD,"Wheat bran, raw",PHYTCPPD,4174.0,"Oat bran, raw",sr_legacy_food,fuzzy,"top two name-search candidates ('Oat bran, raw', 'WHEAT BRAN TOAST') are too textually similar to the source description (0.86 vs 0.77 similarity) to place confidently",0.86,0.77,,,,,,,,,
ambiguous,0.86,01030152:PHYTC-,"Wheat bran, raw",PHYTC-,170.72639999999998,"Oat bran, raw",sr_legacy_food,fuzzy,"top two name-search candidates ('Oat bran, raw', 'WHEAT BRAN TOAST') are too textually similar to the source description (0.86 vs 0.77 similarity) to place confidently",0.86,0.77,,,,,,,,,
ambiguous,0.86,01030155:IP6,"Wheat bran, raw",IP6,2965.6,"Oat bran, raw",sr_legacy_food,fuzzy,"top two name-search candidates ('Oat bran, raw', 'WHEAT BRAN TOAST') are too textually similar to the source description (0.86 vs 0.77 similarity) to place confidently",0.86,0.77,,,,,,,,,
ambiguous,0.86,01030153:PHYTCPPD,"Wheat bran, raw",PHYTCPPD,4174.0,"Oat bran, raw",sr_legacy_food,fuzzy,"top two name-search candidates ('Oat bran, raw', 'WHEAT BRAN TOAST') are too textually similar to the source description (0.86 vs 0.77 similarity) to place confidently",0.86,0.77,,,,,,,,,
ambiguous,0.85,04030026:PHYTCPP,"Drumstick, raw",PHYTCPP,85.74,"Drumstick pods, raw",sr_legacy_food,fuzzy,"top two name-search candidates ('Drumstick pods, raw', 'Drumstick leaves, raw') are too textually similar to the source description (0.85 vs 0.80 similarity) to place confidently",0.85,0.8,,,,,,,,,
ambiguous,0.83,04010178:PHYTCPPI,"Mustard, leaves, raw",PHYTCPPI,9.180000000000001,"Taro leaves, raw",sr_legacy_food,fuzzy,"top two name-search candidates ('Taro leaves, raw', 'Mustard greens, raw') are too textually similar to the source description (0.83 vs 0.82 similarity) to place confidently",0.83,0.82,,LEAFY_GREEN_GARBAGE_BUCKET_SUSPECT,,,,,,,
ambiguous,0.83,04010179:PHYTCPP,"Mustard, leaves, raw",PHYTCPP,34.69,"Taro leaves, raw",sr_legacy_food,fuzzy,"top two name-search candidates ('Taro leaves, raw', 'Mustard greens, raw') are too textually similar to the source description (0.83 vs 0.82 similarity) to place confidently",0.83,0.82,,LEAFY_GREEN_GARBAGE_BUCKET_SUSPECT,,,,,,,
ambiguous,0.83,04010179:IP5,"Mustard, leaves, raw",IP5,3.0,"Taro leaves, raw",sr_legacy_food,fuzzy,"top two name-search candidates ('Taro leaves, raw', 'Mustard greens, raw') are too textually similar to the source description (0.83 vs 0.82 similarity) to place confidently",0.83,0.82,,LEAFY_GREEN_GARBAGE_BUCKET_SUSPECT,,,,,,,
ambiguous,0.83,04010179:IP6,"Mustard, leaves, raw",IP6,35.0,"Taro leaves, raw",sr_legacy_food,fuzzy,"top two name-search candidates ('Taro leaves, raw', 'Mustard greens, raw') are too textually similar to the source description (0.83 vs 0.82 similarity) to place confidently",0.83,0.82,,LEAFY_GREEN_GARBAGE_BUCKET_SUSPECT,,,,,,,
ambiguous,0.83,04010179:IP5_A_IP6,"Mustard, leaves, raw",IP5_A_IP6,38.0,"Taro leaves, raw",sr_legacy_food,fuzzy,"top two name-search candidates ('Taro leaves, raw', 'Mustard greens, raw') are too textually similar to the source description (0.83 vs 0.82 similarity) to place confidently",0.83,0.82,,LEAFY_GREEN_GARBAGE_BUCKET_SUSPECT,,,,,,,
ambiguous,0.83,04010222:IP5,"Sesbania, yellow, raw",IP5,3.0,"Sesbania flower, raw",sr_legacy_food,fuzzy,"top two name-search candidates ('Sesbania flower, raw', 'Onions, yellow, raw') are too textually similar to the source description (0.83 vs 0.75 similarity) to place confidently",0.83,0.75,,,,,,,,,
ambiguous,0.83,04010222:IP6,"Sesbania, yellow, raw",IP6,6.0,"Sesbania flower, raw",sr_legacy_food,fuzzy,"top two name-search candidates ('Sesbania flower, raw', 'Onions, yellow, raw') are too textually similar to the source description (0.83 vs 0.75 similarity) to place confidently",0.83,0.75,,,,,,,,,
ambiguous,0.83,04010222:IP5_A_IP6,"Sesbania, yellow, raw",IP5_A_IP6,9.0,"Sesbania flower, raw",sr_legacy_food,fuzzy,"top two name-search candidates ('Sesbania flower, raw', 'Onions, yellow, raw') are too textually similar to the source description (0.83 vs 0.75 similarity) to place confidently",0.83,0.75,,,,,,,,,
ambiguous,0.81,01010109:PHYTC-,"Rice, Green, raw",PHYTC-,40.98,"Peas, green, raw",sr_legacy_food,fuzzy,"top two name-search candidates ('Peas, green, raw', 'Turtle, green, raw') are too textually similar to the source description (0.81 vs 0.82 similarity) to place confidently",0.82,0.81,YES,,,,,,,,
ambiguous,0.81,01030089:PHYTCPP,"Bulgur, raw",PHYTCPP,679.0,"Bulgur, dry, raw",foundation_food,fuzzy,"top two name-search candidates ('Bulgur, dry, raw', 'Bulgur, dry') are too textually similar to the source description (0.81 vs 0.82 similarity) to place confidently",0.82,0.81,YES,,,,,,,,
ambiguous,0.81,02010028:PHYT-,"Potato, Sifra, white flesh and skin, raw, peeled",PHYT-,152.0,"Potatoes, white, flesh and skin, raw",sr_legacy_food,fuzzy,"top two name-search candidates ('Potatoes, white, flesh and skin, raw', 'Potatoes, white, flesh and skin, baked') are too textually similar to the source description (0.81 vs 0.79 similarity) to place confidently",0.81,0.79,,,,,,,,,
ambiguous,0.81,03020010:PHYTCPPD,"Soybean bran, raw",PHYTCPPD,735.0,"Soybeans, green, raw",sr_legacy_food,fuzzy,"top two name-search candidates ('Soybeans, green, raw', 'Oat bran, raw') are too textually similar to the source description (0.81 vs 0.80 similarity) to place confidently",0.81,0.8,,,,,,,,,
ambiguous,0.80,01050213:PHYTCPP,"Ragi, raw",PHYTCPP,306.0,"Borage, raw",sr_legacy_food,fuzzy,"top two name-search candidates ('Borage, raw', 'Yam, raw') are too textually similar to the source description (0.80 vs 0.71 similarity) to place confidently",0.8,0.71,,,,,,,,,
ambiguous,0.80,01050215:PHYTCPP,"Varagu, raw",PHYTCPP,452.0,"Asparagus, raw",sr_legacy_food,fuzzy,"top two name-search candidates ('Asparagus, raw', 'Borage, raw') are too textually similar to the source description (0.80 vs 0.73 similarity) to place confidently",0.8,0.73,,,,,,,,,
ambiguous,0.80,02010004:PHYT-,"Potato, BP1, white flesh and skin, raw, peeled",PHYT-,235.8,"Potatoes, white, flesh and skin, raw",sr_legacy_food,fuzzy,"top two name-search candidates ('Potatoes, white, flesh and skin, raw', 'Potatoes, white, flesh and skin, baked') are too textually similar to the source description (0.80 vs 0.79 similarity) to place confidently",0.8,0.79,,,,,,,,,
ambiguous,0.80,02010010:PHYT-,"Potato, Darius, white flesh and skin, raw, peeled",PHYT-,254.3,"Potatoes, white, flesh and skin, raw",sr_legacy_food,fuzzy,"top two name-search candidates ('Potatoes, white, flesh and skin, raw', 'Potatoes, white, flesh and skin, baked') are too textually similar to the source description (0.80 vs 0.78 similarity) to place confidently",0.8,0.78,,,,,,,,,
ambiguous,0.80,04010253:PHYTCPP,"Water spinach, raw",PHYTCPP,2.0,"Spinach, raw",sr_legacy_food,fuzzy,"top two name-search candidates ('Spinach, raw', 'New Zealand spinach, raw') are too textually similar to the source description (0.80 vs 0.71 similarity) to place confidently",0.8,0.71,,,,,,,,,
ambiguous,0.80,04030093:PHYTCPP,"Plantain, stems, raw",PHYTCPP,15.33,"Plantains, ripe, raw",foundation_food,fuzzy,"top two name-search candidates ('Plantains, ripe, raw', 'Plantains, green, raw') are too textually similar to the source description (0.80 vs 0.78 similarity) to place confidently",0.8,0.78,,,,,,,,,
ambiguous,0.80,05010041:PHYTCPP,"Peach, raw",PHYTCPP,4.55,"Pears, raw",sr_legacy_food,fuzzy,"top two name-search candidates ('Pears, raw', 'Peanuts, raw') are too textually similar to the source description (0.80 vs 0.73 similarity) to place confidently",0.8,0.73,,,,,,,,,
ambiguous,0.80,15010069:PHYTC-,"Mentha, leaves, raw",PHYTC-,57.3,"Taro leaves, raw",sr_legacy_food,fuzzy,"top two name-search candidates ('Taro leaves, raw', 'Amaranth leaves, raw') are too textually similar to the source description (0.80 vs 0.82 similarity) to place confidently",0.82,0.8,YES,LEAFY_GREEN_GARBAGE_BUCKET_SUSPECT,,,,,,,
ambiguous,0.79,01010341:PHYTCPP,"Rice, white, short grains, raw",PHYTCPP,183.12,"Rice, white, short-grain, raw, unenriched",sr_legacy_food,fuzzy,"top two name-search candidates ('Rice, white, short-grain, raw, unenriched', 'Rice, white, short-grain, enriched, cooked') are too textually similar to the source description (0.79 vs 0.72 similarity) to place confidently",0.79,0.72,,,,,,,,,
ambiguous,0.79,01020036:PHYTCPP,"Corn, ground, raw",PHYTCPP,100.0,"Emu, ground, raw",sr_legacy_food,fuzzy,"top two name-search candidates ('Emu, ground, raw', 'Lamb, ground, raw') are too textually similar to the source description (0.79 vs 0.76 similarity) to place confidently",0.79,0.76,,,,,,,,,
ambiguous,0.79,01030208:PHYTCPP,"Wheat flour, white, refined",PHYTCPP,147.0,"Wheat flour, white, cake, enriched",sr_legacy_food,fuzzy,"top two name-search candidates ('Wheat flour, white, cake, enriched', 'Wheat flour, white, bread, enriched') are too textually similar to the source description (0.79 vs 0.81 similarity) to place confidently",0.81,0.79,YES,,,,,,,,
ambiguous,0.79,02010031:PHYT-,"Potato, Valor, white flesh and skin, raw, peeled",PHYT-,254.0,"Potatoes, white, flesh and skin, raw",sr_legacy_food,fuzzy,"top two name-search candidates ('Potatoes, white, flesh and skin, raw', 'Potatoes, white, flesh and skin, baked') are too textually similar to the source description (0.79 vs 0.77 similarity) to place confidently",0.79,0.77,,,,,,,,,
ambiguous,0.79,02060013:PHYTCPP,"Plantain, unripe, boiled",PHYTCPP,1.0,"Plantains, green, boiled",sr_legacy_food,fuzzy,"top two name-search candidates ('Plantains, green, boiled', 'Plantains, underripe, raw') are too textually similar to the source description (0.79 vs 0.73 similarity) to place confidently",0.79,0.73,,,,,,,,,
ambiguous,0.79,02060014:PHYTCPP,"Plantain, unripe, boiled",PHYTCPP,34.0,"Plantains, green, boiled",sr_legacy_food,fuzzy,"top two name-search candidates ('Plantains, green, boiled', 'Plantains, underripe, raw') are too textually similar to the source description (0.79 vs 0.73 similarity) to place confidently",0.79,0.73,,,,,,,,,
ambiguous,0.79,03010124:IP4,"Black bean, raw",IP4,4.41,"BLACK BEANS, BLACK",branded_food,fuzzy,"top two name-search candidates ('BLACK BEANS, BLACK', 'BLACK BEANS') are too textually similar to the source description (0.79 vs 0.77 similarity) to place confidently",0.79,0.77,,,,,,,,,
ambiguous,0.79,03010124:IP5,"Black bean, raw",IP5,53.802,"BLACK BEANS, BLACK",branded_food,fuzzy,"top two name-search candidates ('BLACK BEANS, BLACK', 'BLACK BEANS') are too textually similar to the source description (0.79 vs 0.77 similarity) to place confidently",0.79,0.77,,,,,,,,,
ambiguous,0.79,03010124:IP6,"Black bean, raw",IP6,338.68800000000005,"BLACK BEANS, BLACK",branded_food,fuzzy,"top two name-search candidates ('BLACK BEANS, BLACK', 'BLACK BEANS') are too textually similar to the source description (0.79 vs 0.77 similarity) to place confidently",0.79,0.77,,,,,,,,,
ambiguous,0.79,03010124:IPSUM,"Black bean, raw",IPSUM,396.9,"BLACK BEANS, BLACK",branded_food,fuzzy,"top two name-search candidates ('BLACK BEANS, BLACK', 'BLACK BEANS') are too textually similar to the source description (0.79 vs 0.77 similarity) to place confidently",0.79,0.77,,,,,,,,,
ambiguous,0.79,03010729:PHYTCPPI,"Winged bean, 207, raw",PHYTCPPI,708.0,"Winged bean tuber, raw",sr_legacy_food,fuzzy,"top two name-search candidates ('Winged bean tuber, raw', 'Winged bean leaves, raw') are too textually similar to the source description (0.79 vs 0.77 similarity) to place confidently",0.79,0.77,,,,,,,,,
ambiguous,0.79,04010086:PHYTCPP,"Cabbage, Chinese, raw",PHYTCPP,16.85,"Cabbage, chinese (pak-choi), raw",sr_legacy_food,fuzzy,"top two name-search candidates ('Cabbage, chinese (pak-choi), raw', 'Cabbage, chinese (pe-tsai), raw') are too textually similar to the source description (0.79 vs 0.81 similarity) to place confidently",0.81,0.79,YES,,,,,,,,
ambiguous,0.79,04010128:PHYTCPP,"Dima, leaves, raw",PHYTCPP,1.0,"Taro leaves, raw",sr_legacy_food,fuzzy,"top two name-search candidates ('Taro leaves, raw', 'Grape leaves, raw') are too textually similar to the source description (0.79 vs 0.76 similarity) to place confidently",0.79,0.76,,LEAFY_GREEN_GARBAGE_BUCKET_SUSPECT,,,,,,,
ambiguous,0.79,04010159:PHYTCPP,"Jute, leaves, raw",PHYTCPP,14.0,"Taro leaves, raw",sr_legacy_food,fuzzy,"top two name-search candidates ('Taro leaves, raw', 'Grape leaves, raw') are too textually similar to the source description (0.79 vs 0.76 similarity) to place confidently",0.79,0.76,,LEAFY_GREEN_GARBAGE_BUCKET_SUSPECT,,,,,,,
ambiguous,0.79,04010160:PHYTC-,"Jute, leaves, raw",PHYTC-,33.7,"Taro leaves, raw",sr_legacy_food,fuzzy,"top two name-search candidates ('Taro leaves, raw', 'Grape leaves, raw') are too textually similar to the source description (0.79 vs 0.76 similarity) to place confidently",0.79,0.76,,LEAFY_GREEN_GARBAGE_BUCKET_SUSPECT,,,,,,,
ambiguous,0.79,04020005:PHYTCPP,"Carrot, red, raw",PHYTCPP,17.03,"Carrots, raw",sr_legacy_food,fuzzy,"top two name-search candidates ('Carrots, raw', 'Carrots, baby, raw') are too textually similar to the source description (0.79 vs 0.76 similarity) to place confidently",0.79,0.76,,,,,,,,,
ambiguous,0.79,04030090:PHYTCPP,"Onion, small, raw",PHYTCPP,8.28,"Onions, raw",sr_legacy_food,fuzzy,"top two name-search candidates ('Onions, raw', 'Onions, sweet, raw') are too textually similar to the source description (0.79 vs 0.74 similarity) to place confidently",0.79,0.74,,,,,,,,,
ambiguous,0.79,04030091:PHYTCPP,"Onion, stalk, raw",PHYTCPP,61.02,"Onions, raw",sr_legacy_food,fuzzy,"top two name-search candidates ('Onions, raw', 'Onions, sweet, raw') are too textually similar to the source description (0.79 vs 0.80 similarity) to place confidently",0.8,0.79,YES,,,,,,,,
ambiguous,0.79,05020072:PHYTCPP,"Strawberry, raw",PHYTCPP,25.07,"Guavas, strawberry, raw",sr_legacy_food,fuzzy,"top two name-search candidates ('Guavas, strawberry, raw', 'Strawberries, raw') are too textually similar to the source description (0.79 vs 0.88 similarity) to place confidently",0.88,0.79,YES,,,,,,,,
ambiguous,0.79,15010043:PHYTCPP,"Curry leaves, raw",PHYTCPP,40.99,"Taro leaves, raw",sr_legacy_food,fuzzy,"top two name-search candidates ('Taro leaves, raw', 'Grape leaves, raw') are too textually similar to the source description (0.79 vs 0.76 similarity) to place confidently",0.79,0.76,,LEAFY_GREEN_GARBAGE_BUCKET_SUSPECT,,,,,,,
ambiguous,0.79,15010071:PHYTCPP,"Mint, leaves, raw",PHYTCPP,48.05,"Taro leaves, raw",sr_legacy_food,fuzzy,"top two name-search candidates ('Taro leaves, raw', 'Grape leaves, raw') are too textually similar to the source description (0.79 vs 0.71 similarity) to place confidently",0.79,0.71,,LEAFY_GREEN_GARBAGE_BUCKET_SUSPECT,,,,,,,
ambiguous,0.78,03010134:PHYTCPPI,Chickpea flour,PHYTCPPI,914.782638,Chickpea flour (besan),sr_legacy_food,canonical,"top two name-search candidates ('Chickpea flour (besan)', 'EL TRIGAL CHICKPEA FLOUR') are too textually similar to the source description (0.78 vs 0.74 similarity) to place confidently",0.78,0.74,,,,,,,,,
ambiguous,0.78,03010365:PHYTCPP,"Cowpea, white, raw",PHYTCPP,573.0,"Corn, sweet, white, raw",sr_legacy_food,fuzzy,"top two name-search candidates ('Corn, sweet, white, raw', 'Onions, white, raw') are too textually similar to the source description (0.78 vs 0.72 similarity) to place confidently",0.78,0.72,,,,,,,,,
ambiguous,0.78,03010714:PHYTCPPI,"Winged bean, 034(b), raw",PHYTCPPI,713.0,"Winged bean tuber, raw",sr_legacy_food,fuzzy,"top two name-search candidates ('Winged bean tuber, raw', 'Winged bean leaves, raw') are too textually similar to the source description (0.78 vs 0.72 similarity) to place confidently",0.78,0.72,,,,,,,,,
ambiguous,0.78,03010721:PHYTCPPI,"Winged bean, 051(b), raw",PHYTCPPI,676.0,"Winged bean tuber, raw",sr_legacy_food,fuzzy,"top two name-search candidates ('Winged bean tuber, raw', 'Winged bean leaves, raw') are too textually similar to the source description (0.78 vs 0.72 similarity) to place confidently",0.78,0.72,,,,,,,,,
ambiguous,0.78,03010724:PHYTCPPI,"Winged bean, 181(b), raw",PHYTCPPI,752.0,"Winged bean tuber, raw",sr_legacy_food,fuzzy,"top two name-search candidates ('Winged bean tuber, raw', 'Winged bean leaves, raw') are too textually similar to the source description (0.78 vs 0.72 similarity) to place confidently",0.78,0.72,,,,,,,,,
ambiguous,0.78,03010727:PHYTCPPI,"Winged bean, 195(b), raw",PHYTCPPI,750.0,"Winged bean tuber, raw",sr_legacy_food,fuzzy,"top two name-search candidates ('Winged bean tuber, raw', 'Winged bean leaves, raw') are too textually similar to the source description (0.78 vs 0.72 similarity) to place confidently",0.78,0.72,,,,,,,,,
ambiguous,0.78,06010032:PHYTCPPI,"Brazil nut, raw",PHYTCPPI,190.0,"Nuts, brazilnuts, raw",foundation_food,fuzzy,"top two name-search candidates ('Nuts, brazilnuts, raw', 'AMERICAN BRAZIL NUTS RAW') are too textually similar to the source description (0.78 vs 0.72 similarity) to place confidently",0.78,0.72,,,,,,,,,
ambiguous,0.78,15010037:PHYTCPP,"Coriander, leaves, raw",PHYTCPP,38.68,"Coriander (cilantro) leaves, raw",sr_legacy_food,fuzzy,"top two name-search candidates ('Coriander (cilantro) leaves, raw', 'Taro leaves, raw') are too textually similar to the source description (0.78 vs 0.68 similarity) to place confidently",0.78,0.68,,,,,,,,,
ambiguous,0.77,01030207:PHYT-,"Wheat flour, white, packaged",PHYT-,320.0,"Wheat flour, white, cake, enriched",sr_legacy_food,fuzzy,"top two name-search candidates ('Wheat flour, white, cake, enriched', 'Wheat flour, white, bread, enriched') are too textually similar to the source description (0.77 vs 0.76 similarity) to place confidently",0.77,0.76,,,,,,,,,
ambiguous,0.77,01050076:PHYT-,Finger millet flour,PHYT-,536.434,Millet flour,sr_legacy_food,fuzzy,"top two name-search candidates ('Millet flour', 'NAMASTE MILLET FLOUR') are too textually similar to the source description (0.77 vs 0.77 similarity) to place confidently",0.77,0.77,,,,,,,,,
ambiguous,0.77,02010002:PHYT-,"Potato, Avalanche, white flesh and skin, raw, peeled",PHYT-,338.0,"Potatoes, white, flesh and skin, raw",sr_legacy_food,fuzzy,"top two name-search candidates ('Potatoes, white, flesh and skin, raw', 'Potatoes, white, flesh and skin, baked') are too textually similar to the source description (0.77 vs 0.76 similarity) to place confidently",0.77,0.76,,,,,,,,,
ambiguous,0.77,02010018:PHYT-,"Potato, Mondial, white flesh and skin, raw, peeled",PHYT-,203.5,"Potatoes, white, flesh and skin, raw",sr_legacy_food,fuzzy,"top two name-search candidates ('Potatoes, white, flesh and skin, raw', 'Potatoes, white, flesh and skin, baked') are too textually similar to the source description (0.77 vs 0.75 similarity) to place confidently",0.77,0.75,,,,,,,,,
ambiguous,0.77,03020034:PHYTCPPD,"Soybean, Asmara, mature seed (6 weeks), raw",PHYTCPPD,965.7,"Soybeans, mature seeds, raw",sr_legacy_food,fuzzy,"top two name-search candidates ('Soybeans, mature seeds, raw', 'Soybeans, mature seeds, sprouted, raw') are too textually similar to the source description (0.77 vs 0.70 similarity) to place confidently",0.77,0.7,,,,,,,,,
ambiguous,0.77,03020077:PHYTCPP,"Soybean, white, raw",PHYTCPP,460.0,"Soybeans, green, raw",sr_legacy_food,fuzzy,"top two name-search candidates ('Soybeans, green, raw', 'Onions, white, raw') are too textually similar to the source description (0.77 vs 0.70 similarity) to place confidently",0.77,0.7,,,,,,,,,
ambiguous,0.77,04010139:PHYT-,"Ficus, leaves, raw",PHYT-,135.49,"Fireweed, leaves, raw",sr_legacy_food,fuzzy,"top two name-search candidates ('Fireweed, leaves, raw', 'Taro leaves, raw') are too textually similar to the source description (0.77 vs 0.71 similarity) to place confidently",0.77,0.71,,,,,,,,,
ambiguous,0.77,04010140:PHYT-,"Ficus, leaves, raw",PHYT-,107.88699999999999,"Fireweed, leaves, raw",sr_legacy_food,fuzzy,"top two name-search candidates ('Fireweed, leaves, raw', 'Taro leaves, raw') are too textually similar to the source description (0.77 vs 0.71 similarity) to place confidently",0.77,0.71,,,,,,,,,
ambiguous,0.77,04010141:PHYT-,"Ficus, leaves, raw",PHYT-,303.264,"Fireweed, leaves, raw",sr_legacy_food,fuzzy,"top two name-search candidates ('Fireweed, leaves, raw', 'Taro leaves, raw') are too textually similar to the source description (0.77 vs 0.71 similarity) to place confidently",0.77,0.71,,,,,,,,,
ambiguous,0.77,04010142:PHYT-,"Ficus, leaves, raw",PHYT-,209.30399999999997,"Fireweed, leaves, raw",sr_legacy_food,fuzzy,"top two name-search candidates ('Fireweed, leaves, raw', 'Taro leaves, raw') are too textually similar to the source description (0.77 vs 0.71 similarity) to place confidently",0.77,0.71,,,,,,,,,
ambiguous,0.77,04010143:PHYT-,"Ficus, leaves, raw",PHYT-,215.122,"Fireweed, leaves, raw",sr_legacy_food,fuzzy,"top two name-search candidates ('Fireweed, leaves, raw', 'Taro leaves, raw') are too textually similar to the source description (0.77 vs 0.71 similarity) to place confidently",0.77,0.71,,,,,,,,,
ambiguous,0.77,04030087:PHYTCPP,"Onion, big, raw",PHYTCPP,13.9,"Onions, raw",sr_legacy_food,fuzzy,"top two name-search candidates ('Onions, raw', 'Onions, red, raw') are too textually similar to the source description (0.77 vs 0.77 similarity) to place confidently",0.77,0.77,,,,,,,,,
ambiguous,0.77,05020026:PHYTCPPI,"Fig, green, raw",PHYTCPPI,4.8,"Peas, green, raw",sr_legacy_food,fuzzy,"top two name-search candidates ('Peas, green, raw', 'Turtle, green, raw') are too textually similar to the source description (0.77 vs 0.73 similarity) to place confidently",0.77,0.73,,,,,,,,,
ambiguous,0.77,06010105:PHYT-,"Melon, seed kernel, dried",PHYT-,364.0,"Seeds, watermelon seed kernels, dried",sr_legacy_food,fuzzy,"top two name-search candidates ('Seeds, watermelon seed kernels, dried', 'Seeds, safflower seed kernels, dried') are too textually similar to the source description (0.77 vs 0.72 similarity) to place confidently",0.77,0.72,,,,,,,,,
ambiguous,0.77,06010106:PHYT-,"Melon, seed kernel, dried",PHYT-,460.0,"Seeds, watermelon seed kernels, dried",sr_legacy_food,fuzzy,"top two name-search candidates ('Seeds, watermelon seed kernels, dried', 'Seeds, safflower seed kernels, dried') are too textually similar to the source description (0.77 vs 0.72 similarity) to place confidently",0.77,0.72,,,,,,,,,
ambiguous,0.77,06010107:PHYT-,"Melon, seed kernel, dried",PHYT-,368.0,"Seeds, watermelon seed kernels, dried",sr_legacy_food,fuzzy,"top two name-search candidates ('Seeds, watermelon seed kernels, dried', 'Seeds, safflower seed kernels, dried') are too textually similar to the source description (0.77 vs 0.72 similarity) to place confidently",0.77,0.72,,,,,,,,,
ambiguous,0.76,02010030:PHYT-,"Potato, Up-To-Date, white flesh and skin, raw, peeled",PHYT-,50.02,"Potatoes, white, flesh and skin, raw",sr_legacy_food,fuzzy,"top two name-search candidates ('Potatoes, white, flesh and skin, raw', 'Potatoes, white, flesh and skin, baked') are too textually similar to the source description (0.76 vs 0.75 similarity) to place confidently",0.76,0.75,,,,,,,,,
ambiguous,0.76,04010110:PHYTC-,"Centella, leaves, raw",PHYTC-,43.9,"Taro leaves, raw",sr_legacy_food,fuzzy,"top two name-search candidates ('Taro leaves, raw', 'Grape leaves, raw') are too textually similar to the source description (0.76 vs 0.68 similarity) to place confidently",0.76,0.68,,LEAFY_GREEN_GARBAGE_BUCKET_SUSPECT,,,,,,,
ambiguous,0.76,04010130:IP5,"Ebolo, leaves, raw",IP5,1.8328000000000002,"Taro leaves, raw",sr_legacy_food,fuzzy,"top two name-search candidates ('Taro leaves, raw', 'Grape leaves, raw') are too textually similar to the source description (0.76 vs 0.74 similarity) to place confidently",0.76,0.74,,LEAFY_GREEN_GARBAGE_BUCKET_SUSPECT,,,,,,,
ambiguous,0.76,04010130:IP6,"Ebolo, leaves, raw",IP6,122.56199999999998,"Taro leaves, raw",sr_legacy_food,fuzzy,"top two name-search candidates ('Taro leaves, raw', 'Grape leaves, raw') are too textually similar to the source description (0.76 vs 0.74 similarity) to place confidently",0.76,0.74,,LEAFY_GREEN_GARBAGE_BUCKET_SUSPECT,,,,,,,
ambiguous,0.76,04010163:IP6,"Katuk, leaves, raw",IP6,187.44,"Taro leaves, raw",sr_legacy_food,fuzzy,"top two name-search candidates ('Taro leaves, raw', 'Grape leaves, raw') are too textually similar to the source description (0.76 vs 0.74 similarity) to place confidently",0.76,0.74,,LEAFY_GREEN_GARBAGE_BUCKET_SUSPECT,,,,,,,
ambiguous,0.76,04010164:PHYTCPPI,"Kilob, leaves, raw",PHYTCPPI,10.7,"Taro leaves, raw",sr_legacy_food,fuzzy,"top two name-search candidates ('Taro leaves, raw', 'Grape leaves, raw') are too textually similar to the source description (0.76 vs 0.69 similarity) to place confidently",0.76,0.69,,LEAFY_GREEN_GARBAGE_BUCKET_SUSPECT,,,,,,,
ambiguous,0.76,04010201:PHYTCPP,"Plantain, flowers, raw",PHYTCPP,2.52,"Pumpkin flowers, raw",sr_legacy_food,fuzzy,"top two name-search candidates ('Pumpkin flowers, raw', 'Plantains, yellow, raw') are too textually similar to the source description (0.76 vs 0.82 similarity) to place confidently",0.82,0.76,YES,,,,,,,,
ambiguous,0.76,04010202:PHYTC-,"Plantain, flowers, raw",PHYTC-,15.6,"Pumpkin flowers, raw",sr_legacy_food,fuzzy,"top two name-search candidates ('Pumpkin flowers, raw', 'Plantains, yellow, raw') are too textually similar to the source description (0.76 vs 0.82 similarity) to place confidently",0.82,0.76,YES,,,,,,,,
ambiguous,0.76,04010254:PHYTCPPI,"Waterleaf leaves, raw",PHYTCPPI,0.62,"Taro leaves, raw",sr_legacy_food,fuzzy,"top two name-search candidates ('Taro leaves, raw', 'Grape leaves, raw') are too textually similar to the source description (0.76 vs 0.74 similarity) to place confidently",0.76,0.74,,LEAFY_GREEN_GARBAGE_BUCKET_SUSPECT,,,,,,,
ambiguous,0.76,04030022:IP5,"Cucumber, bitter, raw",IP5,2.0,"Cucumber, peeled, raw",sr_legacy_food,fuzzy,"top two name-search candidates ('Cucumber, peeled, raw', 'Cucumber, with peel, raw') are too textually similar to the source description (0.76 vs 0.80 similarity) to place confidently",0.8,0.76,YES,,,,,,,,
ambiguous,0.76,04030022:IP6,"Cucumber, bitter, raw",IP6,13.0,"Cucumber, peeled, raw",sr_legacy_food,fuzzy,"top two name-search candidates ('Cucumber, peeled, raw', 'Cucumber, with peel, raw') are too textually similar to the source description (0.76 vs 0.80 similarity) to place confidently",0.8,0.76,YES,,,,,,,,
ambiguous,0.76,04030022:IP5_A_IP6,"Cucumber, bitter, raw",IP5_A_IP6,15.0,"Cucumber, peeled, raw",sr_legacy_food,fuzzy,"top two name-search candidates ('Cucumber, peeled, raw', 'Cucumber, with peel, raw') are too textually similar to the source description (0.76 vs 0.80 similarity) to place confidently",0.8,0.76,YES,,,,,,,,
ambiguous,0.76,05010032:PHYTCPP,"Papaya, ripe, raw",PHYTCPP,25.44,"Papayas, raw",sr_legacy_food,fuzzy,"top two name-search candidates ('Papayas, raw', 'Plantains, ripe, raw') are too textually similar to the source description (0.76 vs 0.76 similarity) to place confidently",0.76,0.76,,,,,,,,,
ambiguous,0.76,05010033:PHYTCPP,"Papaya, ripe, raw",PHYTCPP,23.0,"Papayas, raw",sr_legacy_food,fuzzy,"top two name-search candidates ('Papayas, raw', 'Plantains, ripe, raw') are too textually similar to the source description (0.76 vs 0.76 similarity) to place confidently",0.76,0.76,,,,,,,,,
ambiguous,0.76,05020009:PHYTCPP,"Bael fruit, raw",PHYTCPP,28.65,"Chayote, fruit, raw",sr_legacy_food,fuzzy,"top two name-search candidates ('Chayote, fruit, raw', 'Breadfruit, raw') are too textually similar to the source description (0.76 vs 0.80 similarity) to place confidently",0.8,0.76,YES,,,,,,,,
ambiguous,0.76,05020058:PHYTCPP,"Phalsa, raw",PHYTCPP,43.03,"Pears, raw",sr_legacy_food,fuzzy,"top two name-search candidates ('Pears, raw', 'Plums, raw') are too textually similar to the source description (0.76 vs 0.76 similarity) to place confidently",0.76,0.76,,,,,,,,,
ambiguous,0.76,05020069:PHYTCPP,"Sapota, raw",PHYTCPP,8.32,"Sapote, mamey, raw",sr_legacy_food,fuzzy,"top two name-search candidates ('Sapote, mamey, raw', 'Sapodilla, raw') are too textually similar to the source description (0.76 vs 0.80 similarity) to place confidently",0.8,0.76,YES,,,,,,,,
ambiguous,0.76,06010167:PHYTCPPD,"Sesbania, seed, dried",PHYTCPPD,1933.2,"Seeds, chia seeds, dried",sr_legacy_food,fuzzy,"top two name-search candidates ('Seeds, chia seeds, dried', 'Seeds, lotus seeds, dried') are too textually similar to the source description (0.76 vs 0.70 similarity) to place confidently",0.76,0.7,,,,,,,,,
ambiguous,0.76,06010168:PHYTCPPD,"Sesbania, seed, dried",PHYTCPPD,1708.56,"Seeds, chia seeds, dried",sr_legacy_food,fuzzy,"top two name-search candidates ('Seeds, chia seeds, dried', 'Seeds, lotus seeds, dried') are too textually similar to the source description (0.76 vs 0.70 similarity) to place confidently",0.76,0.7,,,,,,,,,
ambiguous,0.75,01030136:PHYTCPPD,"Wheat bran, coarse, raw",PHYTCPPD,3578.0,"Wheat bran, crude",sr_legacy_food,fuzzy,"top two name-search candidates ('Wheat bran, crude', 'Oat bran, raw') are too textually similar to the source description (0.75 vs 0.67 similarity) to place confidently",0.75,0.67,,,,,,,,,
ambiguous,0.75,01030137:PHYTCPPI,"Wheat bran, coarse, raw",PHYTCPPI,2172.6207999999997,"Wheat bran, crude",sr_legacy_food,fuzzy,"top two name-search candidates ('Wheat bran, crude', 'Oat bran, raw') are too textually similar to the source description (0.75 vs 0.67 similarity) to place confidently",0.75,0.67,,,,,,,,,
ambiguous,0.75,01030137:PPI,"Wheat bran, coarse, raw",PPI,612.2713527999999,"Wheat bran, crude",sr_legacy_food,fuzzy,"top two name-search candidates ('Wheat bran, crude', 'Oat bran, raw') are too textually similar to the source description (0.75 vs 0.67 similarity) to place confidently",0.75,0.67,,,,,,,,,
ambiguous,0.75,01050100:PHYTCA,Foxtail millet flour,PHYTCA,819.72,Millet flour,sr_legacy_food,fuzzy,"top two name-search candidates ('Millet flour', 'NAMASTE MILLET FLOUR') are too textually similar to the source description (0.75 vs 0.70 similarity) to place confidently",0.75,0.7,,,,,,,,,
ambiguous,0.75,01050101:PHYTCA,Foxtail millet flour,PHYTCA,483.67,Millet flour,sr_legacy_food,fuzzy,"top two name-search candidates ('Millet flour', 'NAMASTE MILLET FLOUR') are too textually similar to the source description (0.75 vs 0.70 similarity) to place confidently",0.75,0.7,,,,,,,,,
ambiguous,0.75,01060034:PHYTCPPI,"Barley flour, whole grain",PHYTCPPI,1315.72,"Flour, oat, whole grain",foundation_food,fuzzy,"top two name-search candidates ('Flour, oat, whole grain', 'Flour, spelt, whole grain') are too textually similar to the source description (0.75 vs 0.72 similarity) to place confidently",0.75,0.72,,,,,,,,,
ambiguous,0.75,01060220:IP5,"Quinoa flour, whole grain",IP5,24.45222,"Flour, oat, whole grain",foundation_food,fuzzy,"top two name-search candidates ('Flour, oat, whole grain', 'PEREG QUINOA WHOLE GRAIN') are too textually similar to the source description (0.75 vs 0.73 similarity) to place confidently",0.75,0.73,,,,,,,,,
ambiguous,0.75,01060220:IP6,"Quinoa flour, whole grain",IP6,549.39456,"Flour, oat, whole grain",foundation_food,fuzzy,"top two name-search candidates ('Flour, oat, whole grain', 'PEREG QUINOA WHOLE GRAIN') are too textually similar to the source description (0.75 vs 0.73 similarity) to place confidently",0.75,0.73,,,,,,,,,
ambiguous,0.75,01060220:IPSUM,"Quinoa flour, whole grain",IPSUM,573.84678,"Flour, oat, whole grain",foundation_food,fuzzy,"top two name-search candidates ('Flour, oat, whole grain', 'PEREG QUINOA WHOLE GRAIN') are too textually similar to the source description (0.75 vs 0.73 similarity) to place confidently",0.75,0.73,,,,,,,,,
ambiguous,0.75,01060223:PHYTCPPD,Rye flour,PHYTCPPD,376.0,"Rye flour, dark",sr_legacy_food,canonical,"top two name-search candidates ('Rye flour, dark', 'Rye flour, light') are too textually similar to the source description (0.75 vs 0.72 similarity) to place confidently",0.75,0.72,,,,,,,,,
ambiguous,0.75,01060224:PHYTCPPD,Rye flour,PHYTCPPD,675.0,"Rye flour, dark",sr_legacy_food,canonical,"top two name-search candidates ('Rye flour, dark', 'Rye flour, light') are too textually similar to the source description (0.75 vs 0.72 similarity) to place confidently",0.75,0.72,,,,,,,,,
ambiguous,0.75,01060225:PHYTC-,Rye flour,PHYTC-,396.0,"Rye flour, dark",sr_legacy_food,canonical,"top two name-search candidates ('Rye flour, dark', 'Rye flour, light') are too textually similar to the source description (0.75 vs 0.72 similarity) to place confidently",0.75,0.72,,,,,,,,,
ambiguous,0.75,03020061:PHYTCPPI,"Soybean, raw",PHYTCPPI,2003.42,"Soybeans, green, raw",sr_legacy_food,fuzzy,"top two name-search candidates ('Soybeans, green, raw', 'SOYBEAN PASTE') are too textually similar to the source description (0.75 vs 0.72 similarity) to place confidently",0.75,0.72,,,,,,,,,
ambiguous,0.75,03020062:PHYTC-,"Soybean, raw",PHYTC-,1043.4,"Soybeans, green, raw",sr_legacy_food,fuzzy,"top two name-search candidates ('Soybeans, green, raw', 'SOYBEAN PASTE') are too textually similar to the source description (0.75 vs 0.72 similarity) to place confidently",0.75,0.72,,,,,,,,,
ambiguous,0.75,03020063:IP6,"Soybean, raw",IP6,1179.8242500000001,"Soybeans, green, raw",sr_legacy_food,fuzzy,"top two name-search candidates ('Soybeans, green, raw', 'SOYBEAN PASTE') are too textually similar to the source description (0.75 vs 0.72 similarity) to place confidently",0.75,0.72,,,,,,,,,
ambiguous,0.75,04010094:PHYTCPP,"Cabbage, violet, raw",PHYTCPP,12.81,"Cabbage, raw",sr_legacy_food,fuzzy,"top two name-search candidates ('Cabbage, raw', 'Cabbage, red, raw') are too textually similar to the source description (0.75 vs 0.81 similarity) to place confidently",0.81,0.75,YES,,,,,,,,
ambiguous,0.75,04010100:PHYTCPP,"Cassava, leaves, raw",PHYTCPP,8.672400000000003,"Cassava, raw",sr_legacy_food,fuzzy,"top two name-search candidates ('Cassava, raw', 'Taro leaves, raw') are too textually similar to the source description (0.75 vs 0.72 similarity) to place confidently",0.75,0.72,,,,,,,,,
ambiguous,0.75,04010101:PHYT-,"Cassava, leaves, raw",PHYT-,11.6809,"Cassava, raw",sr_legacy_food,fuzzy,"top two name-search candidates ('Cassava, raw', 'Taro leaves, raw') are too textually similar to the source description (0.75 vs 0.72 similarity) to place confidently",0.75,0.72,,,,,,,,,
ambiguous,0.75,04010102:PHYTCPP,"Cassava, leaves, raw",PHYTCPP,4.0,"Cassava, raw",sr_legacy_food,fuzzy,"top two name-search candidates ('Cassava, raw', 'Taro leaves, raw') are too textually similar to the source description (0.75 vs 0.72 similarity) to place confidently",0.75,0.72,,,,,,,,,
ambiguous,0.75,04010196:PHYTCPP,"Pak Choi, leaves, raw",PHYTCPP,18.05,"Pumpkin leaves, raw",sr_legacy_food,fuzzy,"top two name-search candidates ('Pumpkin leaves, raw', 'Taro leaves, raw') are too textually similar to the source description (0.75 vs 0.76 similarity) to place confidently",0.76,0.75,YES,,,,,,,,
ambiguous,0.75,04010214:PHYTC-,"Roselle, leaves, raw",PHYTC-,25.8,"Roselle, raw",sr_legacy_food,fuzzy,"top two name-search candidates ('Roselle, raw', 'Taro leaves, raw') are too textually similar to the source description (0.75 vs 0.78 similarity) to place confidently",0.78,0.75,YES,,,,,,,,
ambiguous,0.75,04020009:PHYTCPP,"Zucchini, yellow, raw",PHYTCPP,11.5,"Onions, yellow, raw",foundation_food,fuzzy,"top two name-search candidates ('Onions, yellow, raw', 'Squash, zucchini, baby, raw') are too textually similar to the source description (0.75 vs 0.67 similarity) to place confidently",0.75,0.67,,,,,,,,,
ambiguous,0.74,02010032:PHYT-,"Potato, Van der Plank, white flesh and skin, raw, peeled",PHYT-,38.7,"Potatoes, white, flesh and skin, raw",sr_legacy_food,fuzzy,"top two name-search candidates ('Potatoes, white, flesh and skin, raw', 'Potatoes, white, flesh and skin, baked') are too textually similar to the source description (0.74 vs 0.72 similarity) to place confidently",0.74,0.72,,,,,,,,,
ambiguous,0.74,03010469:PHYTCPP,"Khejri bean, immature, raw",PHYTCPP,2.57,"Lima beans, immature seeds, raw",sr_legacy_food,fuzzy,"top two name-search candidates ('Lima beans, immature seeds, raw', 'Winged beans, immature seeds, raw') are too textually similar to the source description (0.74 vs 0.71 similarity) to place confidently",0.74,0.71,,,,,,,,,
ambiguous,0.74,03010716:PHYTCPPI,"Winged bean, 042(a), raw",PHYTCPPI,610.0,"Winged bean tuber, raw",sr_legacy_food,fuzzy,"top two name-search candidates ('Winged bean tuber, raw', 'Winged bean leaves, raw') are too textually similar to the source description (0.74 vs 0.77 similarity) to place confidently",0.77,0.74,YES,,,,,,,,
ambiguous,0.74,03010717:PHYTCPPI,"Winged bean, 044(a), raw",PHYTCPPI,693.0,"Winged bean tuber, raw",sr_legacy_food,fuzzy,"top two name-search candidates ('Winged bean tuber, raw', 'Winged bean leaves, raw') are too textually similar to the source description (0.74 vs 0.77 similarity) to place confidently",0.77,0.74,YES,,,,,,,,
ambiguous,0.74,03010719:PHYTCPPI,"Winged bean, 048(a), raw",PHYTCPPI,727.0,"Winged bean tuber, raw",sr_legacy_food,fuzzy,"top two name-search candidates ('Winged bean tuber, raw', 'Winged bean leaves, raw') are too textually similar to the source description (0.74 vs 0.77 similarity) to place confidently",0.77,0.74,YES,,,,,,,,
ambiguous,0.74,03010720:PHYTCPPI,"Winged bean, 050(a), raw",PHYTCPPI,743.0,"Winged bean tuber, raw",sr_legacy_food,fuzzy,"top two name-search candidates ('Winged bean tuber, raw', 'Winged bean leaves, raw') are too textually similar to the source description (0.74 vs 0.77 similarity) to place confidently",0.77,0.74,YES,,,,,,,,
ambiguous,0.74,03010723:PHYTCPPI,"Winged bean, 157(d), raw",PHYTCPPI,750.0,"Winged bean tuber, raw",sr_legacy_food,fuzzy,"top two name-search candidates ('Winged bean tuber, raw', 'Winged bean leaves, raw') are too textually similar to the source description (0.74 vs 0.72 similarity) to place confidently",0.74,0.72,,,,,,,,,
ambiguous,0.74,03010726:PHYTCPPI,"Winged bean, 188(d), raw",PHYTCPPI,697.0,"Winged bean tuber, raw",sr_legacy_food,fuzzy,"top two name-search candidates ('Winged bean tuber, raw', 'Winged bean leaves, raw') are too textually similar to the source description (0.74 vs 0.72 similarity) to place confidently",0.74,0.72,,,,,,,,,
ambiguous,0.74,03010728:PHYTCPPI,"Winged bean, 201(a), raw",PHYTCPPI,700.0,"Winged bean tuber, raw",sr_legacy_food,fuzzy,"top two name-search candidates ('Winged bean tuber, raw', 'Winged bean leaves, raw') are too textually similar to the source description (0.74 vs 0.77 similarity) to place confidently",0.77,0.74,YES,,,,,,,,
ambiguous,0.74,04010003:PHYTCPP,"Agathi, leaves, raw",PHYTCPP,63.33,"Taro leaves, raw",sr_legacy_food,fuzzy,"top two name-search candidates ('Taro leaves, raw', 'Amaranth leaves, raw') are too textually similar to the source description (0.74 vs 0.82 similarity) to place confidently",0.82,0.74,YES,LEAFY_GREEN_GARBAGE_BUCKET_SUSPECT,,,,,,,
ambiguous,0.74,04010004:PHYTC-,"Agathi, leaves, raw",PHYTC-,49.3,"Taro leaves, raw",sr_legacy_food,fuzzy,"top two name-search candidates ('Taro leaves, raw', 'Amaranth leaves, raw') are too textually similar to the source description (0.74 vs 0.82 similarity) to place confidently",0.82,0.74,YES,LEAFY_GREEN_GARBAGE_BUCKET_SUSPECT,,,,,,,
ambiguous,0.74,04010051:PHYTCPPI,"Bathua, leaves, raw",PHYTCPPI,31.200000000000017,"Taro leaves, raw",sr_legacy_food,fuzzy,"top two name-search candidates ('Taro leaves, raw', 'Broccoli, leaves, raw') are too textually similar to the source description (0.74 vs 0.70 similarity) to place confidently",0.74,0.7,,LEAFY_GREEN_GARBAGE_BUCKET_SUSPECT,,,,,,,
ambiguous,0.74,04010052:PHYTCPP,"Bathua, leaves, raw",PHYTCPP,18.48,"Taro leaves, raw",sr_legacy_food,fuzzy,"top two name-search candidates ('Taro leaves, raw', 'Broccoli, leaves, raw') are too textually similar to the source description (0.74 vs 0.70 similarity) to place confidently",0.74,0.7,,LEAFY_GREEN_GARBAGE_BUCKET_SUSPECT,,,,,,,
ambiguous,0.74,04010053:IP5,"Bathua, leaves, raw",IP5,3.0,"Taro leaves, raw",sr_legacy_food,fuzzy,"top two name-search candidates ('Taro leaves, raw', 'Broccoli, leaves, raw') are too textually similar to the source description (0.74 vs 0.70 similarity) to place confidently",0.74,0.7,,LEAFY_GREEN_GARBAGE_BUCKET_SUSPECT,,,,,,,
ambiguous,0.74,04010053:IP6,"Bathua, leaves, raw",IP6,20.0,"Taro leaves, raw",sr_legacy_food,fuzzy,"top two name-search candidates ('Taro leaves, raw', 'Broccoli, leaves, raw') are too textually similar to the source description (0.74 vs 0.70 similarity) to place confidently",0.74,0.7,,LEAFY_GREEN_GARBAGE_BUCKET_SUSPECT,,,,,,,
ambiguous,0.74,04010053:IP5_A_IP6,"Bathua, leaves, raw",IP5_A_IP6,23.0,"Taro leaves, raw",sr_legacy_food,fuzzy,"top two name-search candidates ('Taro leaves, raw', 'Broccoli, leaves, raw') are too textually similar to the source description (0.74 vs 0.70 similarity) to place confidently",0.74,0.7,,LEAFY_GREEN_GARBAGE_BUCKET_SUSPECT,,,,,,,
ambiguous,0.74,04010211:PHYTCPP,"Radish, leaves, raw",PHYTCPP,2.0,"Taro leaves, raw",sr_legacy_food,fuzzy,"top two name-search candidates ('Taro leaves, raw', 'Radishes, raw') are too textually similar to the source description (0.74 vs 0.81 similarity) to place confidently",0.81,0.74,YES,LEAFY_GREEN_GARBAGE_BUCKET_SUSPECT,,,,,,,
ambiguous,0.74,04010212:PHYTCPP,"Radish, leaves, raw",PHYTCPP,56.23,"Taro leaves, raw",sr_legacy_food,fuzzy,"top two name-search candidates ('Taro leaves, raw', 'Radishes, raw') are too textually similar to the source description (0.74 vs 0.81 similarity) to place confidently",0.81,0.74,YES,LEAFY_GREEN_GARBAGE_BUCKET_SUSPECT,,,,,,,
ambiguous,0.74,06010180:PHYTCPPI,"Walnut, Blue Diamond Growers, raw",PHYTCPPI,200.0,Blue Diamond Growers PIE,branded_food,fuzzy,"top two name-search candidates ('Blue Diamond Growers PIE', 'Blue Diamond Growers ALMONDS') are too textually similar to the source description (0.74 vs 0.72 similarity) to place confidently",0.74,0.72,,,,,,,,,
ambiguous,0.73,01060007:PHYTCPP,"Amaranth, red, grain, dried",PHYTCPP,1649.09,"Amaranth grain, cooked",sr_legacy_food,fuzzy,"top two name-search candidates ('Amaranth grain, cooked', 'Amaranth grain, uncooked') are too textually similar to the source description (0.73 vs 0.71 similarity) to place confidently",0.73,0.71,,,,,,,,,
ambiguous,0.73,01060192:IP6,"Oats, raw",IP6,795.66,"Oat bran, raw",sr_legacy_food,fuzzy,"top two name-search candidates ('Oat bran, raw', 'Loquats, raw') are too textually similar to the source description (0.73 vs 0.86 similarity) to place confidently",0.86,0.73,YES,,,,,,,,
ambiguous,0.73,02040020:PHYTCPP,"Yam, wild, raw",PHYTCPP,24.71,"Yam, raw",sr_legacy_food,fuzzy,"top two name-search candidates ('Yam, raw', 'Wild rice, raw') are too textually similar to the source description (0.73 vs 0.64 similarity) to place confidently",0.73,0.64,,,,,,,,,
ambiguous,0.73,02060007:PHYTCPPD,"Plantain, Essong, ripe, fried",PHYTCPPD,0.274584,"Plantains, ripe, raw",foundation_food,fuzzy,"top two name-search candidates ('Plantains, ripe, raw', 'Plantains, green, fried') are too textually similar to the source description (0.73 vs 0.73 similarity) to place confidently",0.73,0.73,,,,,,,,,
ambiguous,0.73,03010262:IP3,"Common bean, White, seed, raw",IP3,18.0,"Beans, white, mature seeds, raw",sr_legacy_food,fuzzy,"top two name-search candidates ('Beans, white, mature seeds, raw', 'Beans, small white, mature seeds, raw') are too textually similar to the source description (0.73 vs 0.67 similarity) to place confidently",0.73,0.67,,,,,,,,,
ambiguous,0.73,03010262:IP4,"Common bean, White, seed, raw",IP4,41.0,"Beans, white, mature seeds, raw",sr_legacy_food,fuzzy,"top two name-search candidates ('Beans, white, mature seeds, raw', 'Beans, small white, mature seeds, raw') are too textually similar to the source description (0.73 vs 0.67 similarity) to place confidently",0.73,0.67,,,,,,,,,
ambiguous,0.73,03010262:IP5,"Common bean, White, seed, raw",IP5,218.0,"Beans, white, mature seeds, raw",sr_legacy_food,fuzzy,"top two name-search candidates ('Beans, white, mature seeds, raw', 'Beans, small white, mature seeds, raw') are too textually similar to the source description (0.73 vs 0.67 similarity) to place confidently",0.73,0.67,,,,,,,,,
ambiguous,0.73,03010262:IP6,"Common bean, White, seed, raw",IP6,927.0,"Beans, white, mature seeds, raw",sr_legacy_food,fuzzy,"top two name-search candidates ('Beans, white, mature seeds, raw', 'Beans, small white, mature seeds, raw') are too textually similar to the source description (0.73 vs 0.67 similarity) to place confidently",0.73,0.67,,,,,,,,,
ambiguous,0.73,03010476:PHYTC-,"Lentil, Brown, raw",PHYTC-,711.0,"Lentils, raw",sr_legacy_food,fuzzy,"top two name-search candidates ('Lentils, raw', 'Lentils, sprouted, raw') are too textually similar to the source description (0.73 vs 0.75 similarity) to place confidently",0.75,0.73,YES,,,,,,,,
ambiguous,0.73,03010700:PHYTCPPD,"Velvet bean, Black, whole seed, raw",PHYTCPPD,773.5672,"Beans, black, mature seeds, raw",sr_legacy_food,fuzzy,"top two name-search candidates ('Beans, black, mature seeds, raw', 'Beans, black turtle, mature seeds, raw') are too textually similar to the source description (0.73 vs 0.66 similarity) to place confidently",0.73,0.66,,,,,,,,,
ambiguous,0.73,03010712:PHYTCPPD,"Velvet bean, White, whole seed, raw",PHYTCPPD,811.7919999999999,"Beans, white, mature seeds, raw",sr_legacy_food,fuzzy,"top two name-search candidates ('Beans, white, mature seeds, raw', 'Beans, small white, mature seeds, raw') are too textually similar to the source description (0.73 vs 0.67 similarity) to place confidently",0.73,0.67,,,,,,,,,
ambiguous,0.73,03010713:PHYTCPPD,"Velvet bean, White, whole seed, raw",PHYTCPPD,1014.4291000000001,"Beans, white, mature seeds, raw",sr_legacy_food,fuzzy,"top two name-search candidates ('Beans, white, mature seeds, raw', 'Beans, small white, mature seeds, raw') are too textually similar to the source description (0.73 vs 0.67 similarity) to place confidently",0.73,0.67,,,,,,,,,
ambiguous,0.73,03010718:PHYTCPPI,"Winged bean, 046(b)/ba, raw",PHYTCPPI,688.0,"Winged bean tuber, raw",sr_legacy_food,fuzzy,"top two name-search candidates ('Winged bean tuber, raw', 'Winged bean leaves, raw') are too textually similar to the source description (0.73 vs 0.72 similarity) to place confidently",0.73,0.72,,,,,,,,,
ambiguous,0.73,03010725:PHYTCPPI,"Winged bean, 184(a)(b), raw",PHYTCPPI,748.0,"Winged bean tuber, raw",sr_legacy_food,fuzzy,"top two name-search candidates ('Winged bean tuber, raw', 'Winged bean leaves, raw') are too textually similar to the source description (0.73 vs 0.72 similarity) to place confidently",0.73,0.72,,,,,,,,,
ambiguous,0.73,03020050:IP4,"Soybean, Giza 82, raw",IP4,17.734600000000004,"Soybeans, green, raw",sr_legacy_food,fuzzy,"top two name-search candidates ('Soybeans, green, raw', 'Soybeans, mature seeds, raw') are too textually similar to the source description (0.73 vs 0.67 similarity) to place confidently",0.73,0.67,,,,,,,,,
ambiguous,0.73,03020050:IP5,"Soybean, Giza 82, raw",IP5,155.37376400000002,"Soybeans, green, raw",sr_legacy_food,fuzzy,"top two name-search candidates ('Soybeans, green, raw', 'Soybeans, mature seeds, raw') are too textually similar to the source description (0.73 vs 0.67 similarity) to place confidently",0.73,0.67,,,,,,,,,
ambiguous,0.73,03020050:IP6,"Soybean, Giza 82, raw",IP6,1390.4113080000002,"Soybeans, green, raw",sr_legacy_food,fuzzy,"top two name-search candidates ('Soybeans, green, raw', 'Soybeans, mature seeds, raw') are too textually similar to the source description (0.73 vs 0.67 similarity) to place confidently",0.73,0.67,,,,,,,,,
ambiguous,0.73,03020050:IPSUM,"Soybean, Giza 82, raw",IPSUM,1563.5196720000001,"Soybeans, green, raw",sr_legacy_food,fuzzy,"top two name-search candidates ('Soybeans, green, raw', 'Soybeans, mature seeds, raw') are too textually similar to the source description (0.73 vs 0.67 similarity) to place confidently",0.73,0.67,,,,,,,,,
ambiguous,0.73,04020008:PHYTCPP,"Sweet pepper, yellow, raw",PHYTCPP,14.81,"Peppers, sweet, yellow, raw",sr_legacy_food,fuzzy,"top two name-search candidates ('Peppers, sweet, yellow, raw', 'Corn, sweet, yellow, raw') are too textually similar to the source description (0.73 vs 0.73 similarity) to place confidently",0.73,0.73,,,,,,,,,
ambiguous,0.73,05010008:PHYTCPPD,"Banana, raw",PHYTCPPD,22.0,"Pepper, banana, raw",sr_legacy_food,fuzzy,"top two name-search candidates ('Pepper, banana, raw', 'Bananas, raw') are too textually similar to the source description (0.73 vs 0.96 similarity) to place confidently",0.96,0.73,YES,,,,,,,,
ambiguous,0.73,06010159:PHYTCPP,"Rose, seed, dried",PHYTCPP,522.45,"Seeds, chia seeds, dried",sr_legacy_food,fuzzy,"top two name-search candidates ('Seeds, chia seeds, dried', 'Seeds, lotus seeds, dried') are too textually similar to the source description (0.73 vs 0.71 similarity) to place confidently",0.73,0.71,,,,,,,,,
ambiguous,0.73,13030009:PHYTCPPI,"Roselle, calyces, raw",PHYTCPPI,1905.6604,"Roselle, raw",sr_legacy_food,fuzzy,"top two name-search candidates ('Roselle, raw', 'Rose-apples, raw') are too textually similar to the source description (0.73 vs 0.65 similarity) to place confidently",0.73,0.65,,,,,,,,,
ambiguous,0.73,13030017:PHYTCPPI,"Roselle, seed, dried",PHYTCPPI,834.765,"Seeds, chia seeds, dried",sr_legacy_food,fuzzy,"top two name-search candidates ('Seeds, chia seeds, dried', 'Seeds, lotus seeds, dried') are too textually similar to the source description (0.73 vs 0.67 similarity) to place confidently",0.73,0.67,,,,,,,,,
ambiguous,0.72,01030033:PHYTCPPD,"Bread, wheat-based, for toasting",PHYTCPPD,63.0,"Bread, wheat, toasted",sr_legacy_food,fuzzy,"top two name-search candidates ('Bread, wheat, toasted', 'Bread, wheat, sprouted, toasted') are too textually similar to the source description (0.72 vs 0.70 similarity) to place confidently",0.72,0.7,,,,,,,,,
ambiguous,0.72,01060019:PHYTCPPD,"Barley bran, raw",PHYTCPPD,4030.0,"Barley, pearled, raw",sr_legacy_food,fuzzy,"top two name-search candidates ('Barley, pearled, raw', 'Oat bran, raw') are too textually similar to the source description (0.72 vs 0.76 similarity) to place confidently",0.76,0.72,YES,,,,,,,,
ambiguous,0.72,01060018:PHYTCPPD,"Barley bran, raw",PHYTCPPD,4030.0,"Barley, pearled, raw",sr_legacy_food,fuzzy,"top two name-search candidates ('Barley, pearled, raw', 'Oat bran, raw') are too textually similar to the source description (0.72 vs 0.76 similarity) to place confidently",0.76,0.72,YES,,,,,,,,
ambiguous,0.72,03010583:PHYTCPPD,"Mung bean, Satya, raw",PHYTCPPD,698.445,"Mung beans, mature seeds, raw",sr_legacy_food,fuzzy,"top two name-search candidates ('Mung beans, mature seeds, raw', 'Mungo beans, mature seeds, raw') are too textually similar to the source description (0.72 vs 0.71 similarity) to place confidently",0.72,0.71,,,,,,,,,
ambiguous,0.72,03010625:PHYTCPPD,"Pigeon pea flour, dried",PHYTCPPD,11.7,"Pepeao, dried",sr_legacy_food,fuzzy,"top two name-search candidates ('Pepeao, dried', 'Peanut flour, defatted') are too textually similar to the source description (0.72 vs 0.62 similarity) to place confidently",0.72,0.62,,,,,,,,,
ambiguous,0.72,03010715:PHYTCPPI,"Winged bean, 039(a)a, raw",PHYTCPPI,748.0,"Winged bean tuber, raw",sr_legacy_food,fuzzy,"top two name-search candidates ('Winged bean tuber, raw', 'Winged bean leaves, raw') are too textually similar to the source description (0.72 vs 0.75 similarity) to place confidently",0.75,0.72,YES,,,,,,,,
ambiguous,0.72,03020057:PHYTCPPD,"Soybean, Mooncake, mature seed (6 weeks), raw",PHYTCPPD,704.12,"Soybeans, mature seeds, raw",sr_legacy_food,fuzzy,"top two name-search candidates ('Soybeans, mature seeds, raw', 'Soybeans, mature seeds, sprouted, raw') are too textually similar to the source description (0.72 vs 0.66 similarity) to place confidently",0.72,0.66,,,,,,,,,
ambiguous,0.72,04010152:PHYTC-,"Gourd, flowers, raw",PHYTC-,29.2,"Pumpkin flowers, raw",sr_legacy_food,fuzzy,"top two name-search candidates ('Pumpkin flowers, raw', 'Gourd, white-flowered (calabash), raw') are too textually similar to the source description (0.72 vs 0.68 similarity) to place confidently",0.72,0.68,,,,,,,,,
ambiguous,0.72,04010153:PHYTC-,"Gourd, flowers, raw",PHYTC-,10.6,"Pumpkin flowers, raw",sr_legacy_food,fuzzy,"top two name-search candidates ('Pumpkin flowers, raw', 'Gourd, white-flowered (calabash), raw') are too textually similar to the source description (0.72 vs 0.68 similarity) to place confidently",0.72,0.68,,,,,,,,,
ambiguous,0.72,04010195:IP5,"Pagwanpa, raw",IP5,4.0,"Papayas, raw",sr_legacy_food,fuzzy,"top two name-search candidates ('Papayas, raw', 'Parsnips, raw') are too textually similar to the source description (0.72 vs 0.69 similarity) to place confidently",0.72,0.69,,,,,,,,,
ambiguous,0.72,04010195:IP6,"Pagwanpa, raw",IP6,13.0,"Papayas, raw",sr_legacy_food,fuzzy,"top two name-search candidates ('Papayas, raw', 'Parsnips, raw') are too textually similar to the source description (0.72 vs 0.69 similarity) to place confidently",0.72,0.69,,,,,,,,,
ambiguous,0.72,04010195:IP5_A_IP6,"Pagwanpa, raw",IP5_A_IP6,17.0,"Papayas, raw",sr_legacy_food,fuzzy,"top two name-search candidates ('Papayas, raw', 'Parsnips, raw') are too textually similar to the source description (0.72 vs 0.69 similarity) to place confidently",0.72,0.69,,,,,,,,,
ambiguous,0.72,04010227:PHYTCPP,"Sorrell, leaves, raw",PHYTCPP,30.07,"Taro leaves, raw",sr_legacy_food,fuzzy,"top two name-search candidates ('Taro leaves, raw', 'Grape leaves, raw') are too textually similar to the source description (0.72 vs 0.76 similarity) to place confidently",0.76,0.72,YES,LEAFY_GREEN_GARBAGE_BUCKET_SUSPECT,,,,,,,
ambiguous,0.72,04030012:PHYTCPP,"Capsicum, green, raw",PHYTCPP,15.96,"Cabbage, green, raw",foundation_food,fuzzy,"top two name-search candidates ('Cabbage, green, raw', 'Peas, green, raw') are too textually similar to the source description (0.72 vs 0.78 similarity) to place confidently",0.78,0.72,YES,,,,,,,,
ambiguous,0.72,15010039:IP6,"Culantro, leaves, raw",IP6,44.418,"Coriander (cilantro) leaves, raw",sr_legacy_food,fuzzy,"top two name-search candidates ('Coriander (cilantro) leaves, raw', 'Taro leaves, raw') are too textually similar to the source description (0.72 vs 0.81 similarity) to place confidently",0.81,0.72,YES,,,,,,,,
ambiguous,0.72,15010040:PHYTC-,"Culantro, leaves, raw",PHYTC-,13.5,"Coriander (cilantro) leaves, raw",sr_legacy_food,fuzzy,"top two name-search candidates ('Coriander (cilantro) leaves, raw', 'Taro leaves, raw') are too textually similar to the source description (0.72 vs 0.81 similarity) to place confidently",0.81,0.72,YES,,,,,,,,
ambiguous,0.71,01010335:IP6,"Rice, white medium grain, polished, boiled",IP6,47.57,"Rice, white, medium-grain, raw, enriched",sr_legacy_food,fuzzy,"top two name-search candidates ('Rice, white, medium-grain, raw, enriched', 'Rice, white, medium-grain, raw, unenriched') are too textually similar to the source description (0.71 vs 0.69 similarity) to place confidently",0.71,0.69,,,,,,,,,
ambiguous,0.71,01060002:PHYTCPP,"Amaranth, brown, grain, dried",PHYTCPP,1857.5919999999999,"Amaranth grain, cooked",sr_legacy_food,fuzzy,"top two name-search candidates ('Amaranth grain, cooked', 'Amaranth grain, uncooked') are too textually similar to the source description (0.71 vs 0.68 similarity) to place confidently",0.71,0.68,,,,,,,,,
ambiguous,0.71,01060008:PHYTCPP,"Amaranth, white, grain, dried",PHYTCPP,1963.06,"Amaranth grain, cooked",sr_legacy_food,fuzzy,"top two name-search candidates ('Amaranth grain, cooked', 'Amaranth grain, uncooked') are too textually similar to the source description (0.71 vs 0.68 similarity) to place confidently",0.71,0.68,,,,,,,,,
ambiguous,0.71,02010007:PHYT-,"Potato, Buffelspoort (BP13), white flesh and skin, raw, peeled",PHYT-,373.3,"Potatoes, white, flesh and skin, raw",sr_legacy_food,fuzzy,"top two name-search candidates ('Potatoes, white, flesh and skin, raw', 'Potatoes, white, flesh and skin, baked') are too textually similar to the source description (0.71 vs 0.70 similarity) to place confidently",0.71,0.7,,,,,,,,,
ambiguous,0.71,02060004:PHYTCPPD,"Plantain, Ebang, ripe, fried",PHYTCPPD,0.32021499999999997,"Plantains, ripe, raw",foundation_food,fuzzy,"top two name-search candidates ('Plantains, ripe, raw', 'Plantains, green, fried') are too textually similar to the source description (0.71 vs 0.75 similarity) to place confidently",0.75,0.71,YES,,,,,,,,
ambiguous,0.71,02060006:PHYTCPPD,"Plantain, Ebang, unripe,  boiled",PHYTCPPD,0.09,"Plantains, green, boiled",sr_legacy_food,fuzzy,"top two name-search candidates ('Plantains, green, boiled', 'Plantains, underripe, raw') are too textually similar to the source description (0.71 vs 0.63 similarity) to place confidently",0.71,0.63,,,,,,,,,
ambiguous,0.71,03010006:PHYTC-,"African locust bean, Boki, mature seeds, raw",PHYTC-,92.41,"Beans, adzuki, mature seeds, raw",sr_legacy_food,fuzzy,"top two name-search candidates ('Beans, adzuki, mature seeds, raw', 'Mung beans, mature seeds, raw') are too textually similar to the source description (0.71 vs 0.68 similarity) to place confidently",0.71,0.68,,,,,,,,,
ambiguous,0.71,03010049:PHYTC-,"Bean, butter, dried",PHYTC-,284.2,"Milk, buttermilk, dried",sr_legacy_food,fuzzy,"top two name-search candidates ('Milk, buttermilk, dried', 'Nuts, butternuts, dried') are too textually similar to the source description (0.71 vs 0.76 similarity) to place confidently",0.76,0.71,YES,PLANT_TO_ANIMAL_SUSPECT,,,,,,,
ambiguous,0.71,03010722:PHYTCPPI,"Winged bean, 079(c)/b(a), raw",PHYTCPPI,702.0,"Winged bean tuber, raw",sr_legacy_food,fuzzy,"top two name-search candidates ('Winged bean tuber, raw', 'Winged bean leaves, raw') are too textually similar to the source description (0.71 vs 0.69 similarity) to place confidently",0.71,0.69,,,,,,,,,
ambiguous,0.71,04010170:PHYTCPPI,"Lettuce, raw",PHYTCPPI,3.0044099999999996,"Lettuce, red leaf, raw",sr_legacy_food,fuzzy,"top two name-search candidates ('Lettuce, red leaf, raw', 'Lettuce, leaf, red, raw') are too textually similar to the source description (0.71 vs 0.69 similarity) to place confidently",0.71,0.69,,,,,,,,,
ambiguous,0.71,04020002:PHYTCPP,"Carrot, orange, raw",PHYTCPP,19.6,"Carrots, raw",sr_legacy_food,fuzzy,"top two name-search candidates ('Carrots, raw', 'Orange peel, raw') are too textually similar to the source description (0.71 vs 0.63 similarity) to place confidently",0.71,0.63,,,,,,,,,
ambiguous,0.71,04030024:PHYTCPP,"Cucumber, green, elongate, raw",PHYTCPP,17.52,"Cucumber, peeled, raw",sr_legacy_food,fuzzy,"top two name-search candidates ('Cucumber, peeled, raw', 'Cucumber, with peel, raw') are too textually similar to the source description (0.71 vs 0.67 similarity) to place confidently",0.71,0.67,,,,,,,,,
ambiguous,0.71,04030025:PHYTCPP,"Cucumber, green, short, raw",PHYTCPP,16.35,"Cucumber, peeled, raw",sr_legacy_food,fuzzy,"top two name-search candidates ('Cucumber, peeled, raw', 'Cucumber, with peel, raw') are too textually similar to the source description (0.71 vs 0.67 similarity) to place confidently",0.71,0.67,,,,,,,,,
ambiguous,0.71,05010034:PHYTCPPI,"Passion fruit, fresh pulp, raw",PHYTCPPI,83.0,"Passion-fruit juice, purple, raw",sr_legacy_food,fuzzy,"top two name-search candidates ('Passion-fruit juice, purple, raw', 'PASSION FRUIT REFRIGERATED FRUIT PULP') are too textually similar to the source description (0.71 vs 0.63 similarity) to place confidently",0.71,0.63,,,,,,,,,
ambiguous,0.71,05010034:PPI,"Passion fruit, fresh pulp, raw",PPI,22.8,"Passion-fruit juice, purple, raw",sr_legacy_food,fuzzy,"top two name-search candidates ('Passion-fruit juice, purple, raw', 'PASSION FRUIT REFRIGERATED FRUIT PULP') are too textually similar to the source description (0.71 vs 0.63 similarity) to place confidently",0.71,0.63,,,,,,,,,
ambiguous,0.71,05020053:PHYTCPP,"Mango, green, raw",PHYTCPP,15.26,"Mangos, raw",sr_legacy_food,fuzzy,"top two name-search candidates ('Mangos, raw', 'Peas, green, raw') are too textually similar to the source description (0.71 vs 0.79 similarity) to place confidently",0.79,0.71,YES,,,,,,,,
ambiguous,0.71,06010069:PHYTCPP,"Ground nut, raw",PHYTCPP,582.0,"Emu, ground, raw",sr_legacy_food,fuzzy,"top two name-search candidates ('Emu, ground, raw', 'Lamb, ground, raw') are too textually similar to the source description (0.71 vs 0.69 similarity) to place confidently",0.71,0.69,,,,,,,,,
ambiguous,0.71,06010170:PPI,"Silver leaf tree, seed, dried",PPI,97.20906,"Seeds, breadnut tree seeds, dried",sr_legacy_food,fuzzy,"top two name-search candidates ('Seeds, breadnut tree seeds, dried', 'Seeds, lotus seeds, dried') are too textually similar to the source description (0.71 vs 0.63 similarity) to place confidently",0.71,0.63,,,,,,,,,
ambiguous,0.71,15010005:PHYTC-,"African basil, raw",PHYTC-,0.63,AMERICAN BRAZIL NUTS RAW,branded_food,fuzzy,"top two name-search candidates ('AMERICAN BRAZIL NUTS RAW', 'AMERICAN PECANS RAW') are too textually similar to the source description (0.71 vs 0.70 similarity) to place confidently",0.71,0.7,,,,,,,,,
ambiguous,0.70,01040069:PHYTCPP,"Sorghum, red, whole grain, dried",PHYTCPP,903.06,"Sorghum, whole grain, white, dry, raw",foundation_food,fuzzy,"top two name-search candidates ('Sorghum, whole grain, white, dry, raw', 'Sorghum flour, whole-grain') are too textually similar to the source description (0.70 vs 0.72 similarity) to place confidently",0.72,0.7,YES,,,,,,,,
ambiguous,0.70,01060109:PHYTCA,Buckwheat flour,PHYTCA,640.0,"Buckwheat flour, whole-groat",sr_legacy_food,canonical,"top two name-search candidates ('Buckwheat flour, whole-groat', 'ORGANIC BUCKWHEAT FLOUR') are too textually similar to the source description (0.70 vs 0.79 similarity) to place confidently",0.79,0.7,YES,,,,,,,,
ambiguous,0.70,02040018:PHYTCPP,"Yam, tuber, raw",PHYTCPP,59.0,"Yam, raw",sr_legacy_food,fuzzy,"top two name-search candidates ('Yam, raw', 'Winged bean tuber, raw') are too textually similar to the source description (0.70 vs 0.65 similarity) to place confidently",0.7,0.65,,,,,,,,,
ambiguous,0.70,02060009:PHYTCPPD,"Plantain, Essong, unripe,  boiled",PHYTCPPD,0.19526,"Plantains, green, boiled",sr_legacy_food,fuzzy,"top two name-search candidates ('Plantains, green, boiled', 'Plantains, underripe, raw') are too textually similar to the source description (0.70 vs 0.66 similarity) to place confidently",0.7,0.66,,,,,,,,,
ambiguous,0.70,03010046:PHYTC-,"Bean, black turtle, dried",PHYTC-,465.6,"Beans, black turtle, mature seeds, canned",sr_legacy_food,fuzzy,"top two name-search candidates ('Beans, black turtle, mature seeds, canned', 'Beans, black turtle, mature seeds, raw') are too textually similar to the source description (0.70 vs 0.73 similarity) to place confidently",0.73,0.7,YES,,,,,,,,
ambiguous,0.70,03020023:PHYTCPPD,"Soybean flour, defatted",PHYTCPPD,1551.0,"Flour, soy, defatted",foundation_food,fuzzy,"top two name-search candidates ('Flour, soy, defatted', 'Soy flour, defatted') are too textually similar to the source description (0.70 vs 0.90 similarity) to place confidently",0.9,0.7,YES,,,,,,,,
ambiguous,0.70,04010047:PHYT-,"Artemisinin, leaves, raw",PHYT-,124.3944,"Pumpkin leaves, raw",sr_legacy_food,fuzzy,"top two name-search candidates ('Pumpkin leaves, raw', 'Taro leaves, raw') are too textually similar to the source description (0.70 vs 0.70 similarity) to place confidently",0.7,0.7,,,,,,,,,
ambiguous,0.70,04010112:PHYTC-,"Chickpea, leaves, raw",PHYTC-,19.0,"Taro leaves, raw",sr_legacy_food,fuzzy,"top two name-search candidates ('Taro leaves, raw', 'Grape leaves, raw') are too textually similar to the source description (0.70 vs 0.74 similarity) to place confidently",0.74,0.7,YES,LEAFY_GREEN_GARBAGE_BUCKET_SUSPECT,,,,,,,
ambiguous,0.70,04010245:IP6,"Vegetable fern, leaves, raw",IP6,31.02,"Taro leaves, raw",sr_legacy_food,fuzzy,"top two name-search candidates ('Taro leaves, raw', 'Fireweed, leaves, raw') are too textually similar to the source description (0.70 vs 0.67 similarity) to place confidently",0.7,0.67,,LEAFY_GREEN_GARBAGE_BUCKET_SUSPECT,,,,,,,
ambiguous,0.70,04030096:PHYTCPP,"Radish, elongate, white skin, raw",PHYTCPP,1.75,"Radishes, white icicle, raw",sr_legacy_food,fuzzy,"top two name-search candidates ('Radishes, white icicle, raw', 'Fish, sucker, white, raw') are too textually similar to the source description (0.70 vs 0.63 similarity) to place confidently",0.7,0.63,,,,,,,,,
ambiguous,0.70,04030097:PHYTCPP,"Radish, round, red skin, raw",PHYTCPP,7.07,"Radishes, red, raw",foundation_food,fuzzy,"top two name-search candidates ('Radishes, red, raw', 'Radish seeds, sprouted, raw') are too textually similar to the source description (0.70 vs 0.65 similarity) to place confidently",0.7,0.65,,,,,,,,,
ambiguous,0.70,05020008:PHYTCPPD,"Avocado pear, raw",PHYTCPPD,11.0,"Avocado, Hass, peeled, raw",foundation_food,fuzzy,"top two name-search candidates ('Avocado, Hass, peeled, raw', 'Pears, raw') are too textually similar to the source description (0.70 vs 0.67 similarity) to place confidently",0.7,0.67,,,,,,,,,
ambiguous,0.70,05020028:PHYTCPPI,"Fig, ripe, raw",PHYTCPPI,9.6,"Figs, raw",sr_legacy_food,fuzzy,"top two name-search candidates ('Figs, raw', 'Plantains, ripe, raw') are too textually similar to the source description (0.70 vs 0.71 similarity) to place confidently",0.71,0.7,YES,,,,,,,,
ambiguous,0.70,05020028:PPD,"Fig, ripe, raw",PPD,26.0,"Figs, raw",sr_legacy_food,fuzzy,"top two name-search candidates ('Figs, raw', 'Plantains, ripe, raw') are too textually similar to the source description (0.70 vs 0.71 similarity) to place confidently",0.71,0.7,YES,,,,,,,,
ambiguous,0.70,05020051:PHYTCPP,"Karonda fruit, raw",PHYTCPP,7.8,"Chayote, fruit, raw",sr_legacy_food,fuzzy,"top two name-search candidates ('Chayote, fruit, raw', 'Jackfruit, raw') are too textually similar to the source description (0.70 vs 0.69 similarity) to place confidently",0.7,0.69,,,,,,,,,
ambiguous,0.70,06010173:PHYTCPP,"Sunflower, seed, raw",PHYTCPP,423.0,"Seeds, sunflower seed, kernel, raw",foundation_food,fuzzy,"top two name-search candidates ('Seeds, sunflower seed, kernel, raw', 'SALTED SUNFLOWER SEEDS') are too textually similar to the source description (0.70 vs 0.67 similarity) to place confidently",0.7,0.67,,,,,,,,,
ambiguous,0.70,07020001:PHYTCPPD,"Meat, red, cooked with herbs",PHYTCPPD,0.1608,"Tomatoes, red, ripe, cooked, with salt",sr_legacy_food,fuzzy,"top two name-search candidates ('Tomatoes, red, ripe, cooked, with salt', 'Taro, cooked, with salt') are too textually similar to the source description (0.70 vs 0.67 similarity) to place confidently",0.7,0.67,,SPURIOUS_SALT_SUSPECT,,,,,,,
ambiguous,0.70,15010041:PHYTCPP,"Cumin, seeds, dried",PHYTCPP,445.0,"Seeds, chia seeds, dried",sr_legacy_food,fuzzy,"top two name-search candidates ('Seeds, chia seeds, dried', 'Seeds, lotus seeds, dried') are too textually similar to the source description (0.70 vs 0.64 similarity) to place confidently",0.7,0.64,,,,,,,,,
ambiguous,0.70,15010045:PHYTCPP,"Fenugreek leaves, raw",PHYTCPP,18.67,"Taro leaves, raw",sr_legacy_food,fuzzy,"top two name-search candidates ('Taro leaves, raw', 'Fireweed, leaves, raw') are too textually similar to the source description (0.70 vs 0.76 similarity) to place confidently",0.76,0.7,YES,LEAFY_GREEN_GARBAGE_BUCKET_SUSPECT,,,,,,,
ambiguous,0.69,01010334:PHYTC-,"Rice, unpolished, raw",PHYTC-,551.8,"Rice, black, unenriched, raw",foundation_food,fuzzy,"top two name-search candidates ('Rice, black, unenriched, raw', 'Rice, red, unenriched, dry, raw') are too textually similar to the source description (0.69 vs 0.65 similarity) to place confidently",0.69,0.65,,,,,,,,,
ambiguous,0.69,01030058:PHYTCPPI,"Bread, white wheat-based, leavened",PHYTCPPI,0.0,"Bread, white wheat",sr_legacy_food,fuzzy,"top two name-search candidates ('Bread, white wheat', 'SOLA WHITE WHEAT BREAD') are too textually similar to the source description (0.69 vs 0.61 similarity) to place confidently",0.69,0.61,,,,,,,,,
ambiguous,0.69,01030201:PHYTCPP,"Wheat flour, white",PHYTCPP,123.0,"Wheat flour, white, cake, enriched",sr_legacy_food,canonical,"top two name-search candidates ('Wheat flour, white, cake, enriched', 'Wheat flour, white, bread, enriched') are too textually similar to the source description (0.69 vs 0.68 similarity) to place confidently",0.69,0.68,,,,,,,,,
ambiguous,0.69,01030202:PHYTC-,"Wheat flour, white",PHYTC-,255.2,"Wheat flour, white, cake, enriched",sr_legacy_food,canonical,"top two name-search candidates ('Wheat flour, white, cake, enriched', 'Wheat flour, white, bread, enriched') are too textually similar to the source description (0.69 vs 0.68 similarity) to place confidently",0.69,0.68,,,,,,,,,
ambiguous,0.69,01030203:PHYTCPP,"Wheat flour, white",PHYTCPP,227.0,"Wheat flour, white, cake, enriched",sr_legacy_food,canonical,"top two name-search candidates ('Wheat flour, white, cake, enriched', 'Wheat flour, white, bread, enriched') are too textually similar to the source description (0.69 vs 0.68 similarity) to place confidently",0.69,0.68,,,,,,,,,
ambiguous,0.69,01030204:PHYTCPPI,"Wheat flour, white",PHYTCPPI,214.32,"Wheat flour, white, cake, enriched",sr_legacy_food,canonical,"top two name-search candidates ('Wheat flour, white, cake, enriched', 'Wheat flour, white, bread, enriched') are too textually similar to the source description (0.69 vs 0.68 similarity) to place confidently",0.69,0.68,,,,,,,,,
ambiguous,0.69,01030205:PHYTCA,"Wheat flour, white",PHYTCA,160.0,"Wheat flour, white, cake, enriched",sr_legacy_food,canonical,"top two name-search candidates ('Wheat flour, white, cake, enriched', 'Wheat flour, white, bread, enriched') are too textually similar to the source description (0.69 vs 0.68 similarity) to place confidently",0.69,0.68,,,,,,,,,
ambiguous,0.69,01030206:IP6,"Wheat flour, white",IP6,248.60800000000003,"Wheat flour, white, cake, enriched",sr_legacy_food,canonical,"top two name-search candidates ('Wheat flour, white, cake, enriched', 'Wheat flour, white, bread, enriched') are too textually similar to the source description (0.69 vs 0.68 similarity) to place confidently",0.69,0.68,,,,,,,,,
ambiguous,0.69,01050118:PHYTCPPI,"Millet, steamed",PHYTCPPI,200.0,"Millet, cooked",sr_legacy_food,fuzzy,"top two name-search candidates ('Millet, cooked', 'Millet, puffed') are too textually similar to the source description (0.69 vs 0.69 similarity) to place confidently",0.69,0.69,,,,,,,,,
ambiguous,0.69,01060075:IP3,"Bread, quinoa and wheat",IP3,9.496200000000002,"Bread, wheat",sr_legacy_food,fuzzy,"top two name-search candidates ('Bread, wheat', 'Bread, white wheat') are too textually similar to the source description (0.69 vs 0.68 similarity) to place confidently",0.69,0.68,,,,,,,,,
ambiguous,0.69,01060075:IP4,"Bread, quinoa and wheat",IP4,8.3125,"Bread, wheat",sr_legacy_food,fuzzy,"top two name-search candidates ('Bread, wheat', 'Bread, white wheat') are too textually similar to the source description (0.69 vs 0.68 similarity) to place confidently",0.69,0.68,,,,,,,,,
ambiguous,0.69,01060075:IP5,"Bread, quinoa and wheat",IP5,18.513599999999997,"Bread, wheat",sr_legacy_food,fuzzy,"top two name-search candidates ('Bread, wheat', 'Bread, white wheat') are too textually similar to the source description (0.69 vs 0.68 similarity) to place confidently",0.69,0.68,,,,,,,,,
ambiguous,0.69,01060075:IP6,"Bread, quinoa and wheat",IP6,105.336,"Bread, wheat",sr_legacy_food,fuzzy,"top two name-search candidates ('Bread, wheat', 'Bread, white wheat') are too textually similar to the source description (0.69 vs 0.68 similarity) to place confidently",0.69,0.68,,,,,,,,,
ambiguous,0.69,01060075:IPSUM,"Bread, quinoa and wheat",IPSUM,141.6583,"Bread, wheat",sr_legacy_food,fuzzy,"top two name-search candidates ('Bread, wheat', 'Bread, white wheat') are too textually similar to the source description (0.69 vs 0.68 similarity) to place confidently",0.69,0.68,,,,,,,,,
ambiguous,0.69,01060076:IP3,"Bread, quinoa and wheat",IP3,6.7536000000000005,"Bread, wheat",sr_legacy_food,fuzzy,"top two name-search candidates ('Bread, wheat', 'Bread, white wheat') are too textually similar to the source description (0.69 vs 0.68 similarity) to place confidently",0.69,0.68,,,,,,,,,
ambiguous,0.69,01060076:IP4,"Bread, quinoa and wheat",IP4,10.385,"Bread, wheat",sr_legacy_food,fuzzy,"top two name-search candidates ('Bread, wheat', 'Bread, white wheat') are too textually similar to the source description (0.69 vs 0.68 similarity) to place confidently",0.69,0.68,,,,,,,,,
ambiguous,0.69,01060076:IP5,"Bread, quinoa and wheat",IP5,37.6942,"Bread, wheat",sr_legacy_food,fuzzy,"top two name-search candidates ('Bread, wheat', 'Bread, white wheat') are too textually similar to the source description (0.69 vs 0.68 similarity) to place confidently",0.69,0.68,,,,,,,,,
ambiguous,0.69,01060076:IP6,"Bread, quinoa and wheat",IP6,207.83399999999997,"Bread, wheat",sr_legacy_food,fuzzy,"top two name-search candidates ('Bread, wheat', 'Bread, white wheat') are too textually similar to the source description (0.69 vs 0.68 similarity) to place confidently",0.69,0.68,,,,,,,,,
ambiguous,0.69,01060076:IPSUM,"Bread, quinoa and wheat",IPSUM,262.66679999999997,"Bread, wheat",sr_legacy_food,fuzzy,"top two name-search candidates ('Bread, wheat', 'Bread, white wheat') are too textually similar to the source description (0.69 vs 0.68 similarity) to place confidently",0.69,0.68,,,,,,,,,
ambiguous,0.69,02040001:PHYTCPP,"Taro (eddoe), raw",PHYTCPP,13.57,"Taro, raw",sr_legacy_food,fuzzy,"top two name-search candidates ('Taro, raw', 'Taro leaves, raw') are too textually similar to the source description (0.69 vs 0.73 similarity) to place confidently",0.73,0.69,YES,,,,,,,,
ambiguous,0.69,03010475:IP6,"Lentil, boiled",IP6,316.404,"Lentils, dry",foundation_food,fuzzy,"top two name-search candidates ('Lentils, dry', 'Lentils, raw') are too textually similar to the source description (0.69 vs 0.62 similarity) to place confidently",0.69,0.62,,,,,,,,,
ambiguous,0.69,03010595:PHYTC-,"Pea, Agat, dried",PHYTC-,735.8903999999999,"Pepeao, dried",sr_legacy_food,fuzzy,"top two name-search candidates ('Pepeao, dried', 'Seaweed, agar, dried') are too textually similar to the source description (0.69 vs 0.78 similarity) to place confidently",0.78,0.69,YES,,,,,,,,
ambiguous,0.69,03020162:PHYTCPP,"Tofu, firm, prepared with CaCl2, Mori-Nu brand",PHYTCPP,188.0,"Tofu, extra firm, prepared with nigari",sr_legacy_food,fuzzy,"top two name-search candidates ('Tofu, extra firm, prepared with nigari', 'Tofu, raw, firm, prepared with calcium sulfate') are too textually similar to the source description (0.69 vs 0.67 similarity) to place confidently",0.69,0.67,,,,,,,,,
ambiguous,0.69,04010184:PHYTCPP,"Okra, leaves, raw",PHYTCPP,2.4023999999999988,"Okra, raw",sr_legacy_food,fuzzy,"top two name-search candidates ('Okra, raw', 'Taro leaves, raw') are too textually similar to the source description (0.69 vs 0.79 similarity) to place confidently",0.79,0.69,YES,,,,,,,,
ambiguous,0.69,04010190:IP5,"Pagwanban, raw",IP5,8.0,"Papayas, raw",sr_legacy_food,fuzzy,"top two name-search candidates ('Papayas, raw', 'Parsnips, raw') are too textually similar to the source description (0.69 vs 0.59 similarity) to place confidently",0.69,0.59,,,,,,,,,
ambiguous,0.69,04010190:IP6,"Pagwanban, raw",IP6,41.0,"Papayas, raw",sr_legacy_food,fuzzy,"top two name-search candidates ('Papayas, raw', 'Parsnips, raw') are too textually similar to the source description (0.69 vs 0.59 similarity) to place confidently",0.69,0.59,,,,,,,,,
ambiguous,0.69,04010190:IP5_A_IP6,"Pagwanban, raw",IP5_A_IP6,49.0,"Papayas, raw",sr_legacy_food,fuzzy,"top two name-search candidates ('Papayas, raw', 'Parsnips, raw') are too textually similar to the source description (0.69 vs 0.59 similarity) to place confidently",0.69,0.59,,,,,,,,,
ambiguous,0.69,05010030:PHYTCPPI,"Orange, raw",PHYTCPPI,10.0,"Tomatoes, orange, raw",sr_legacy_food,fuzzy,"top two name-search candidates ('Tomatoes, orange, raw', 'Fish, roughy, orange, raw') are too textually similar to the source description (0.69 vs 0.61 similarity) to place confidently",0.69,0.61,,,,,,,,,
ambiguous,0.69,06010064:PHYT-,"Gourd, seed kernel, dried",PHYT-,368.0,"Seeds, sunflower seed kernels, dried",sr_legacy_food,fuzzy,"top two name-search candidates ('Seeds, sunflower seed kernels, dried', 'Seeds, safflower seed kernels, dried') are too textually similar to the source description (0.69 vs 0.69 similarity) to place confidently",0.69,0.69,,,,,,,,,
ambiguous,0.68,01030064:PHYTCPPI,"Bread, whole wheat-based",PHYTCPPI,330.85,WHOLE WHEAT BREAD,branded_food,fuzzy,"top two name-search candidates ('WHOLE WHEAT BREAD', '100% WHOLE WHEAT BREAD') are too textually similar to the source description (0.68 vs 0.65 similarity) to place confidently",0.68,0.65,,,,,,,,,
ambiguous,0.68,01030065:PHYTCPPD,"Bread, whole wheat-based",PHYTCPPD,302.0,WHOLE WHEAT BREAD,branded_food,fuzzy,"top two name-search candidates ('WHOLE WHEAT BREAD', '100% WHOLE WHEAT BREAD') are too textually similar to the source description (0.68 vs 0.65 similarity) to place confidently",0.68,0.65,,,,,,,,,
ambiguous,0.68,01030066:PHYTCPPD,"Bread, whole wheat-based",PHYTCPPD,403.0,WHOLE WHEAT BREAD,branded_food,fuzzy,"top two name-search candidates ('WHOLE WHEAT BREAD', '100% WHOLE WHEAT BREAD') are too textually similar to the source description (0.68 vs 0.65 similarity) to place confidently",0.68,0.65,,,,,,,,,
ambiguous,0.68,01030067:IP3,"Bread, whole wheat-based",IP3,13.902000000000001,WHOLE WHEAT BREAD,branded_food,fuzzy,"top two name-search candidates ('WHOLE WHEAT BREAD', '100% WHOLE WHEAT BREAD') are too textually similar to the source description (0.68 vs 0.65 similarity) to place confidently",0.68,0.65,,,,,,,,,
ambiguous,0.68,01030067:IP4,"Bread, whole wheat-based",IP4,9.93,WHOLE WHEAT BREAD,branded_food,fuzzy,"top two name-search candidates ('WHOLE WHEAT BREAD', '100% WHOLE WHEAT BREAD') are too textually similar to the source description (0.68 vs 0.65 similarity) to place confidently",0.68,0.65,,,,,,,,,
ambiguous,0.68,01030067:IP5,"Bread, whole wheat-based",IP5,23.037599999999998,WHOLE WHEAT BREAD,branded_food,fuzzy,"top two name-search candidates ('WHOLE WHEAT BREAD', '100% WHOLE WHEAT BREAD') are too textually similar to the source description (0.68 vs 0.65 similarity) to place confidently",0.68,0.65,,,,,,,,,
ambiguous,0.68,01030067:IP6,"Bread, whole wheat-based",IP6,100.4916,WHOLE WHEAT BREAD,branded_food,fuzzy,"top two name-search candidates ('WHOLE WHEAT BREAD', '100% WHOLE WHEAT BREAD') are too textually similar to the source description (0.68 vs 0.65 similarity) to place confidently",0.68,0.65,,,,,,,,,
ambiguous,0.68,01030067:IP5_A_IP6,"Bread, whole wheat-based",IP5_A_IP6,123.5292,WHOLE WHEAT BREAD,branded_food,fuzzy,"top two name-search candidates ('WHOLE WHEAT BREAD', '100% WHOLE WHEAT BREAD') are too textually similar to the source description (0.68 vs 0.65 similarity) to place confidently",0.68,0.65,,,,,,,,,
ambiguous,0.68,01030068:IP3,"Bread, whole wheat-based",IP3,38.64,WHOLE WHEAT BREAD,branded_food,fuzzy,"top two name-search candidates ('WHOLE WHEAT BREAD', '100% WHOLE WHEAT BREAD') are too textually similar to the source description (0.68 vs 0.65 similarity) to place confidently",0.68,0.65,,,,,,,,,
ambiguous,0.68,01030068:IP4,"Bread, whole wheat-based",IP4,70.46875,WHOLE WHEAT BREAD,branded_food,fuzzy,"top two name-search candidates ('WHOLE WHEAT BREAD', '100% WHOLE WHEAT BREAD') are too textually similar to the source description (0.68 vs 0.65 similarity) to place confidently",0.68,0.65,,,,,,,,,
ambiguous,0.68,01030068:IP5,"Bread, whole wheat-based",IP5,28.891250000000003,WHOLE WHEAT BREAD,branded_food,fuzzy,"top two name-search candidates ('WHOLE WHEAT BREAD', '100% WHOLE WHEAT BREAD') are too textually similar to the source description (0.68 vs 0.65 similarity) to place confidently",0.68,0.65,,,,,,,,,
ambiguous,0.68,01030068:IP6,"Bread, whole wheat-based",IP6,57.04874999999999,WHOLE WHEAT BREAD,branded_food,fuzzy,"top two name-search candidates ('WHOLE WHEAT BREAD', '100% WHOLE WHEAT BREAD') are too textually similar to the source description (0.68 vs 0.65 similarity) to place confidently",0.68,0.65,,,,,,,,,
ambiguous,0.68,01030068:IP5_A_IP6,"Bread, whole wheat-based",IP5_A_IP6,85.94,WHOLE WHEAT BREAD,branded_food,fuzzy,"top two name-search candidates ('WHOLE WHEAT BREAD', '100% WHOLE WHEAT BREAD') are too textually similar to the source description (0.68 vs 0.65 similarity) to place confidently",0.68,0.65,,,,,,,,,
ambiguous,0.68,01030069:PHYTCPP,"Bread, whole wheat-based",PHYTCPP,176.0,WHOLE WHEAT BREAD,branded_food,fuzzy,"top two name-search candidates ('WHOLE WHEAT BREAD', '100% WHOLE WHEAT BREAD') are too textually similar to the source description (0.68 vs 0.65 similarity) to place confidently",0.68,0.65,,,,,,,,,
ambiguous,0.68,01030157:IP6,"Wheat bran, Tajan, raw",IP6,405.74159999999995,WHEAT BRAN TOAST,branded_food,fuzzy,"top two name-search candidates ('WHEAT BRAN TOAST', 'Oat bran, raw') are too textually similar to the source description (0.68 vs 0.69 similarity) to place confidently",0.69,0.68,YES,,,,,,,,
ambiguous,0.68,01040026:PHYTCPPI,"Sorghum flour, Dabar, whole grain, boiled, dried",PHYTCPPI,211.26252,"Sorghum flour, whole-grain",sr_legacy_food,fuzzy,"top two name-search candidates ('Sorghum flour, whole-grain', 'Sorghum, whole grain, white, dry, raw') are too textually similar to the source description (0.68 vs 0.66 similarity) to place confidently",0.68,0.66,,,,,,,,,
ambiguous,0.68,01040072:PHYTCPP,"Sorghum, white, whole grain, dried",PHYTCPP,1307.8450000000003,"Sorghum, whole grain, white, dry, raw",foundation_food,fuzzy,"top two name-search candidates ('Sorghum, whole grain, white, dry, raw', 'Sorghum flour, whole-grain') are too textually similar to the source description (0.68 vs 0.67 similarity) to place confidently",0.68,0.67,,,,,,,,,
ambiguous,0.68,01060054:PP-,"Barley, whole grain, raw",PP-,230.0,NOVA WHOLE GRAIN BAR,branded_food,fuzzy,"top two name-search candidates ('NOVA WHOLE GRAIN BAR', 'NOVA WHOLE GRAIN BARS') are too textually similar to the source description (0.68 vs 0.67 similarity) to place confidently",0.68,0.67,,,,,,,,,
ambiguous,0.68,02010054:PP-,"Sweet potato, white, raw, peeled",PP-,8.492,"Sweet potato leaves, raw",sr_legacy_food,fuzzy,"top two name-search candidates ('Sweet potato leaves, raw', 'Corn, sweet, white, raw') are too textually similar to the source description (0.68 vs 0.62 similarity) to place confidently",0.68,0.62,,,,,,,,,
ambiguous,0.68,03010009:PHYTC-,"African locust bean, Obanliku, mature seeds, raw",PHYTC-,79.03584,"Beans, adzuki, mature seeds, raw",sr_legacy_food,fuzzy,"top two name-search candidates ('Beans, adzuki, mature seeds, raw', 'Mung beans, mature seeds, raw') are too textually similar to the source description (0.68 vs 0.65 similarity) to place confidently",0.68,0.65,,,,,,,,,
ambiguous,0.68,03010012:PHYTC-,"African locust bean, Obudu, mature seeds, raw",PHYTC-,55.788000000000004,"Beans, adzuki, mature seeds, raw",sr_legacy_food,fuzzy,"top two name-search candidates ('Beans, adzuki, mature seeds, raw', 'Mung beans, mature seeds, raw') are too textually similar to the source description (0.68 vs 0.68 similarity) to place confidently",0.68,0.68,,,,,,,,,
ambiguous,0.68,03010182:PHYTCPPI,"Chickpea, white, raw",PHYTCPPI,597.3,"Onions, white, raw",foundation_food,fuzzy,"top two name-search candidates ('Onions, white, raw', 'Corn, sweet, white, raw') are too textually similar to the source description (0.68 vs 0.65 similarity) to place confidently",0.68,0.65,,,,,,,,,
ambiguous,0.68,03010346:PHYTCPPI,"Cowpea, PL-1, raw",PHYTCPPI,287.489847,"Cowpeas, leafy tips, raw",sr_legacy_food,fuzzy,"top two name-search candidates ('Cowpeas, leafy tips, raw', 'Pears, raw') are too textually similar to the source description (0.68 vs 0.59 similarity) to place confidently",0.68,0.59,,,,,,,,,
ambiguous,0.68,03010348:PHYTCPPI,"Cowpea, PL-2, raw",PHYTCPPI,353.792268,"Cowpeas, leafy tips, raw",sr_legacy_food,fuzzy,"top two name-search candidates ('Cowpeas, leafy tips, raw', 'Pears, raw') are too textually similar to the source description (0.68 vs 0.59 similarity) to place confidently",0.68,0.59,,,,,,,,,
ambiguous,0.68,03010350:PHYTCPPI,"Cowpea, PL-3, raw",PHYTCPPI,318.22398400000003,"Cowpeas, leafy tips, raw",sr_legacy_food,fuzzy,"top two name-search candidates ('Cowpeas, leafy tips, raw', 'Pears, raw') are too textually similar to the source description (0.68 vs 0.59 similarity) to place confidently",0.68,0.59,,,,,,,,,
ambiguous,0.68,03010698:PHYTCPPI,"Velvet bean, black coloured seed coat, raw",PHYTCPPI,469.03598000000005,"Beans, black, mature seeds, raw",sr_legacy_food,fuzzy,"top two name-search candidates ('Beans, black, mature seeds, raw', 'Beans, black turtle, mature seeds, raw') are too textually similar to the source description (0.68 vs 0.65 similarity) to place confidently",0.68,0.65,,,,,,,,,
ambiguous,0.68,03010709:PHYTCPPI,"Velvet bean, white coloured seed coat, raw",PHYTCPPI,415.722,"Beans, white, mature seeds, raw",sr_legacy_food,fuzzy,"top two name-search candidates ('Beans, white, mature seeds, raw', 'Beans, small white, mature seeds, raw') are too textually similar to the source description (0.68 vs 0.63 similarity) to place confidently",0.68,0.63,,,,,,,,,
ambiguous,0.68,04010002:PHYTCPP,"African lettuce, leaves, raw",PHYTCPP,0.8712000000000006,"Lettuce, red leaf, raw",sr_legacy_food,fuzzy,"top two name-search candidates ('Lettuce, red leaf, raw', 'Lettuce, leaf, red, raw') are too textually similar to the source description (0.68 vs 0.71 similarity) to place confidently",0.71,0.68,YES,,,,,,,,
ambiguous,0.68,04010067:PHYTCPP,"Bitterleaves, leaves, raw",PHYTCPP,4.278000000000002,"Taro leaves, raw",sr_legacy_food,fuzzy,"top two name-search candidates ('Taro leaves, raw', 'Broccoli, leaves, raw') are too textually similar to the source description (0.68 vs 0.65 similarity) to place confidently",0.68,0.65,,LEAFY_GREEN_GARBAGE_BUCKET_SUSPECT,,,,,,,
ambiguous,0.68,04010068:PHYTCPPI,"Bitterleaves, leaves, raw",PHYTCPPI,0.81,"Taro leaves, raw",sr_legacy_food,fuzzy,"top two name-search candidates ('Taro leaves, raw', 'Broccoli, leaves, raw') are too textually similar to the source description (0.68 vs 0.65 similarity) to place confidently",0.68,0.65,,LEAFY_GREEN_GARBAGE_BUCKET_SUSPECT,,,,,,,
ambiguous,0.68,04010070:PHYTCPP,"Bitterleaves, leaves, raw",PHYTCPP,211.9580000000001,"Taro leaves, raw",sr_legacy_food,fuzzy,"top two name-search candidates ('Taro leaves, raw', 'Broccoli, leaves, raw') are too textually similar to the source description (0.68 vs 0.65 similarity) to place confidently",0.68,0.65,,LEAFY_GREEN_GARBAGE_BUCKET_SUSPECT,,,,,,,
ambiguous,0.68,04010156:PHYTCPP,"Jew's mallow, leaves, raw",PHYTCPP,1.715,"Taro leaves, raw",sr_legacy_food,fuzzy,"top two name-search candidates ('Taro leaves, raw', 'Grape leaves, raw') are too textually similar to the source description (0.68 vs 0.62 similarity) to place confidently",0.68,0.62,,LEAFY_GREEN_GARBAGE_BUCKET_SUSPECT,,,,,,,
ambiguous,0.68,04010157:PHYTCPP,"Jew's mallow, leaves, raw",PHYTCPP,0.5844,"Taro leaves, raw",sr_legacy_food,fuzzy,"top two name-search candidates ('Taro leaves, raw', 'Grape leaves, raw') are too textually similar to the source description (0.68 vs 0.62 similarity) to place confidently",0.68,0.62,,LEAFY_GREEN_GARBAGE_BUCKET_SUSPECT,,,,,,,
ambiguous,0.68,04010158:PHYTCPPI,"Jew's mallow, leaves, raw",PHYTCPPI,38.75,"Taro leaves, raw",sr_legacy_food,fuzzy,"top two name-search candidates ('Taro leaves, raw', 'Grape leaves, raw') are too textually similar to the source description (0.68 vs 0.62 similarity) to place confidently",0.68,0.62,,LEAFY_GREEN_GARBAGE_BUCKET_SUSPECT,,,,,,,
ambiguous,0.68,04010165:PHYTCPP,"Knol-Khol, leaves, raw",PHYTCPP,47.33,"Taro leaves, raw",sr_legacy_food,fuzzy,"top two name-search candidates ('Taro leaves, raw', 'Grape leaves, raw') are too textually similar to the source description (0.68 vs 0.62 similarity) to place confidently",0.68,0.62,,LEAFY_GREEN_GARBAGE_BUCKET_SUSPECT,,,,,,,
ambiguous,0.68,04010173:PHYTC-,"Malabar spinach leaves, raw",PHYTC-,22.3,"Malabar spinach, cooked",sr_legacy_food,fuzzy,"top two name-search candidates ('Malabar spinach, cooked', 'Spinach, raw') are too textually similar to the source description (0.68 vs 0.62 similarity) to place confidently",0.68,0.62,,,,,,,,,
ambiguous,0.68,06010033:PHYTCPPD,"Bread fruit, african, seed, raw",PHYTCPPD,0.6991239999999999,"Seeds, breadfruit seeds, raw",sr_legacy_food,fuzzy,"top two name-search candidates ('Seeds, breadfruit seeds, raw', 'Breadfruit, raw') are too textually similar to the source description (0.68 vs 0.65 similarity) to place confidently",0.68,0.65,,,,,,,,,
ambiguous,0.68,06010040:PP-,"Cat's ear, seed flour, defatted",PP-,98.80720000000001,"Soy flour, defatted",sr_legacy_food,fuzzy,"top two name-search candidates ('Soy flour, defatted', 'Flour, soy, defatted') are too textually similar to the source description (0.68 vs 0.59 similarity) to place confidently",0.68,0.59,,,,,,,,,
ambiguous,0.68,06010178:PP-,"Vila-vila, seed flour, defatted",PP-,22.019500000000004,"Soy flour, defatted",sr_legacy_food,fuzzy,"top two name-search candidates ('Soy flour, defatted', 'Flour, soy, defatted') are too textually similar to the source description (0.68 vs 0.59 similarity) to place confidently",0.68,0.59,,,,,,,,,
ambiguous,0.68,15010036:PHYTCPPI,"Coriander, dried, powdered",PHYTCPPI,887.7079999999999,SWAD CORIANDER POWDER,branded_food,fuzzy,"top two name-search candidates ('SWAD CORIANDER POWDER', 'Spices, coriander leaf, dried') are too textually similar to the source description (0.68 vs 0.58 similarity) to place confidently",0.68,0.58,,,,,,,,,
ambiguous,0.68,15010053:PHYTCPP,"Fenugreek seed, raw",PHYTCPP,150.19735,"Spices, fenugreek seed",sr_legacy_food,fuzzy,"top two name-search candidates ('Spices, fenugreek seed', 'Grapes, green, seedless, raw') are too textually similar to the source description (0.68 vs 0.64 similarity) to place confidently",0.68,0.64,,,,,,,,,
ambiguous,0.68,15010053:PP-,"Fenugreek seed, raw",PP-,68.2634,"Spices, fenugreek seed",sr_legacy_food,fuzzy,"top two name-search candidates ('Spices, fenugreek seed', 'Grapes, green, seedless, raw') are too textually similar to the source description (0.68 vs 0.64 similarity) to place confidently",0.68,0.64,,,,,,,,,
ambiguous,0.67,01020134:PHYTCPP,"Maize, tender, raw",PHYTCPP,148.0,"Ostrich, tenderloin, raw",sr_legacy_food,fuzzy,"top two name-search candidates ('Ostrich, tenderloin, raw', 'Beef,\xa0tenderloin steak, raw') are too textually similar to the source description (0.67 vs 0.58 similarity) to place confidently",0.67,0.58,,,,,,,,,
ambiguous,0.67,01030060:PHYTCPPI,"Bread, white wheat-based, unleavened",PHYTCPPI,0.0,"Bread, white wheat",sr_legacy_food,fuzzy,"top two name-search candidates ('Bread, white wheat', 'SOLA WHITE WHEAT BREAD') are too textually similar to the source description (0.67 vs 0.59 similarity) to place confidently",0.67,0.59,,,,,,,,,
ambiguous,0.67,01040066:PHYTCPP,"Sorghum, Fibmigou, white, raw",PHYTCPP,716.82,"Sorghum, whole grain, white, dry, raw",foundation_food,fuzzy,"top two name-search candidates ('Sorghum, whole grain, white, dry, raw', 'Sorghum bran, white, unenriched, dry, raw') are too textually similar to the source description (0.67 vs 0.60 similarity) to place confidently",0.67,0.6,,,,,,,,,
ambiguous,0.67,01050114:PHYTCPPI,"Millet, ground, water-cooked",PHYTCPPI,0.46254,"Millet, cooked",sr_legacy_food,fuzzy,"top two name-search candidates ('Millet, cooked', 'Turkey, Ground, cooked') are too textually similar to the source description (0.67 vs 0.68 similarity) to place confidently",0.68,0.67,YES,,,,,,,,
ambiguous,0.67,01060140:PHYTCPPD,Malt extract,PHYTCPPD,107.0,MARMITE YEAST EXTRACT,branded_food,fuzzy,"top two name-search candidates ('MARMITE YEAST EXTRACT', 'Vanilla extract') are too textually similar to the source description (0.67 vs 0.74 similarity) to place confidently",0.74,0.67,YES,,,,,,,,
ambiguous,0.67,03010017:PHYTCPPI,"African oil bean, raw",PHYTCPPI,984.1147999999998,AMERICAN BRAZIL NUTS RAW,branded_food,fuzzy,"top two name-search candidates ('AMERICAN BRAZIL NUTS RAW', 'Yardlong bean, raw') are too textually similar to the source description (0.67 vs 0.67 similarity) to place confidently",0.67,0.67,,,,,,,,,
ambiguous,0.67,03010029:PHYT-,"Bambara groundnut, boiled",PHYT-,113.71,"Lamb, ground, cooked, broiled",sr_legacy_food,fuzzy,"top two name-search candidates ('Lamb, ground, cooked, broiled', 'Veal, ground, cooked, broiled') are too textually similar to the source description (0.67 vs 0.59 similarity) to place confidently",0.67,0.59,,,,,,,,,
ambiguous,0.67,03010055:PHYTCPPD,"Bean, pinto and red, cooked, drained",PHYTCPPD,349.6692,"Beans, pinto, canned, sodium added, drained and rinsed",foundation_food,fuzzy,"top two name-search candidates ('Beans, pinto, canned, sodium added, drained and rinsed', 'Beans, pinto, canned, drained solids') are too textually similar to the source description (0.67 vs 0.69 similarity) to place confidently",0.69,0.67,YES,,,,,,,,
ambiguous,0.67,03010468:PHYTCPPI,"Jackbean, raw",PHYTCPPI,936.1,"Jackfruit, raw",sr_legacy_food,fuzzy,"top two name-search candidates ('Jackfruit, raw', 'Yambean (jicama), raw') are too textually similar to the source description (0.67 vs 0.59 similarity) to place confidently",0.67,0.59,,,,,,,,,
ambiguous,0.67,03010477:PHYTCPPI,"Lentil, Brown, seed, raw",PHYTCPPI,208.10472,"Lentils, raw",sr_legacy_food,fuzzy,"top two name-search candidates ('Lentils, raw', 'Lentils, sprouted, raw') are too textually similar to the source description (0.67 vs 0.70 similarity) to place confidently",0.7,0.67,YES,,,,,,,,
ambiguous,0.67,03010515:PHYTCPPI,"Lima bean, White Ventura N., raw",PHYTCPPI,613.965,"Beans, white, mature seeds, raw",sr_legacy_food,fuzzy,"top two name-search candidates ('Beans, white, mature seeds, raw', 'Beans, small white, mature seeds, raw') are too textually similar to the source description (0.67 vs 0.61 similarity) to place confidently",0.67,0.61,,,,,,,,,
ambiguous,0.67,03010615:PHYTC-,"Pea, Piast, dried",PHYTC-,759.6126999999999,"Pepeao, dried",sr_legacy_food,fuzzy,"top two name-search candidates ('Pepeao, dried', 'Nuts, pine nuts, dried') are too textually similar to the source description (0.67 vs 0.62 similarity) to place confidently",0.67,0.62,,,,,,,,,
ambiguous,0.67,03010619:PHYTCPPD,"Pea, split, dried",PHYTCPPD,581.6096,"Pepeao, dried",sr_legacy_food,fuzzy,"top two name-search candidates ('Pepeao, dried', 'Spearmint, dried') are too textually similar to the source description (0.67 vs 0.73 similarity) to place confidently",0.73,0.67,YES,,,,,,,,
ambiguous,0.67,03010620:PHYTC-,"Pea, split, dried",PHYTC-,1004.1799999999998,"Pepeao, dried",sr_legacy_food,fuzzy,"top two name-search candidates ('Pepeao, dried', 'Spearmint, dried') are too textually similar to the source description (0.67 vs 0.73 similarity) to place confidently",0.73,0.67,YES,,,,,,,,
ambiguous,0.67,03020016:PHYTCPP,"Soybean curd, Lactonic",PHYTCPP,130.0,"Soybean, curd cheese",sr_legacy_food,fuzzy,"top two name-search candidates ('Soybean, curd cheese', 'SOYBEAN PASTE') are too textually similar to the source description (0.67 vs 0.57 similarity) to place confidently",0.67,0.57,,PLANT_TO_ANIMAL_SUSPECT,,,,,,,
ambiguous,0.67,03020045:PHYTCPP,"Soybean, dried",PHYTCPP,1356.2120000000002,SOYBEAN PASTE,branded_food,fuzzy,"top two name-search candidates ('SOYBEAN PASTE', 'Soybean, curd cheese') are too textually similar to the source description (0.67 vs 0.65 similarity) to place confidently",0.67,0.65,,,,,,,,,
ambiguous,0.67,03020046:PHYTCPPD,"Soybean, dried",PHYTCPPD,1872.0,SOYBEAN PASTE,branded_food,fuzzy,"top two name-search candidates ('SOYBEAN PASTE', 'Soybean, curd cheese') are too textually similar to the source description (0.67 vs 0.65 similarity) to place confidently",0.67,0.65,,,,,,,,,
ambiguous,0.67,03020047:IP4,"Soybean, dried",IP4,12.432,SOYBEAN PASTE,branded_food,fuzzy,"top two name-search candidates ('SOYBEAN PASTE', 'Soybean, curd cheese') are too textually similar to the source description (0.67 vs 0.65 similarity) to place confidently",0.67,0.65,,,,,,,,,
ambiguous,0.67,03020047:IP5,"Soybean, dried",IP5,72.81599999999999,SOYBEAN PASTE,branded_food,fuzzy,"top two name-search candidates ('SOYBEAN PASTE', 'Soybean, curd cheese') are too textually similar to the source description (0.67 vs 0.65 similarity) to place confidently",0.67,0.65,,,,,,,,,
ambiguous,0.67,03020047:IP6,"Soybean, dried",IP6,339.216,SOYBEAN PASTE,branded_food,fuzzy,"top two name-search candidates ('SOYBEAN PASTE', 'Soybean, curd cheese') are too textually similar to the source description (0.67 vs 0.65 similarity) to place confidently",0.67,0.65,,,,,,,,,
ambiguous,0.67,03020047:IPSUM,"Soybean, dried",IPSUM,424.464,SOYBEAN PASTE,branded_food,fuzzy,"top two name-search candidates ('SOYBEAN PASTE', 'Soybean, curd cheese') are too textually similar to the source description (0.67 vs 0.65 similarity) to place confidently",0.67,0.65,,,,,,,,,
ambiguous,0.67,04010059:PHYTCPP,"Betel, leaves, big, raw",PHYTCPP,57.98,"Taro leaves, raw",sr_legacy_food,fuzzy,"top two name-search candidates ('Taro leaves, raw', 'Winged bean leaves, raw') are too textually similar to the source description (0.67 vs 0.61 similarity) to place confidently",0.67,0.61,,,,,,,,,
ambiguous,0.67,04010151:PHYTCPP,"Gogu, leaves, red, raw",PHYTCPP,43.17,"Grape leaves, raw",sr_legacy_food,fuzzy,"top two name-search candidates ('Grape leaves, raw', 'Taro leaves, raw') are too textually similar to the source description (0.67 vs 0.68 similarity) to place confidently",0.68,0.67,YES,,,,,,,,
ambiguous,0.67,04010203:PHYTCPP,"Plumed cockscomb, leaves, raw",PHYTCPP,0.5700000000000003,"Pumpkin leaves, raw",sr_legacy_food,fuzzy,"top two name-search candidates ('Pumpkin leaves, raw', 'Taro leaves, raw') are too textually similar to the source description (0.67 vs 0.58 similarity) to place confidently",0.67,0.58,,,,,,,,,
ambiguous,0.67,04010242:PHYTCPP,"Tamarind, leaves, tender, raw",PHYTCPP,33.87,"Taro leaves, raw",sr_legacy_food,fuzzy,"top two name-search candidates ('Taro leaves, raw', 'Tamarinds, raw') are too textually similar to the source description (0.67 vs 0.65 similarity) to place confidently",0.67,0.65,,,,,,,,,
ambiguous,0.67,05010045:PHYTCPP,"Star fruit, raw",PHYTCPP,3.8,"Carambola, (starfruit), raw",sr_legacy_food,fuzzy,"top two name-search candidates ('Carambola, (starfruit), raw', 'Chayote, fruit, raw') are too textually similar to the source description (0.67 vs 0.71 similarity) to place confidently",0.71,0.67,YES,,,,,,,,
ambiguous,0.67,05020007:PHYTCPP,"Apple, small, raw",PHYTCPP,0.45,"Rose-apples, raw",sr_legacy_food,fuzzy,"top two name-search candidates ('Rose-apples, raw', 'Mammy-apple, (mamey), raw') are too textually similar to the source description (0.67 vs 0.67 similarity) to place confidently",0.67,0.67,,,,,,,,,
ambiguous,0.67,05020048:PHYTCPP,"Jambu fruit, ripe, raw",PHYTCPP,8.65,"Jackfruit, raw",sr_legacy_food,fuzzy,"top two name-search candidates ('Jackfruit, raw', 'Chayote, fruit, raw') are too textually similar to the source description (0.67 vs 0.59 similarity) to place confidently",0.67,0.59,,,,,,,,,
ambiguous,0.67,08010004:PHYTCPPI,"Termite, raw",PHYTCPPI,76.57860067,"Taro, raw",sr_legacy_food,fuzzy,"top two name-search candidates ('Taro, raw', 'Watermelon, raw') are too textually similar to the source description (0.67 vs 0.74 similarity) to place confidently",0.74,0.67,YES,,,,,,,,
ambiguous,0.67,15010016:PHYTC-,"Blue lotus, leaves, raw",PHYTC-,13.5,"Taro leaves, raw",sr_legacy_food,fuzzy,"top two name-search candidates ('Taro leaves, raw', 'Broccoli, leaves, raw') are too textually similar to the source description (0.67 vs 0.68 similarity) to place confidently",0.68,0.67,YES,LEAFY_GREEN_GARBAGE_BUCKET_SUSPECT,,,,,,,
ambiguous,0.67,15010021:PHYTCPP,"Chili pepper, Green, raw",PHYTCPP,13.38,"Peppers, hot chili, green, raw",sr_legacy_food,fuzzy,"top two name-search candidates ('Peppers, hot chili, green, raw', 'Peppers, chili, green, canned') are too textually similar to the source description (0.67 vs 0.60 similarity) to place confidently",0.67,0.6,,,,,,,,,
ambiguous,0.67,15010044:PHYTC-,"Curry tree, leaves, raw",PHYTC-,28.9,"Taro leaves, raw",sr_legacy_food,fuzzy,"top two name-search candidates ('Taro leaves, raw', 'Grape leaves, raw') are too textually similar to the source description (0.67 vs 0.70 similarity) to place confidently",0.7,0.67,YES,LEAFY_GREEN_GARBAGE_BUCKET_SUSPECT,,,,,,,
ambiguous,0.67,15010068:PHYTCPP,"Mango ginger, raw",PHYTCPP,15.52,"Ginger root, raw",sr_legacy_food,fuzzy,"top two name-search candidates ('Ginger root, raw', 'Mangos, raw') are too textually similar to the source description (0.67 vs 0.71 similarity) to place confidently",0.71,0.67,YES,,,,,,,,
ambiguous,0.66,01030040:PHYTCPPD,"Bread, wheat-based, toasted, industrialized",PHYTCPPD,44.0,"Bread, wheat, toasted",sr_legacy_food,fuzzy,"top two name-search candidates ('Bread, wheat, toasted', 'Bread, wheat, sprouted, toasted') are too textually similar to the source description (0.66 vs 0.65 similarity) to place confidently",0.66,0.65,,,,,,,,,
ambiguous,0.66,03010576:PPI,"Mung bean, PAU911, germinated, raw",PPI,46.96904000000001,"Mung beans, mature seeds, sprouted, raw",sr_legacy_food,fuzzy,"top two name-search candidates ('Mung beans, mature seeds, sprouted, raw', 'Mung beans, mature seeds, raw') are too textually similar to the source description (0.66 vs 0.67 similarity) to place confidently",0.67,0.66,YES,,,,,,,,
ambiguous,0.66,03020163:PHYTCPP,"Tofu, firm, prepared with CaSO4, Hinoichi brand",PHYTCPP,621.0,"Tofu, extra firm, prepared with nigari",sr_legacy_food,fuzzy,"top two name-search candidates ('Tofu, extra firm, prepared with nigari', 'Tofu, raw, firm, prepared with calcium sulfate') are too textually similar to the source description (0.66 vs 0.65 similarity) to place confidently",0.66,0.65,,,,,,,,,
ambiguous,0.66,06010111:PHYT-,"Melon, seed kernel, toasted",PHYT-,368.0,"Seeds, watermelon seed kernels, dried",sr_legacy_food,fuzzy,"top two name-search candidates ('Seeds, watermelon seed kernels, dried', 'Seeds, sunflower seed kernels, toasted, without salt') are too textually similar to the source description (0.66 vs 0.61 similarity) to place confidently",0.66,0.61,,,,,,,,,
ambiguous,0.66,06010112:PHYT-,"Melon, seed kernel, toasted",PHYT-,465.0,"Seeds, watermelon seed kernels, dried",sr_legacy_food,fuzzy,"top two name-search candidates ('Seeds, watermelon seed kernels, dried', 'Seeds, sunflower seed kernels, toasted, without salt') are too textually similar to the source description (0.66 vs 0.61 similarity) to place confidently",0.66,0.61,,,,,,,,,
ambiguous,0.66,06010113:PHYT-,"Melon, seed kernel, toasted",PHYT-,372.0,"Seeds, watermelon seed kernels, dried",sr_legacy_food,fuzzy,"top two name-search candidates ('Seeds, watermelon seed kernels, dried', 'Seeds, sunflower seed kernels, toasted, without salt') are too textually similar to the source description (0.66 vs 0.61 similarity) to place confidently",0.66,0.61,,,,,,,,,
ambiguous,0.66,06010114:PHYT-,"Melon, seed kernel, toasted",PHYT-,372.0,"Seeds, watermelon seed kernels, dried",sr_legacy_food,fuzzy,"top two name-search candidates ('Seeds, watermelon seed kernels, dried', 'Seeds, sunflower seed kernels, toasted, without salt') are too textually similar to the source description (0.66 vs 0.61 similarity) to place confidently",0.66,0.61,,,,,,,,,
ambiguous,0.66,06010115:PHYT-,"Melon, seed kernel, toasted",PHYT-,470.0,"Seeds, watermelon seed kernels, dried",sr_legacy_food,fuzzy,"top two name-search candidates ('Seeds, watermelon seed kernels, dried', 'Seeds, sunflower seed kernels, toasted, without salt') are too textually similar to the source description (0.66 vs 0.61 similarity) to place confidently",0.66,0.61,,,,,,,,,
ambiguous,0.66,06010116:PHYT-,"Melon, seed kernel, toasted",PHYT-,376.0,"Seeds, watermelon seed kernels, dried",sr_legacy_food,fuzzy,"top two name-search candidates ('Seeds, watermelon seed kernels, dried', 'Seeds, sunflower seed kernels, toasted, without salt') are too textually similar to the source description (0.66 vs 0.61 similarity) to place confidently",0.66,0.61,,,,,,,,,
ambiguous,0.66,06010121:PHYTCPPD,"Nabak, seed kernel, dried",PHYTCPPD,3936.558,"Seeds, sunflower seed kernels, dried",sr_legacy_food,fuzzy,"top two name-search candidates ('Seeds, sunflower seed kernels, dried', 'Seeds, safflower seed kernels, dried') are too textually similar to the source description (0.66 vs 0.66 similarity) to place confidently",0.66,0.66,,,,,,,,,
ambiguous,0.66,19010003:PHYTCPPD,"French toast, whole wheat bread",PHYTCPPD,430.0,"Bread, french or vienna, whole wheat",sr_legacy_food,fuzzy,"top two name-search candidates ('Bread, french or vienna, whole wheat', 'WHOLE WHEAT BREAD') are too textually similar to the source description (0.66 vs 0.71 similarity) to place confidently",0.71,0.66,YES,,,,,,,,
ambiguous,0.66,19010004:PHYTCPPD,"French toast, whole wheat bread",PHYTCPPD,415.0,"Bread, french or vienna, whole wheat",sr_legacy_food,fuzzy,"top two name-search candidates ('Bread, french or vienna, whole wheat', 'WHOLE WHEAT BREAD') are too textually similar to the source description (0.66 vs 0.71 similarity) to place confidently",0.71,0.66,YES,,,,,,,,
ambiguous,0.65,01030133:PHYTC-,"Triticale, grain, raw",PHYTC-,170.72639999999998,"Triticale flour, whole-grain",sr_legacy_food,fuzzy,"top two name-search candidates ('Triticale flour, whole-grain', 'Triticale') are too textually similar to the source description (0.65 vs 0.60 similarity) to place confidently",0.65,0.6,,,,,,,,,
ambiguous,0.65,01040029:PHYTCPPI,"Sorghum flour, Dabar, whole grain, fermented, dried",PHYTCPPI,108.14629,"Sorghum flour, whole-grain",sr_legacy_food,fuzzy,"top two name-search candidates ('Sorghum flour, whole-grain', 'Sorghum, whole grain, white, dry, raw') are too textually similar to the source description (0.65 vs 0.64 similarity) to place confidently",0.65,0.64,,,,,,,,,
ambiguous,0.65,01040043:PHYTCPPI,"Sorghum flour, Karamaka, whole grain, boiled, dried",PHYTCPPI,205.750255,"Sorghum flour, whole-grain",sr_legacy_food,fuzzy,"top two name-search candidates ('Sorghum flour, whole-grain', 'Sorghum, whole grain, white, dry, raw') are too textually similar to the source description (0.65 vs 0.64 similarity) to place confidently",0.65,0.64,,,,,,,,,
ambiguous,0.65,01050179:PHYTCPPI,"Pearl millet flour, Kabti",PHYTCPPI,316.30499999999995,Millet flour,sr_legacy_food,fuzzy,"top two name-search candidates ('Millet flour', 'NAMASTE MILLET FLOUR') are too textually similar to the source description (0.65 vs 0.62 similarity) to place confidently",0.65,0.62,,,,,,,,,
ambiguous,0.65,01050181:PHYTCPPI,"Pearl millet flour, YD-X3",PHYTCPPI,392.49799999999993,Millet flour,sr_legacy_food,fuzzy,"top two name-search candidates ('Millet flour', 'NAMASTE MILLET FLOUR') are too textually similar to the source description (0.65 vs 0.62 similarity) to place confidently",0.65,0.62,,,,,,,,,
ambiguous,0.65,01060053:PHYTCPP,"Barley, whole grain, dried",PHYTCPP,1106.808,NOVA WHOLE GRAIN BAR,branded_food,fuzzy,"top two name-search candidates ('NOVA WHOLE GRAIN BAR', 'NOVA WHOLE GRAIN BARS') are too textually similar to the source description (0.65 vs 0.64 similarity) to place confidently",0.65,0.64,,,,,,,,,
ambiguous,0.65,03010332:PHYTCPP,"Cowpea, K59, raw",PHYTCPP,860.509,"Cowpeas, leafy tips, raw",sr_legacy_food,fuzzy,"top two name-search candidates ('Cowpeas, leafy tips, raw', 'Collards, raw') are too textually similar to the source description (0.65 vs 0.55 similarity) to place confidently",0.65,0.55,,,,,,,,,
ambiguous,0.65,03010444:PHYTCPPD,"Green gram, raw",PHYTCPPD,1102.2,"Peas, green, raw",sr_legacy_food,fuzzy,"top two name-search candidates ('Peas, green, raw', 'Turtle, green, raw') are too textually similar to the source description (0.65 vs 0.61 similarity) to place confidently",0.65,0.61,,,,,,,,,
ambiguous,0.65,03010547:PHYTCPPD,"Mucuna, seed, mature, air-dried, raw",PHYTCPPD,1878.5919999999999,"Mung beans, mature seeds, raw",sr_legacy_food,fuzzy,"top two name-search candidates ('Mung beans, mature seeds, raw', 'Lupins, mature seeds, raw') are too textually similar to the source description (0.65 vs 0.62 similarity) to place confidently",0.65,0.62,,,,,,,,,
ambiguous,0.65,03010548:PHYTCPPD,"Mucuna, seed, mature, air-dried, raw",PHYTCPPD,1442.7,"Mung beans, mature seeds, raw",sr_legacy_food,fuzzy,"top two name-search candidates ('Mung beans, mature seeds, raw', 'Lupins, mature seeds, raw') are too textually similar to the source description (0.65 vs 0.62 similarity) to place confidently",0.65,0.62,,,,,,,,,
ambiguous,0.65,03010549:PHYTCPPD,"Mucuna, seed, mature, air-dried, raw",PHYTCPPD,1185.1049999999998,"Mung beans, mature seeds, raw",sr_legacy_food,fuzzy,"top two name-search candidates ('Mung beans, mature seeds, raw', 'Lupins, mature seeds, raw') are too textually similar to the source description (0.65 vs 0.62 similarity) to place confidently",0.65,0.62,,,,,,,,,
ambiguous,0.65,03010550:PHYTCPPD,"Mucuna, seed, mature, air-dried, raw",PHYTCPPD,1356.668,"Mung beans, mature seeds, raw",sr_legacy_food,fuzzy,"top two name-search candidates ('Mung beans, mature seeds, raw', 'Lupins, mature seeds, raw') are too textually similar to the source description (0.65 vs 0.62 similarity) to place confidently",0.65,0.62,,,,,,,,,
ambiguous,0.65,03010553:PHYTCPPD,"Mucuna, White, seed, mature, air-dried, raw",PHYTCPPD,1701.3240000000003,"Beans, white, mature seeds, raw",sr_legacy_food,fuzzy,"top two name-search candidates ('Beans, white, mature seeds, raw', 'Beans, small white, mature seeds, raw') are too textually similar to the source description (0.65 vs 0.60 similarity) to place confidently",0.65,0.6,,,,,,,,,
ambiguous,0.65,03010581:PHYT-,"Mung bean, raw",PHYT-,1760.0,"Mung beans, mature seeds, raw",sr_legacy_food,fuzzy,"top two name-search candidates ('Mung beans, mature seeds, raw', 'Yardlong bean, raw') are too textually similar to the source description (0.65 vs 0.75 similarity) to place confidently",0.75,0.65,YES,,,,,,,,
ambiguous,0.65,03010582:PHYTCPPD,"Mung bean, raw",PHYTCPPD,50.96,"Mung beans, mature seeds, raw",sr_legacy_food,fuzzy,"top two name-search candidates ('Mung beans, mature seeds, raw', 'Yardlong bean, raw') are too textually similar to the source description (0.65 vs 0.75 similarity) to place confidently",0.75,0.65,YES,,,,,,,,
ambiguous,0.65,03020164:PHYTCPP,"Tofu, firm, prepared with MgCl2, Small Planet brand",PHYTCPP,357.0,"Tofu, extra firm, prepared with nigari",sr_legacy_food,fuzzy,"top two name-search candidates ('Tofu, extra firm, prepared with nigari', 'Tofu, raw, firm, prepared with calcium sulfate') are too textually similar to the source description (0.65 vs 0.64 similarity) to place confidently",0.65,0.64,,,,,,,,,
ambiguous,0.65,04010082:PHYTCPPI,"Butterfly tree, leaves, raw",PHYTCPPI,35.6,"Taro leaves, raw",sr_legacy_food,fuzzy,"top two name-search candidates ('Taro leaves, raw', 'Broccoli, leaves, raw') are too textually similar to the source description (0.65 vs 0.67 similarity) to place confidently",0.67,0.65,YES,LEAFY_GREEN_GARBAGE_BUCKET_SUSPECT,,,,,,,
ambiguous,0.65,04010197:IP5,"Passion flower, leaves, raw",IP5,0.6728,"Pumpkin leaves, raw",sr_legacy_food,fuzzy,"top two name-search candidates ('Pumpkin leaves, raw', 'Taro leaves, raw') are too textually similar to the source description (0.65 vs 0.65 similarity) to place confidently",0.65,0.65,,,,,,,,,
ambiguous,0.65,04010197:IP6,"Passion flower, leaves, raw",IP6,126.06,"Pumpkin leaves, raw",sr_legacy_food,fuzzy,"top two name-search candidates ('Pumpkin leaves, raw', 'Taro leaves, raw') are too textually similar to the source description (0.65 vs 0.65 similarity) to place confidently",0.65,0.65,,,,,,,,,
ambiguous,0.65,04010215:PHYTCPPI,"Roselle, sour leaves, raw",PHYTCPPI,30.0,"Roselle, raw",sr_legacy_food,fuzzy,"top two name-search candidates ('Roselle, raw', 'Taro leaves, raw') are too textually similar to the source description (0.65 vs 0.68 similarity) to place confidently",0.68,0.65,YES,,,,,,,,
ambiguous,0.65,04010216:PHYTCPPD,"Santhi, succulent leaves, raw",PHYTCPPD,57.85,"Amaranth leaves, raw",sr_legacy_food,fuzzy,"top two name-search candidates ('Amaranth leaves, raw', 'Chrysanthemum leaves, raw') are too textually similar to the source description (0.65 vs 0.67 similarity) to place confidently",0.67,0.65,YES,,,,,,,,
ambiguous,0.65,04010220:IP5,"Sesbania, yellow, blanched",IP5,2.0,"Sesbania flower, raw",sr_legacy_food,fuzzy,"top two name-search candidates ('Sesbania flower, raw', 'Plantains, yellow, baked') are too textually similar to the source description (0.65 vs 0.68 similarity) to place confidently",0.68,0.65,YES,,,,,,,,
ambiguous,0.65,04010220:IP6,"Sesbania, yellow, blanched",IP6,3.0,"Sesbania flower, raw",sr_legacy_food,fuzzy,"top two name-search candidates ('Sesbania flower, raw', 'Plantains, yellow, baked') are too textually similar to the source description (0.65 vs 0.68 similarity) to place confidently",0.68,0.65,YES,,,,,,,,
ambiguous,0.65,04010220:IP5_A_IP6,"Sesbania, yellow, blanched",IP5_A_IP6,5.0,"Sesbania flower, raw",sr_legacy_food,fuzzy,"top two name-search candidates ('Sesbania flower, raw', 'Plantains, yellow, baked') are too textually similar to the source description (0.65 vs 0.68 similarity) to place confidently",0.68,0.65,YES,,,,,,,,
ambiguous,0.65,05020004:PHYTCPP,"Apple, big, raw",PHYTCPP,0.57,"Rose-apples, raw",sr_legacy_food,fuzzy,"top two name-search candidates ('Rose-apples, raw', 'Mammy-apple, (mamey), raw') are too textually similar to the source description (0.65 vs 0.60 similarity) to place confidently",0.65,0.6,,,,,,,,,
ambiguous,0.65,06010102:PHYT-,"Melon, seed kernel, boiled, sun-dried",PHYT-,164.0,"Seeds, watermelon seed kernels, dried",sr_legacy_food,fuzzy,"top two name-search candidates ('Seeds, watermelon seed kernels, dried', 'Seeds, sunflower seed kernels, dried') are too textually similar to the source description (0.65 vs 0.60 similarity) to place confidently",0.65,0.6,,,,,,,,,
ambiguous,0.65,06010103:PHYT-,"Melon, seed kernel, boiled, sun-dried",PHYT-,170.0,"Seeds, watermelon seed kernels, dried",sr_legacy_food,fuzzy,"top two name-search candidates ('Seeds, watermelon seed kernels, dried', 'Seeds, sunflower seed kernels, dried') are too textually similar to the source description (0.65 vs 0.60 similarity) to place confidently",0.65,0.6,,,,,,,,,
ambiguous,0.65,06010104:PHYT-,"Melon, seed kernel, boiled, sun-dried",PHYT-,170.0,"Seeds, watermelon seed kernels, dried",sr_legacy_food,fuzzy,"top two name-search candidates ('Seeds, watermelon seed kernels, dried', 'Seeds, sunflower seed kernels, dried') are too textually similar to the source description (0.65 vs 0.60 similarity) to place confidently",0.65,0.6,,,,,,,,,
ambiguous,0.65,15010049:PHYTCPP,"Fenugreek seed, dried",PHYTCPP,570.0,"Spices, fenugreek seed",sr_legacy_food,fuzzy,"top two name-search candidates ('Spices, fenugreek seed', 'Seeds, chia seeds, dried') are too textually similar to the source description (0.65 vs 0.62 similarity) to place confidently",0.65,0.62,,,,,,,,,
ambiguous,0.65,15010072:PHYTCPP,"Nutmeg, seed, dried",PHYTCPP,704.0,"Seeds, chia seeds, dried",sr_legacy_food,fuzzy,"top two name-search candidates ('Seeds, chia seeds, dried', 'Seeds, lotus seeds, dried') are too textually similar to the source description (0.65 vs 0.59 similarity) to place confidently",0.65,0.59,,,,,,,,,
ambiguous,0.65,15010073:PHYTCPP,"Nutmeg, seed, dried",PHYTCPP,377.832,"Seeds, chia seeds, dried",sr_legacy_food,fuzzy,"top two name-search candidates ('Seeds, chia seeds, dried', 'Seeds, lotus seeds, dried') are too textually similar to the source description (0.65 vs 0.59 similarity) to place confidently",0.65,0.59,,,,,,,,,
ambiguous,0.65,16010013:PHYTCPPI,"Baby food, corn based, commercially produced",PHYTCPPI,0.0039000000000000003,"Muffins, corn, commercially prepared",sr_legacy_food,fuzzy,"top two name-search candidates ('Muffins, corn, commercially prepared', 'Cake, angelfood, commercially prepared') are too textually similar to the source description (0.65 vs 0.61 similarity) to place confidently",0.65,0.61,,,,,,,,,
ambiguous,0.65,16010014:PHYTCPPI,"Baby food, corn based, commercially produced",PHYTCPPI,0.0025480000000000004,"Muffins, corn, commercially prepared",sr_legacy_food,fuzzy,"top two name-search candidates ('Muffins, corn, commercially prepared', 'Cake, angelfood, commercially prepared') are too textually similar to the source description (0.65 vs 0.61 similarity) to place confidently",0.65,0.61,,,,,,,,,
ambiguous,0.65,16010015:PHYTCPPI,"Baby food, corn based, commercially produced",PHYTCPPI,0.015467999999999999,"Muffins, corn, commercially prepared",sr_legacy_food,fuzzy,"top two name-search candidates ('Muffins, corn, commercially prepared', 'Cake, angelfood, commercially prepared') are too textually similar to the source description (0.65 vs 0.61 similarity) to place confidently",0.65,0.61,,,,,,,,,
ambiguous,0.64,01010111:PHYTCPPD,"Rice, H-4, raw",PHYTCPPD,280.14,"Wild rice, raw",sr_legacy_food,fuzzy,"top two name-search candidates ('Wild rice, raw', 'Wild rice, dry, raw') are too textually similar to the source description (0.64 vs 0.67 similarity) to place confidently",0.67,0.64,YES,,,,,,,,
ambiguous,0.64,01010328:PHYTC-,"Rice, red, raw",PHYTC-,32.91,"Wild rice, raw",sr_legacy_food,fuzzy,"top two name-search candidates ('Wild rice, raw', 'Rice, red, unenriched, dry, raw') are too textually similar to the source description (0.64 vs 0.62 similarity) to place confidently",0.64,0.62,,,,,,,,,
ambiguous,0.64,01040060:PHYTCPPI,"Sorghum flour, Wad Ahmed, whole grain, boiled, dried",PHYTCPPI,200.18126,"Sorghum flour, whole-grain",sr_legacy_food,fuzzy,"top two name-search candidates ('Sorghum flour, whole-grain', 'Sorghum, whole grain, white, dry, raw') are too textually similar to the source description (0.64 vs 0.63 similarity) to place confidently",0.64,0.63,,,,,,,,,
ambiguous,0.64,02010005:PHYTCPP,"Potato, brown skin, big, raw",PHYTCPP,55.77,"Potatoes, raw, skin",sr_legacy_food,fuzzy,"top two name-search candidates ('Potatoes, raw, skin', 'Potatoes, flesh and skin, raw') are too textually similar to the source description (0.64 vs 0.67 similarity) to place confidently",0.67,0.64,YES,,,,,,,,
ambiguous,0.64,02040009:PHYTCPPI,"Yam, Ini ata, raw",PHYTCPPI,36.31500000000001,"Yam, raw",sr_legacy_food,fuzzy,"top two name-search candidates ('Yam, raw', 'Yambean (jicama), raw') are too textually similar to the source description (0.64 vs 0.63 similarity) to place confidently",0.64,0.63,,,,,,,,,
ambiguous,0.64,02050031:PHYTCPP,"Water chestnut, raw",PHYTCPP,25.86,"Waterchestnuts, chinese, (matai), raw",sr_legacy_food,fuzzy,"top two name-search candidates ('Waterchestnuts, chinese, (matai), raw', ""Raley's SLICED WATER CHESTNUTS"") are too textually similar to the source description (0.64 vs 0.57 similarity) to place confidently",0.64,0.57,,,,,,,,,
ambiguous,0.64,03010256:PHYTCPPD,"Common bean, var. Calima, seed, raw",PHYTCPPD,1772.0120000000002,"Lima beans, immature seeds, raw",sr_legacy_food,fuzzy,"top two name-search candidates ('Lima beans, immature seeds, raw', 'Lima beans, large, mature seeds, raw') are too textually similar to the source description (0.64 vs 0.65 similarity) to place confidently",0.65,0.64,YES,,,,,,,,
ambiguous,0.64,03010257:PHYTCPPD,"Common bean, var. Calima, seed, raw",PHYTCPPD,1916.5768999999998,"Lima beans, immature seeds, raw",sr_legacy_food,fuzzy,"top two name-search candidates ('Lima beans, immature seeds, raw', 'Lima beans, large, mature seeds, raw') are too textually similar to the source description (0.64 vs 0.65 similarity) to place confidently",0.65,0.64,YES,,,,,,,,
ambiguous,0.64,03010258:PHYTCPPD,"Common bean, var. Calima, seed, raw",PHYTCPPD,1506.16,"Lima beans, immature seeds, raw",sr_legacy_food,fuzzy,"top two name-search candidates ('Lima beans, immature seeds, raw', 'Lima beans, large, mature seeds, raw') are too textually similar to the source description (0.64 vs 0.65 similarity) to place confidently",0.65,0.64,YES,,,,,,,,
ambiguous,0.64,03010259:PHYTCPPD,"Common bean, var. Calima, seed, raw",PHYTCPPD,1124.3093,"Lima beans, immature seeds, raw",sr_legacy_food,fuzzy,"top two name-search candidates ('Lima beans, immature seeds, raw', 'Lima beans, large, mature seeds, raw') are too textually similar to the source description (0.64 vs 0.65 similarity) to place confidently",0.65,0.64,YES,,,,,,,,
ambiguous,0.64,03010266:PHYTC-,"Common bean, white, whole, raw",PHYTC-,1002.4229999999999,"Corn, sweet, white, raw",sr_legacy_food,fuzzy,"top two name-search candidates ('Corn, sweet, white, raw', 'Beans, white, mature seeds, raw') are too textually similar to the source description (0.64 vs 0.62 similarity) to place confidently",0.64,0.62,,,,,,,,,
ambiguous,0.64,03010533:PHYTCPPI,"Lupin, Sweet, 'Lutop', raw",PHYTCPPI,1218.9462999999998,"Onions, sweet, raw",sr_legacy_food,fuzzy,"top two name-search candidates ('Onions, sweet, raw', 'Cherries, sweet, raw') are too textually similar to the source description (0.64 vs 0.57 similarity) to place confidently",0.64,0.57,,,,,,,,,
ambiguous,0.64,03010533:PPI,"Lupin, Sweet, 'Lutop', raw",PPI,343.74449999999996,"Onions, sweet, raw",sr_legacy_food,fuzzy,"top two name-search candidates ('Onions, sweet, raw', 'Cherries, sweet, raw') are too textually similar to the source description (0.64 vs 0.57 similarity) to place confidently",0.64,0.57,,,,,,,,,
ambiguous,0.64,03010627:PHYTCPPD,"Pigeon pea, raw",PHYTCPPD,727.0,"Pears, raw",sr_legacy_food,fuzzy,"top two name-search candidates ('Pears, raw', 'GREEN PIGEON PEAS') are too textually similar to the source description (0.64 vs 0.62 similarity) to place confidently",0.64,0.62,,,,,,,,,
ambiguous,0.64,03010628:PHYTCPPD,"Pigeon pea, raw",PHYTCPPD,255.0,"Pears, raw",sr_legacy_food,fuzzy,"top two name-search candidates ('Pears, raw', 'GREEN PIGEON PEAS') are too textually similar to the source description (0.64 vs 0.62 similarity) to place confidently",0.64,0.62,,,,,,,,,
ambiguous,0.64,03010645:PHYTCPP,"Rice bean, raw",PHYTCPP,486.0,"Wild rice, raw",sr_legacy_food,fuzzy,"top two name-search candidates ('Wild rice, raw', 'Yardlong bean, raw') are too textually similar to the source description (0.64 vs 0.69 similarity) to place confidently",0.69,0.64,YES,,,,,,,,
ambiguous,0.64,03020024:PHYTCPPD,"Soybean flour, dehulled, defatted",PHYTCPPD,1838.265,"Flour, soy, defatted",foundation_food,fuzzy,"top two name-search candidates ('Flour, soy, defatted', 'Soy flour, defatted') are too textually similar to the source description (0.64 vs 0.73 similarity) to place confidently",0.73,0.64,YES,,,,,,,,
ambiguous,0.64,04010255:PHYTCPPI,"Waterleaf leaves, wild, raw",PHYTCPPI,29.4,"Winged bean leaves, raw",sr_legacy_food,fuzzy,"top two name-search candidates ('Winged bean leaves, raw', 'Taro leaves, raw') are too textually similar to the source description (0.64 vs 0.65 similarity) to place confidently",0.65,0.64,YES,,,,,,,,
ambiguous,0.64,05020071:PHYTC-,"Star apple, white, pulp and seeds, raw",PHYTC-,0.047,"Beans, white, mature seeds, raw",sr_legacy_food,fuzzy,"top two name-search candidates ('Beans, white, mature seeds, raw', 'Beans, small white, mature seeds, raw') are too textually similar to the source description (0.64 vs 0.61 similarity) to place confidently",0.64,0.61,,,,,,,,,
ambiguous,0.64,06010165:PHYTCPPD,"Sesbania, seed, 10865D, dried",PHYTCPPD,2145.55,"Seeds, chia seeds, dried",sr_legacy_food,fuzzy,"top two name-search candidates ('Seeds, chia seeds, dried', 'Seeds, lotus seeds, dried') are too textually similar to the source description (0.64 vs 0.59 similarity) to place confidently",0.64,0.59,,,,,,,,,
ambiguous,0.64,06010166:PHYTCPPD,"Sesbania, seed, 15019D, dried",PHYTCPPD,2185.14,"Seeds, chia seeds, dried",sr_legacy_food,fuzzy,"top two name-search candidates ('Seeds, chia seeds, dried', 'Seeds, lotus seeds, dried') are too textually similar to the source description (0.64 vs 0.59 similarity) to place confidently",0.64,0.59,,,,,,,,,
ambiguous,0.64,11010002:PHYTCPPI,"Milk, cow, raw",PHYTCPPI,0.0,"Millet, raw",sr_legacy_food,fuzzy,"top two name-search candidates ('Millet, raw', 'Fish, milkfish, raw') are too textually similar to the source description (0.64 vs 0.55 similarity) to place confidently",0.64,0.55,,,,,,,,,
ambiguous,0.64,14010006:PHYTCPPD,"Biscuit, whole wheat and raisins",PHYTCPPD,474.0,WHOLE WHEAT TEA BISCUITS,branded_food,fuzzy,"top two name-search candidates ('WHOLE WHEAT TEA BISCUITS', 'RAISIN BRAN WHOLE GRAIN WHEAT AND BRAN CEREAL WITH RAISINS') are too textually similar to the source description (0.64 vs 0.60 similarity) to place confidently",0.64,0.6,,,,,,,,,
ambiguous,0.64,14010007:PHYTCPPD,"Biscuit, whole wheat and raisins",PHYTCPPD,465.0,WHOLE WHEAT TEA BISCUITS,branded_food,fuzzy,"top two name-search candidates ('WHOLE WHEAT TEA BISCUITS', 'RAISIN BRAN WHOLE GRAIN WHEAT AND BRAN CEREAL WITH RAISINS') are too textually similar to the source description (0.64 vs 0.60 similarity) to place confidently",0.64,0.6,,,,,,,,,
ambiguous,0.64,15010022:PHYTCPP,"Chili pepper, Green-1, raw",PHYTCPP,13.54,"Peppers, hot chili, green, raw",sr_legacy_food,fuzzy,"top two name-search candidates ('Peppers, hot chili, green, raw', 'Peppers, chili, green, canned') are too textually similar to the source description (0.64 vs 0.58 similarity) to place confidently",0.64,0.58,,,,,,,,,
ambiguous,0.64,15010023:PHYTCPP,"Chili pepper, Green-2, raw",PHYTCPP,13.96,"Peppers, hot chili, green, raw",sr_legacy_food,fuzzy,"top two name-search candidates ('Peppers, hot chili, green, raw', 'Peppers, chili, green, canned') are too textually similar to the source description (0.64 vs 0.58 similarity) to place confidently",0.64,0.58,,,,,,,,,
ambiguous,0.64,15010024:PHYTCPP,"Chili pepper, Green-3, raw",PHYTCPP,14.56,"Peppers, hot chili, green, raw",sr_legacy_food,fuzzy,"top two name-search candidates ('Peppers, hot chili, green, raw', 'Peppers, chili, green, canned') are too textually similar to the source description (0.64 vs 0.58 similarity) to place confidently",0.64,0.58,,,,,,,,,
ambiguous,0.64,15010025:PHYTCPP,"Chili pepper, Green-4, raw",PHYTCPP,12.31,"Peppers, hot chili, green, raw",sr_legacy_food,fuzzy,"top two name-search candidates ('Peppers, hot chili, green, raw', 'Peppers, chili, green, canned') are too textually similar to the source description (0.64 vs 0.58 similarity) to place confidently",0.64,0.58,,,,,,,,,
ambiguous,0.64,15010026:PHYTCPP,"Chili pepper, Green-5, raw",PHYTCPP,12.45,"Peppers, hot chili, green, raw",sr_legacy_food,fuzzy,"top two name-search candidates ('Peppers, hot chili, green, raw', 'Peppers, chili, green, canned') are too textually similar to the source description (0.64 vs 0.58 similarity) to place confidently",0.64,0.58,,,,,,,,,
ambiguous,0.64,15010027:PHYTCPP,"Chili pepper, Green-6, raw",PHYTCPP,10.39,"Peppers, hot chili, green, raw",sr_legacy_food,fuzzy,"top two name-search candidates ('Peppers, hot chili, green, raw', 'Peppers, chili, green, canned') are too textually similar to the source description (0.64 vs 0.58 similarity) to place confidently",0.64,0.58,,,,,,,,,
ambiguous,0.64,15010028:PHYTCPP,"Chili pepper, Green-7, raw",PHYTCPP,13.29,"Peppers, hot chili, green, raw",sr_legacy_food,fuzzy,"top two name-search candidates ('Peppers, hot chili, green, raw', 'Peppers, chili, green, canned') are too textually similar to the source description (0.64 vs 0.58 similarity) to place confidently",0.64,0.58,,,,,,,,,
ambiguous,0.64,15010066:IP6,"Lalot pepper, leaves, raw",IP6,13.596000000000002,"Pumpkin leaves, raw",sr_legacy_food,fuzzy,"top two name-search candidates ('Pumpkin leaves, raw', 'Taro leaves, raw') are too textually similar to the source description (0.64 vs 0.68 similarity) to place confidently",0.68,0.64,YES,,,,,,,,
ambiguous,0.63,01010101:PHYTCPP,"Rice, cooked with oil",PHYTCPP,82.0,"Wild rice, cooked",sr_legacy_food,fuzzy,"top two name-search candidates ('Wild rice, cooked', 'Rice noodles, cooked') are too textually similar to the source description (0.63 vs 0.59 similarity) to place confidently",0.63,0.59,,,,,,,,,
ambiguous,0.63,01010101:IP5,"Rice, cooked with oil",IP5,37.0,"Wild rice, cooked",sr_legacy_food,fuzzy,"top two name-search candidates ('Wild rice, cooked', 'Rice noodles, cooked') are too textually similar to the source description (0.63 vs 0.59 similarity) to place confidently",0.63,0.59,,,,,,,,,
ambiguous,0.63,01010101:IP6,"Rice, cooked with oil",IP6,33.0,"Wild rice, cooked",sr_legacy_food,fuzzy,"top two name-search candidates ('Wild rice, cooked', 'Rice noodles, cooked') are too textually similar to the source description (0.63 vs 0.59 similarity) to place confidently",0.63,0.59,,,,,,,,,
ambiguous,0.63,01010101:IP5_A_IP6,"Rice, cooked with oil",IP5_A_IP6,70.0,"Wild rice, cooked",sr_legacy_food,fuzzy,"top two name-search candidates ('Wild rice, cooked', 'Rice noodles, cooked') are too textually similar to the source description (0.63 vs 0.59 similarity) to place confidently",0.63,0.59,,,,,,,,,
ambiguous,0.63,01020041:PHYTCPPI,"Corn, Mugtama 45, raw",PHYTCPPI,408.158,"Cornsalad, raw",sr_legacy_food,fuzzy,"top two name-search candidates ('Cornsalad, raw', 'Corn, sweet, white, raw') are too textually similar to the source description (0.63 vs 0.59 similarity) to place confidently",0.63,0.59,,,,,,,,,
ambiguous,0.63,01050171:PHYT-,"Pearl millet flour, HHB-67",PHYT-,527.711,Millet flour,sr_legacy_food,fuzzy,"top two name-search candidates ('Millet flour', 'NAMASTE MILLET FLOUR') are too textually similar to the source description (0.63 vs 0.61 similarity) to place confidently",0.63,0.61,,,,,,,,,
ambiguous,0.63,01050172:PHYTCPPI,"Pearl millet flour, IS 833",PHYTCPPI,317.892,Millet flour,sr_legacy_food,fuzzy,"top two name-search candidates ('Millet flour', 'NAMASTE MILLET FLOUR') are too textually similar to the source description (0.63 vs 0.61 similarity) to place confidently",0.63,0.61,,,,,,,,,
ambiguous,0.63,01050173:PHYTCPPI,"Pearl millet flour, IS 843",PHYTCPPI,313.998,Millet flour,sr_legacy_food,fuzzy,"top two name-search candidates ('Millet flour', 'NAMASTE MILLET FLOUR') are too textually similar to the source description (0.63 vs 0.61 similarity) to place confidently",0.63,0.61,,,,,,,,,
ambiguous,0.63,01050180:PHYTCPPI,"Pearl millet flour, Tihama",PHYTCPPI,317.18399999999997,Millet flour,sr_legacy_food,fuzzy,"top two name-search candidates ('Millet flour', 'NAMASTE MILLET FLOUR') are too textually similar to the source description (0.63 vs 0.61 similarity) to place confidently",0.63,0.61,,,,,,,,,
ambiguous,0.63,02010019:IP6,"Potato, Norland, raw, unpeeled",IP6,42.0,"Nuts, chestnuts, european, raw, unpeeled",sr_legacy_food,fuzzy,"top two name-search candidates ('Nuts, chestnuts, european, raw, unpeeled', 'Potatoes, red, flesh and skin, raw') are too textually similar to the source description (0.63 vs 0.56 similarity) to place confidently",0.63,0.56,,,,,,,,,
ambiguous,0.63,03010242:PHYTCPPD,"Common bean, raw",PHYTCPPD,1832.0,"Guavas, common, raw",sr_legacy_food,fuzzy,"top two name-search candidates ('Guavas, common, raw', 'Yardlong bean, raw') are too textually similar to the source description (0.63 vs 0.71 similarity) to place confidently",0.71,0.63,YES,,,,,,,,
ambiguous,0.63,03010351:PHYTCPPI,"Cowpea, raw",PHYTCPPI,354.63648,"Cowpeas, leafy tips, raw",sr_legacy_food,fuzzy,"top two name-search candidates ('Cowpeas, leafy tips, raw', 'Collards, raw') are too textually similar to the source description (0.63 vs 0.67 similarity) to place confidently",0.67,0.63,YES,,,,,,,,
ambiguous,0.63,03010352:PHYTCPPI,"Cowpea, raw",PHYTCPPI,537.49,"Cowpeas, leafy tips, raw",sr_legacy_food,fuzzy,"top two name-search candidates ('Cowpeas, leafy tips, raw', 'Collards, raw') are too textually similar to the source description (0.63 vs 0.67 similarity) to place confidently",0.67,0.63,YES,,,,,,,,
ambiguous,0.63,03010352:PPI,"Cowpea, raw",PPI,151.226,"Cowpeas, leafy tips, raw",sr_legacy_food,fuzzy,"top two name-search candidates ('Cowpeas, leafy tips, raw', 'Collards, raw') are too textually similar to the source description (0.63 vs 0.67 similarity) to place confidently",0.67,0.63,YES,,,,,,,,
ambiguous,0.63,03010353:PHYTCPPD,"Cowpea, raw",PHYTCPPD,625.2182,"Cowpeas, leafy tips, raw",sr_legacy_food,fuzzy,"top two name-search candidates ('Cowpeas, leafy tips, raw', 'Collards, raw') are too textually similar to the source description (0.63 vs 0.67 similarity) to place confidently",0.67,0.63,YES,,,,,,,,
ambiguous,0.63,03010584:PHYTCPPI,"Mung bean, var. Giza-1, seed, germinated, dried",PHYTCPPI,358.26700000000005,"Mung beans, mature seeds, sprouted, raw",sr_legacy_food,fuzzy,"top two name-search candidates ('Mung beans, mature seeds, sprouted, raw', 'Mung beans, mature seeds, sprouted, cooked, stir-fried') are too textually similar to the source description (0.63 vs 0.61 similarity) to place confidently",0.63,0.61,,,,,,,,,
ambiguous,0.63,03010639:PHYTCPPD,"Rice bean, Beziamah, seeds, light brown, boiled, drained",PHYTCPPD,1054.62,"Lima beans, immature seeds, cooked, boiled, drained, with salt",sr_legacy_food,fuzzy,"top two name-search candidates ('Lima beans, immature seeds, cooked, boiled, drained, with salt', 'Winged bean, immature seeds, cooked, boiled, drained, with salt') are too textually similar to the source description (0.63 vs 0.64 similarity) to place confidently",0.64,0.63,YES,SPURIOUS_SALT_SUSPECT,,,,,,,
ambiguous,0.63,03020156:IP5,"Tempeh, fried",IP5,42.185,Tempeh,sr_legacy_food,fuzzy,"top two name-search candidates ('Tempeh', 'Tempeh, cooked') are too textually similar to the source description (0.63 vs 0.74 similarity) to place confidently",0.74,0.63,YES,,,,,,,,
ambiguous,0.63,03020156:IP6,"Tempeh, fried",IP6,170.274,Tempeh,sr_legacy_food,fuzzy,"top two name-search candidates ('Tempeh', 'Tempeh, cooked') are too textually similar to the source description (0.63 vs 0.74 similarity) to place confidently",0.74,0.63,YES,,,,,,,,
ambiguous,0.63,03020156:IP5_A_IP6,"Tempeh, fried",IP5_A_IP6,212.459,Tempeh,sr_legacy_food,fuzzy,"top two name-search candidates ('Tempeh', 'Tempeh, cooked') are too textually similar to the source description (0.63 vs 0.74 similarity) to place confidently",0.74,0.63,YES,,,,,,,,
ambiguous,0.63,04010105:PHYTCPPI,"Cassava, young leaves, raw",PHYTCPPI,26.1,"Cassava, raw",sr_legacy_food,fuzzy,"top two name-search candidates ('Cassava, raw', 'Taro leaves, raw') are too textually similar to the source description (0.63 vs 0.67 similarity) to place confidently",0.67,0.63,YES,,,,,,,,
ambiguous,0.63,04010150:PHYTCPP,"Gogu, leaves, green, raw",PHYTCPP,48.43,"Grape leaves, raw",sr_legacy_food,fuzzy,"top two name-search candidates ('Grape leaves, raw', 'Lettuce, leaf, green, raw') are too textually similar to the source description (0.63 vs 0.73 similarity) to place confidently",0.73,0.63,YES,,,,,,,,
ambiguous,0.63,05020065:PHYT-,"Quince, PUM, fruit, raw",PHYT-,227.0,"Quinces, raw",sr_legacy_food,fuzzy,"top two name-search candidates ('Quinces, raw', 'Chayote, fruit, raw') are too textually similar to the source description (0.63 vs 0.67 similarity) to place confidently",0.67,0.63,YES,,,,,,,,
ambiguous,0.63,05020066:PHYT-,"Quince, ZM6, fruit, raw",PHYT-,265.0,"Quinces, raw",sr_legacy_food,fuzzy,"top two name-search candidates ('Quinces, raw', 'Chayote, fruit, raw') are too textually similar to the source description (0.63 vs 0.67 similarity) to place confidently",0.67,0.63,YES,,,,,,,,
ambiguous,0.63,05020067:PHYT-,"Quince, ZM9, fruit, raw",PHYT-,546.0,"Quinces, raw",sr_legacy_food,fuzzy,"top two name-search candidates ('Quinces, raw', 'Chayote, fruit, raw') are too textually similar to the source description (0.63 vs 0.67 similarity) to place confidently",0.67,0.63,YES,,,,,,,,
ambiguous,0.63,06010055:PHYTCPPI,"Fluted pumpkin, young seed, raw",PHYTCPPI,0.10088000000000007,"Fish, sunfish, pumpkin seed, raw",sr_legacy_food,fuzzy,"top two name-search candidates ('Fish, sunfish, pumpkin seed, raw', 'RAW HULLED PUMPKIN SEEDS') are too textually similar to the source description (0.63 vs 0.58 similarity) to place confidently",0.63,0.58,,PLANT_TO_ANIMAL_SUSPECT,,,,,,,
ambiguous,0.63,06010057:PHYTCPP,"Garden cress, seed, raw",PHYTCPP,1037.0,"Cress, garden, raw",sr_legacy_food,fuzzy,"top two name-search candidates ('Cress, garden, raw', 'Grapes, red, seedless, raw') are too textually similar to the source description (0.63 vs 0.69 similarity) to place confidently",0.69,0.63,YES,,,,,,,,
ambiguous,0.63,06010088:PHYTCPPD,"Lantana, seed kernel, dried",PHYTCPPD,2084.7960000000003,"Seeds, safflower seed kernels, dried",sr_legacy_food,fuzzy,"top two name-search candidates ('Seeds, safflower seed kernels, dried', 'Seeds, sunflower seed kernels, dried') are too textually similar to the source description (0.63 vs 0.63 similarity) to place confidently",0.63,0.63,,,,,,,,,
ambiguous,0.63,06010101:PHYTCPPD,"Marula, wild, seed kernel, air-dried",PHYTCPPD,378.792477,"Seeds, watermelon seed kernels, dried",sr_legacy_food,fuzzy,"top two name-search candidates ('Seeds, watermelon seed kernels, dried', 'Seeds, safflower seed kernels, dried') are too textually similar to the source description (0.63 vs 0.61 similarity) to place confidently",0.63,0.61,,,,,,,,,
ambiguous,0.63,06010160:PHYTCPP,"Safflower, seed, raw",PHYTCPP,1083.0,"Seeds, sunflower seed, kernel, raw",foundation_food,fuzzy,"top two name-search candidates ('Seeds, sunflower seed, kernel, raw', 'Seeds, safflower seed kernels, dried') are too textually similar to the source description (0.63 vs 0.61 similarity) to place confidently",0.63,0.61,,,,,,,,,
ambiguous,0.63,16010086:IP5,"Infant flour, cereal-based, fortified",IP5,32.604,"Babyfood, cereal, barley, dry fortified",sr_legacy_food,fuzzy,"top two name-search candidates ('Babyfood, cereal, barley, dry fortified', 'Babyfood, cereal, rice, dry fortified') are too textually similar to the source description (0.63 vs 0.59 similarity) to place confidently",0.63,0.59,,,,,,,,,
ambiguous,0.63,16010086:IP6,"Infant flour, cereal-based, fortified",IP6,257.868,"Babyfood, cereal, barley, dry fortified",sr_legacy_food,fuzzy,"top two name-search candidates ('Babyfood, cereal, barley, dry fortified', 'Babyfood, cereal, rice, dry fortified') are too textually similar to the source description (0.63 vs 0.59 similarity) to place confidently",0.63,0.59,,,,,,,,,
ambiguous,0.63,16010086:IP5_A_IP6,"Infant flour, cereal-based, fortified",IP5_A_IP6,290.472,"Babyfood, cereal, barley, dry fortified",sr_legacy_food,fuzzy,"top two name-search candidates ('Babyfood, cereal, barley, dry fortified', 'Babyfood, cereal, rice, dry fortified') are too textually similar to the source description (0.63 vs 0.59 similarity) to place confidently",0.63,0.59,,,,,,,,,
ambiguous,0.63,16010087:IP5,"Infant flour, cereal-based, fortified",IP5,43.208,"Babyfood, cereal, barley, dry fortified",sr_legacy_food,fuzzy,"top two name-search candidates ('Babyfood, cereal, barley, dry fortified', 'Babyfood, cereal, rice, dry fortified') are too textually similar to the source description (0.63 vs 0.59 similarity) to place confidently",0.63,0.59,,,,,,,,,
ambiguous,0.63,16010087:IP6,"Infant flour, cereal-based, fortified",IP6,264.158,"Babyfood, cereal, barley, dry fortified",sr_legacy_food,fuzzy,"top two name-search candidates ('Babyfood, cereal, barley, dry fortified', 'Babyfood, cereal, rice, dry fortified') are too textually similar to the source description (0.63 vs 0.59 similarity) to place confidently",0.63,0.59,,,,,,,,,
ambiguous,0.63,16010087:IP5_A_IP6,"Infant flour, cereal-based, fortified",IP5_A_IP6,307.366,"Babyfood, cereal, barley, dry fortified",sr_legacy_food,fuzzy,"top two name-search candidates ('Babyfood, cereal, barley, dry fortified', 'Babyfood, cereal, rice, dry fortified') are too textually similar to the source description (0.63 vs 0.59 similarity) to place confidently",0.63,0.59,,,,,,,,,
ambiguous,0.63,16010088:IP5,"Infant flour, cereal-based, fortified",IP5,19.66,"Babyfood, cereal, barley, dry fortified",sr_legacy_food,fuzzy,"top two name-search candidates ('Babyfood, cereal, barley, dry fortified', 'Babyfood, cereal, rice, dry fortified') are too textually similar to the source description (0.63 vs 0.59 similarity) to place confidently",0.63,0.59,,,,,,,,,
ambiguous,0.63,16010088:IP6,"Infant flour, cereal-based, fortified",IP6,178.90599999999998,"Babyfood, cereal, barley, dry fortified",sr_legacy_food,fuzzy,"top two name-search candidates ('Babyfood, cereal, barley, dry fortified', 'Babyfood, cereal, rice, dry fortified') are too textually similar to the source description (0.63 vs 0.59 similarity) to place confidently",0.63,0.59,,,,,,,,,
ambiguous,0.63,16010088:IP5_A_IP6,"Infant flour, cereal-based, fortified",IP5_A_IP6,198.56599999999997,"Babyfood, cereal, barley, dry fortified",sr_legacy_food,fuzzy,"top two name-search candidates ('Babyfood, cereal, barley, dry fortified', 'Babyfood, cereal, rice, dry fortified') are too textually similar to the source description (0.63 vs 0.59 similarity) to place confidently",0.63,0.59,,,,,,,,,
ambiguous,0.62,01010320:PHYTCPPI,"Rice, RD-6, raw",PHYTCPPI,1195.392,"Wild rice, raw",sr_legacy_food,fuzzy,"top two name-search candidates ('Wild rice, raw', 'Wild rice, dry, raw') are too textually similar to the source description (0.62 vs 0.71 similarity) to place confidently",0.71,0.62,YES,,,,,,,,
ambiguous,0.62,01020040:PHYTC-,"Corn, meal",PHYTC-,687.3,PRECOOKED CORN MEAL,branded_food,fuzzy,"top two name-search candidates ('PRECOOKED CORN MEAL', 'BEST CHOICE CORN MEAL') are too textually similar to the source description (0.62 vs 0.58 similarity) to place confidently",0.62,0.58,,,,,,,,,
ambiguous,0.62,01030038:PHYTCPP,"Bread, wheat-based, steamed",PHYTCPP,38.0,"Bread, wheat",sr_legacy_food,fuzzy,"top two name-search candidates ('Bread, wheat', 'Bread, wheat, toasted') are too textually similar to the source description (0.62 vs 0.75 similarity) to place confidently",0.75,0.62,YES,,,,,,,,
ambiguous,0.62,01030231:PHYTCPP,"Wheat, semolina, raw",PHYTCPP,549.0,CORA DURUM WHEAT SEMOLINA,branded_food,fuzzy,"top two name-search candidates ('CORA DURUM WHEAT SEMOLINA', 'RAMDEV SEMOLINA') are too textually similar to the source description (0.62 vs 0.57 similarity) to place confidently",0.62,0.57,,,,,,,,,
ambiguous,0.62,01040046:PHYTCPPI,"Sorghum flour, Karamaka, whole grain, fermented, dried",PHYTCPPI,122.15859999999999,"Sorghum flour, whole-grain",sr_legacy_food,fuzzy,"top two name-search candidates ('Sorghum flour, whole-grain', 'Sorghum, whole grain, white, dry, raw') are too textually similar to the source description (0.62 vs 0.62 similarity) to place confidently",0.62,0.62,,,,,,,,,
ambiguous,0.62,01040063:PHYTCPPI,"Sorghum flour, Wad Ahmed, whole grain, fermented, dried",PHYTCPPI,123.10409999999997,"Sorghum flour, whole-grain",sr_legacy_food,fuzzy,"top two name-search candidates ('Sorghum flour, whole-grain', 'Sorghum, whole grain, white, dry, raw') are too textually similar to the source description (0.62 vs 0.61 similarity) to place confidently",0.62,0.61,,,,,,,,,
ambiguous,0.62,02010015:PHYT-,"Potato, Irish potato, raw",PHYT-,120.0,KEOGH'S IRISH POTATO CRISPS,branded_food,fuzzy,"top two name-search candidates (""KEOGH'S IRISH POTATO CRISPS"", 'Potatoes, raw, skin') are too textually similar to the source description (0.62 vs 0.55 similarity) to place confidently",0.62,0.55,,,,,,,,,
ambiguous,0.62,02040013:PHYTCPPI,"Yam, Raja aIa, raw",PHYTCPPI,39.431,"Yam, raw",sr_legacy_food,fuzzy,"top two name-search candidates ('Yam, raw', 'Yambean (jicama), raw') are too textually similar to the source description (0.62 vs 0.56 similarity) to place confidently",0.62,0.56,,,,,,,,,
ambiguous,0.62,02040017:PHYTCPPI,"Yam, Thambala, raw",PHYTCPPI,13.185,"Yam, raw",sr_legacy_food,fuzzy,"top two name-search candidates ('Yam, raw', 'Yambean (jicama), raw') are too textually similar to the source description (0.62 vs 0.62 similarity) to place confidently",0.62,0.62,,,,,,,,,
ambiguous,0.62,03010322:PHYTCPP,"Cowpea, IT 83s -797, raw",PHYTCPP,658.9602,"Cowpeas, leafy tips, raw",sr_legacy_food,fuzzy,"top two name-search candidates ('Cowpeas, leafy tips, raw', 'Cowpeas (blackeyes), immature seeds, raw') are too textually similar to the source description (0.62 vs 0.53 similarity) to place confidently",0.62,0.53,,,,,,,,,
ambiguous,0.62,03010326:PHYTCPPI,"Cowpea, IT82E-18, raw",PHYTCPPI,189.0,"Cowpeas, leafy tips, raw",sr_legacy_food,fuzzy,"top two name-search candidates ('Cowpeas, leafy tips, raw', 'Cowpeas (blackeyes), immature seeds, raw') are too textually similar to the source description (0.62 vs 0.52 similarity) to place confidently",0.62,0.52,,,,,,,,,
ambiguous,0.62,03010362:PHYTCPP,"Cowpea, TVx 3236, raw",PHYTCPP,791.595,"Cowpeas, leafy tips, raw",sr_legacy_food,fuzzy,"top two name-search candidates ('Cowpeas, leafy tips, raw', 'Cowpeas, catjang, mature seeds, raw') are too textually similar to the source description (0.62 vs 0.54 similarity) to place confidently",0.62,0.54,,,,,,,,,
ambiguous,0.62,03010363:PHYTCPPI,"Cowpea, TVx 3236, raw",PHYTCPPI,135.8112,"Cowpeas, leafy tips, raw",sr_legacy_food,fuzzy,"top two name-search candidates ('Cowpeas, leafy tips, raw', 'Cowpeas, catjang, mature seeds, raw') are too textually similar to the source description (0.62 vs 0.54 similarity) to place confidently",0.62,0.54,,,,,,,,,
ambiguous,0.62,03010529:PHYTCPPD,"Lupin flour, roasted",PHYTCPPD,188.7055,"Soy flour, full-fat, roasted",sr_legacy_food,fuzzy,"top two name-search candidates ('Soy flour, full-fat, roasted', 'Flour, rye') are too textually similar to the source description (0.62 vs 0.60 similarity) to place confidently",0.62,0.6,,,,,,,,,
ambiguous,0.62,03010530:PHYTCPPD,"Lupin flour, roasted",PHYTCPPD,195.72709999999998,"Soy flour, full-fat, roasted",sr_legacy_food,fuzzy,"top two name-search candidates ('Soy flour, full-fat, roasted', 'Flour, rye') are too textually similar to the source description (0.62 vs 0.60 similarity) to place confidently",0.62,0.6,,,,,,,,,
ambiguous,0.62,03010573:PPI,"Mung bean, PAU911, 12h germinated, raw",PPI,48.3882,"Mung beans, mature seeds, sprouted, raw",sr_legacy_food,fuzzy,"top two name-search candidates ('Mung beans, mature seeds, sprouted, raw', 'Mung beans, mature seeds, raw') are too textually similar to the source description (0.62 vs 0.63 similarity) to place confidently",0.63,0.62,YES,,,,,,,,
ambiguous,0.62,03010574:PPI,"Mung bean, PAU911, 16h germinated, raw",PPI,46.8384,"Mung beans, mature seeds, sprouted, raw",sr_legacy_food,fuzzy,"top two name-search candidates ('Mung beans, mature seeds, sprouted, raw', 'Mung beans, mature seeds, raw') are too textually similar to the source description (0.62 vs 0.63 similarity) to place confidently",0.63,0.62,YES,,,,,,,,
ambiguous,0.62,03010575:PPI,"Mung bean, PAU911, 20h germinated, raw",PPI,45.72625,"Mung beans, mature seeds, sprouted, raw",sr_legacy_food,fuzzy,"top two name-search candidates ('Mung beans, mature seeds, sprouted, raw', 'Mung beans, mature seeds, raw') are too textually similar to the source description (0.62 vs 0.63 similarity) to place confidently",0.63,0.62,YES,,,,,,,,
ambiguous,0.62,03010585:PHYTCPPI,"Mung bean, var. Giza-1, seed, water soaked, drained, boiled, dried",PHYTCPPI,381.9475,"Mung beans, mature seeds, sprouted, cooked, boiled, drained, with salt",sr_legacy_food,fuzzy,"top two name-search candidates ('Mung beans, mature seeds, sprouted, cooked, boiled, drained, with salt', 'Mung beans, mature seeds, sprouted, cooked, boiled, drained, without salt') are too textually similar to the source description (0.62 vs 0.60 similarity) to place confidently",0.62,0.6,,SPURIOUS_SALT_SUSPECT,,,,,,,
ambiguous,0.62,03010608:IP5_A_IP6,"Pea, field, whole grain, sun-dried",IP5_A_IP6,235.0,GREENFIELD'S WHOLE GRAIN WAFFLE,branded_food,fuzzy,"top two name-search candidates (""GREENFIELD'S WHOLE GRAIN WAFFLE"", ""Raley's WHOLE GRAIN PENNE"") are too textually similar to the source description (0.62 vs 0.54 similarity) to place confidently",0.62,0.54,,,,,,,,,
ambiguous,0.62,03010631:IP5,"Porridge, mung bean flour",IP5,17.302999999999997,ORGANIC MUNG BEAN,branded_food,fuzzy,"top two name-search candidates ('ORGANIC MUNG BEAN', 'PRODUCTOS MAYA LIMA BEAN FLOUR') are too textually similar to the source description (0.62 vs 0.58 similarity) to place confidently",0.62,0.58,,,,,,,,,
ambiguous,0.62,03010631:IP6,"Porridge, mung bean flour",IP6,83.08299999999997,ORGANIC MUNG BEAN,branded_food,fuzzy,"top two name-search candidates ('ORGANIC MUNG BEAN', 'PRODUCTOS MAYA LIMA BEAN FLOUR') are too textually similar to the source description (0.62 vs 0.58 similarity) to place confidently",0.62,0.58,,,,,,,,,
ambiguous,0.62,03010631:IP5_A_IP6,"Porridge, mung bean flour",IP5_A_IP6,100.38599999999997,ORGANIC MUNG BEAN,branded_food,fuzzy,"top two name-search candidates ('ORGANIC MUNG BEAN', 'PRODUCTOS MAYA LIMA BEAN FLOUR') are too textually similar to the source description (0.62 vs 0.58 similarity) to place confidently",0.62,0.58,,,,,,,,,
ambiguous,0.62,03010634:PHYTCPP,"Rajmah, red, raw",PHYTCPP,465.0,"Onions, red, raw",foundation_food,fuzzy,"top two name-search candidates ('Onions, red, raw', 'Radishes, red, raw') are too textually similar to the source description (0.62 vs 0.76 similarity) to place confidently",0.76,0.62,YES,,,,,,,,
ambiguous,0.62,03020174:PHYTCPP,"Tofu, prepared with CaSO4, Pete's brand",PHYTCPP,89.0,"Tofu, fried, prepared with calcium sulfate",sr_legacy_food,fuzzy,"top two name-search candidates ('Tofu, fried, prepared with calcium sulfate', 'Tofu, raw, firm, prepared with calcium sulfate') are too textually similar to the source description (0.62 vs 0.59 similarity) to place confidently",0.62,0.59,,,,,,,,,
ambiguous,0.62,03020175:PHYTCPP,"Tofu, prepared with CaSO4, Pete's brand",PHYTCPP,100.0,"Tofu, fried, prepared with calcium sulfate",sr_legacy_food,fuzzy,"top two name-search candidates ('Tofu, fried, prepared with calcium sulfate', 'Tofu, raw, firm, prepared with calcium sulfate') are too textually similar to the source description (0.62 vs 0.59 similarity) to place confidently",0.62,0.59,,,,,,,,,
ambiguous,0.62,03020193:PHYTCPP,"Tofu, soft,  prepared with CaCl2, Mori-Nu brand",PHYTCPP,174.0,"Tofu, soft, prepared with calcium sulfate and magnesium chloride (nigari)",sr_legacy_food,fuzzy,"top two name-search candidates ('Tofu, soft, prepared with calcium sulfate and magnesium chloride (nigari)', 'Tofu, hard, prepared with nigari') are too textually similar to the source description (0.62 vs 0.63 similarity) to place confidently",0.63,0.62,YES,,,,,,,,
ambiguous,0.62,03020194:PHYTCPP,"Tofu, soft, prepared with CaCl2, Mori-Nu brand",PHYTCPP,210.0,"Tofu, soft, prepared with calcium sulfate and magnesium chloride (nigari)",sr_legacy_food,fuzzy,"top two name-search candidates ('Tofu, soft, prepared with calcium sulfate and magnesium chloride (nigari)', 'Tofu, hard, prepared with nigari') are too textually similar to the source description (0.62 vs 0.64 similarity) to place confidently",0.64,0.62,YES,,,,,,,,
ambiguous,0.62,04010077:PHYTCPP,"Bottle gourd, leaves, raw",PHYTCPP,3.0,"Grape leaves, raw",sr_legacy_food,fuzzy,"top two name-search candidates ('Grape leaves, raw', 'Taro leaves, raw') are too textually similar to the source description (0.62 vs 0.63 similarity) to place confidently",0.63,0.62,YES,,,,,,,,
ambiguous,0.62,04010103:PHYTCPPI,"Cassava, mature leaves, raw",PHYTCPPI,0.0,"Cassava, raw",sr_legacy_food,fuzzy,"top two name-search candidates ('Cassava, raw', 'Carrots, mature, raw') are too textually similar to the source description (0.62 vs 0.68 similarity) to place confidently",0.68,0.62,YES,,,,,,,,
ambiguous,0.62,04010106:PHYTCPPI,"Cassia, leaves, fresh, raw",PHYTCPPI,80.0,"Taro leaves, raw",sr_legacy_food,fuzzy,"top two name-search candidates ('Taro leaves, raw', 'Fireweed, leaves, raw') are too textually similar to the source description (0.62 vs 0.60 similarity) to place confidently",0.62,0.6,,,,,,,,,
ambiguous,0.62,04010168:IP5,"Leadtree, raw",IP5,4.0,"Taro leaves, raw",sr_legacy_food,fuzzy,"top two name-search candidates ('Taro leaves, raw', 'Lentils, raw') are too textually similar to the source description (0.62 vs 0.64 similarity) to place confidently",0.64,0.62,YES,,,,,,,,
ambiguous,0.62,04010168:IP6,"Leadtree, raw",IP6,23.0,"Taro leaves, raw",sr_legacy_food,fuzzy,"top two name-search candidates ('Taro leaves, raw', 'Lentils, raw') are too textually similar to the source description (0.62 vs 0.64 similarity) to place confidently",0.64,0.62,YES,,,,,,,,
ambiguous,0.62,04010168:IP5_A_IP6,"Leadtree, raw",IP5_A_IP6,27.0,"Taro leaves, raw",sr_legacy_food,fuzzy,"top two name-search candidates ('Taro leaves, raw', 'Lentils, raw') are too textually similar to the source description (0.62 vs 0.64 similarity) to place confidently",0.64,0.62,YES,,,,,,,,
ambiguous,0.62,04010258:IP6,"Yellow sawah lettuce, leaves, raw",IP6,4.884,"Lettuce, red leaf, raw",sr_legacy_food,fuzzy,"top two name-search candidates ('Lettuce, red leaf, raw', 'Lettuce, leaf, red, raw') are too textually similar to the source description (0.62 vs 0.64 similarity) to place confidently",0.64,0.62,YES,,,,,,,,
ambiguous,0.62,04020007:PHYTCPP,"Pumpkin, orange, round, raw",PHYTCPP,19.72,"Pumpkin, raw",sr_legacy_food,fuzzy,"top two name-search candidates ('Pumpkin, raw', 'Orange peel, raw') are too textually similar to the source description (0.62 vs 0.56 similarity) to place confidently",0.62,0.56,,,,,,,,,
ambiguous,0.62,04020007:IP5,"Pumpkin, orange, round, raw",IP5,2.0,"Pumpkin, raw",sr_legacy_food,fuzzy,"top two name-search candidates ('Pumpkin, raw', 'Orange peel, raw') are too textually similar to the source description (0.62 vs 0.56 similarity) to place confidently",0.62,0.56,,,,,,,,,
ambiguous,0.62,04020007:IP6,"Pumpkin, orange, round, raw",IP6,3.0,"Pumpkin, raw",sr_legacy_food,fuzzy,"top two name-search candidates ('Pumpkin, raw', 'Orange peel, raw') are too textually similar to the source description (0.62 vs 0.56 similarity) to place confidently",0.62,0.56,,,,,,,,,
ambiguous,0.62,04020007:IP5_A_IP6,"Pumpkin, orange, round, raw",IP5_A_IP6,5.0,"Pumpkin, raw",sr_legacy_food,fuzzy,"top two name-search candidates ('Pumpkin, raw', 'Orange peel, raw') are too textually similar to the source description (0.62 vs 0.56 similarity) to place confidently",0.62,0.56,,,,,,,,,
ambiguous,0.62,04030021:IP5,"Cucumber, bitter, boiled",IP5,2.0,"Cucumber, peeled, raw",sr_legacy_food,fuzzy,"top two name-search candidates ('Cucumber, peeled, raw', 'CUCUMBER SALAD') are too textually similar to the source description (0.62 vs 0.58 similarity) to place confidently",0.62,0.58,,,,,,,,,
ambiguous,0.62,04030021:IP6,"Cucumber, bitter, boiled",IP6,9.0,"Cucumber, peeled, raw",sr_legacy_food,fuzzy,"top two name-search candidates ('Cucumber, peeled, raw', 'CUCUMBER SALAD') are too textually similar to the source description (0.62 vs 0.58 similarity) to place confidently",0.62,0.58,,,,,,,,,
ambiguous,0.62,04030021:IP5_A_IP6,"Cucumber, bitter, boiled",IP5_A_IP6,11.0,"Cucumber, peeled, raw",sr_legacy_food,fuzzy,"top two name-search candidates ('Cucumber, peeled, raw', 'CUCUMBER SALAD') are too textually similar to the source description (0.62 vs 0.58 similarity) to place confidently",0.62,0.58,,,,,,,,,
ambiguous,0.62,04030065:PHYTCPPD,"Mushroom, 'Agaricus bisporus', raw",PHYTCPPD,3.220749999999999,"Mushrooms, morel, raw",sr_legacy_food,fuzzy,"top two name-search candidates ('Mushrooms, morel, raw', 'Mushrooms, enoki, raw') are too textually similar to the source description (0.62 vs 0.58 similarity) to place confidently",0.62,0.58,,,,,,,,,
ambiguous,0.62,05010028:PHYTCPP,"Musk melon, yellow flesh, raw",PHYTCPP,11.11,"Onions, yellow, raw",foundation_food,fuzzy,"top two name-search candidates ('Onions, yellow, raw', 'Peaches, yellow, raw') are too textually similar to the source description (0.62 vs 0.57 similarity) to place confidently",0.62,0.57,,,,,,,,,
ambiguous,0.62,05020024:PHYTCPP,"Custard apple, raw",PHYTCPP,15.22,"Custard-apple, (bullock's-heart), raw",sr_legacy_food,fuzzy,"top two name-search candidates (""Custard-apple, (bullock's-heart), raw"", 'Rose-apples, raw') are too textually similar to the source description (0.62 vs 0.65 similarity) to place confidently",0.65,0.62,YES,,,,,,,,
ambiguous,0.62,05010005:IP5,"Banana, boiled",IP5,1.0,BANANA CHIPS,branded_food,fuzzy,"top two name-search candidates ('BANANA CHIPS', 'BANANA  MUFFINS') are too textually similar to the source description (0.62 vs 0.55 similarity) to place confidently",0.62,0.55,,,,,,,,,
ambiguous,0.62,05010005:IP6,"Banana, boiled",IP6,3.0,BANANA CHIPS,branded_food,fuzzy,"top two name-search candidates ('BANANA CHIPS', 'BANANA  MUFFINS') are too textually similar to the source description (0.62 vs 0.55 similarity) to place confidently",0.62,0.55,,,,,,,,,
ambiguous,0.62,05010005:IP5_A_IP6,"Banana, boiled",IP5_A_IP6,4.0,BANANA CHIPS,branded_food,fuzzy,"top two name-search candidates ('BANANA CHIPS', 'BANANA  MUFFINS') are too textually similar to the source description (0.62 vs 0.55 similarity) to place confidently",0.62,0.55,,,,,,,,,
ambiguous,0.62,06010054:PHYTCPPI,"Fluted pumpkin, mature seed, raw",PHYTCPPI,24.25332,"Fish, sunfish, pumpkin seed, raw",sr_legacy_food,fuzzy,"top two name-search candidates ('Fish, sunfish, pumpkin seed, raw', 'Peas, mature seeds, sprouted, raw') are too textually similar to the source description (0.62 vs 0.58 similarity) to place confidently",0.62,0.58,,PLANT_TO_ANIMAL_SUSPECT,,,,,,,
ambiguous,0.62,06010075:PHYTCPPI,"Guava, seed, dried",PHYTCPPI,251.575422,"Seeds, chia seeds, dried",sr_legacy_food,fuzzy,"top two name-search candidates ('Seeds, chia seeds, dried', 'Seeds, lotus seeds, dried') are too textually similar to the source description (0.62 vs 0.60 similarity) to place confidently",0.62,0.6,,,,,,,,,
ambiguous,0.62,06010108:PHYT-,"Melon, seed kernel, germinated, sun-dried",PHYT-,264.0,"Seeds, watermelon seed kernels, dried",sr_legacy_food,fuzzy,"top two name-search candidates ('Seeds, watermelon seed kernels, dried', 'Seeds, sunflower seed kernels, dried') are too textually similar to the source description (0.62 vs 0.57 similarity) to place confidently",0.62,0.57,,,,,,,,,
ambiguous,0.62,06010109:PHYT-,"Melon, seed kernel, germinated, sun-dried",PHYT-,354.0,"Seeds, watermelon seed kernels, dried",sr_legacy_food,fuzzy,"top two name-search candidates ('Seeds, watermelon seed kernels, dried', 'Seeds, sunflower seed kernels, dried') are too textually similar to the source description (0.62 vs 0.57 similarity) to place confidently",0.62,0.57,,,,,,,,,
ambiguous,0.62,06010110:PHYT-,"Melon, seed kernel, germinated, sun-dried",PHYT-,308.0,"Seeds, watermelon seed kernels, dried",sr_legacy_food,fuzzy,"top two name-search candidates ('Seeds, watermelon seed kernels, dried', 'Seeds, sunflower seed kernels, dried') are too textually similar to the source description (0.62 vs 0.57 similarity) to place confidently",0.62,0.57,,,,,,,,,
ambiguous,0.62,15010034:PHYTCPP,"Clove, seed, dried",PHYTCPP,877.243,"Seeds, chia seeds, dried",sr_legacy_food,fuzzy,"top two name-search candidates ('Seeds, chia seeds, dried', 'Seeds, lotus seeds, dried') are too textually similar to the source description (0.62 vs 0.65 similarity) to place confidently",0.65,0.62,YES,,,,,,,,
ambiguous,0.62,15010038:PHYTCPP,"Coriander, seeds, dried",PHYTCPP,1008.0,"Spices, coriander seed",sr_legacy_food,fuzzy,"top two name-search candidates ('Spices, coriander seed', 'Spices, coriander leaf, dried') are too textually similar to the source description (0.62 vs 0.69 similarity) to place confidently",0.69,0.62,YES,,,,,,,,
ambiguous,0.62,15010079:PHYTCPP,"Poppy seeds, dried",PHYTCPP,1109.0,"Seeds, chia seeds, dried",sr_legacy_food,fuzzy,"top two name-search candidates ('Seeds, chia seeds, dried', 'Seeds, lotus seeds, dried') are too textually similar to the source description (0.62 vs 0.65 similarity) to place confidently",0.65,0.62,YES,,,,,,,,
ambiguous,0.62,16010025:PHYTCPPD,"Infant flour, balls",PHYTCPPD,68.0,"Flour, barley",foundation_food,fuzzy,"top two name-search candidates ('Flour, barley', 'InfantBrace LLC FLOUR TORTILLAS, FLOUR') are too textually similar to the source description (0.62 vs 0.53 similarity) to place confidently",0.62,0.53,,,,,,,,,
ambiguous,0.61,01020037:IP6,"Corn, LH82xB73, raw",IP6,882.2,"Cornsalad, raw",sr_legacy_food,fuzzy,"top two name-search candidates ('Cornsalad, raw', 'Corn, sweet, white, raw') are too textually similar to the source description (0.61 vs 0.57 similarity) to place confidently",0.61,0.57,,,,,,,,,
ambiguous,0.61,01020038:IP6,"Corn, LH82xB73, raw",IP6,645.33,"Cornsalad, raw",sr_legacy_food,fuzzy,"top two name-search candidates ('Cornsalad, raw', 'Corn, sweet, white, raw') are too textually similar to the source description (0.61 vs 0.57 similarity) to place confidently",0.61,0.57,,,,,,,,,
ambiguous,0.61,01060003:PHYTCPPI,"Amaranth, Centenario, grain, extruded",PHYTCPPI,230.0,"Amaranth grain, cooked",sr_legacy_food,fuzzy,"top two name-search candidates ('Amaranth grain, cooked', 'Amaranth grain, uncooked') are too textually similar to the source description (0.61 vs 0.62 similarity) to place confidently",0.62,0.61,YES,,,,,,,,
ambiguous,0.61,02010006:PHYTCPP,"Potato, brown skin, small, raw",PHYTCPP,62.58,"Potatoes, raw, skin",sr_legacy_food,fuzzy,"top two name-search candidates ('Potatoes, raw, skin', 'Potatoes, flesh and skin, raw') are too textually similar to the source description (0.61 vs 0.64 similarity) to place confidently",0.64,0.61,YES,,,,,,,,
ambiguous,0.61,03010324:PHYTCPPI,"Cowpea, IT81D-699, raw",PHYTCPPI,103.8202,"Cowpeas, leafy tips, raw",sr_legacy_food,fuzzy,"top two name-search candidates ('Cowpeas, leafy tips, raw', 'Cowpeas (blackeyes), immature seeds, raw') are too textually similar to the source description (0.61 vs 0.52 similarity) to place confidently",0.61,0.52,,,,,,,,,
ambiguous,0.61,03010327:PHYTCPP,"Cowpea, IT84E/108, raw",PHYTCPP,723.385,"Cowpeas, leafy tips, raw",sr_legacy_food,fuzzy,"top two name-search candidates ('Cowpeas, leafy tips, raw', 'Cowpeas (blackeyes), immature seeds, raw') are too textually similar to the source description (0.61 vs 0.52 similarity) to place confidently",0.61,0.52,,,,,,,,,
ambiguous,0.61,03010532:PHYTCPPI,"Lupin, Bitter, seed, water-soaked, boiled, oven-dried, milled",PHYTCPPI,610.454,"Lupins, mature seeds, cooked, boiled, with salt",sr_legacy_food,fuzzy,"top two name-search candidates ('Lupins, mature seeds, cooked, boiled, with salt', 'Lupins, mature seeds, cooked, boiled, without salt') are too textually similar to the source description (0.61 vs 0.59 similarity) to place confidently",0.61,0.59,,SPURIOUS_SALT_SUSPECT,,,,,,,
ambiguous,0.61,03010532:PPI,"Lupin, Bitter, seed, water-soaked, boiled, oven-dried, milled",PPI,172.1498,"Lupins, mature seeds, cooked, boiled, with salt",sr_legacy_food,fuzzy,"top two name-search candidates ('Lupins, mature seeds, cooked, boiled, with salt', 'Lupins, mature seeds, cooked, boiled, without salt') are too textually similar to the source description (0.61 vs 0.59 similarity) to place confidently",0.61,0.59,,SPURIOUS_SALT_SUSPECT,,,,,,,
ambiguous,0.61,03010624:PHYT-,Pigeon pea flour,PHYT-,1831.1328,GREEN PIGEON PEAS,branded_food,fuzzy,"top two name-search candidates ('GREEN PIGEON PEAS', 'THE PERU CHEF PEA FLOUR') are too textually similar to the source description (0.61 vs 0.62 similarity) to place confidently",0.62,0.61,YES,,,,,,,,
ambiguous,0.61,03010663:PHYTCPPD,"Rice bean, RBL-6, seeds, light brown, boiled, drained",PHYTCPPD,916.0409999999999,"Lima beans, immature seeds, cooked, boiled, drained, with salt",sr_legacy_food,fuzzy,"top two name-search candidates ('Lima beans, immature seeds, cooked, boiled, drained, with salt', 'Winged bean, immature seeds, cooked, boiled, drained, with salt') are too textually similar to the source description (0.61 vs 0.62 similarity) to place confidently",0.62,0.61,YES,SPURIOUS_SALT_SUSPECT,,,,,,,
ambiguous,0.61,03020031:PHYTCPPD,"Soybean, Asmara, beginning maturity seed (4 weeks), raw",PHYTCPPD,342.316,"Soybeans, mature seeds, raw",sr_legacy_food,fuzzy,"top two name-search candidates ('Soybeans, mature seeds, raw', 'Winged beans, mature seeds, raw') are too textually similar to the source description (0.61 vs 0.51 similarity) to place confidently",0.61,0.51,,,,,,,,,
ambiguous,0.61,03020032:PHYTCPPD,"Soybean, Asmara, beginning maturity seed (5 weeks), raw",PHYTCPPD,626.5840000000001,"Soybeans, mature seeds, raw",sr_legacy_food,fuzzy,"top two name-search candidates ('Soybeans, mature seeds, raw', 'Winged beans, mature seeds, raw') are too textually similar to the source description (0.61 vs 0.51 similarity) to place confidently",0.61,0.51,,,,,,,,,
ambiguous,0.61,04010171:PHYTCPPI,"Lion's tail, leaves, wild, raw",PHYTCPPI,3.0044099999999996,"Taro leaves, raw",sr_legacy_food,fuzzy,"top two name-search candidates ('Taro leaves, raw', 'Winged bean leaves, raw') are too textually similar to the source description (0.61 vs 0.60 similarity) to place confidently",0.61,0.6,,,,,,,,,
ambiguous,0.61,05020029:PHYTCPPD,"Fragrant manjack, wihout seeds, raw",PHYTCPPD,92.3,"Beans, black, mature seeds, raw",sr_legacy_food,fuzzy,"top two name-search candidates ('Beans, black, mature seeds, raw', 'Beans, french, mature seeds, raw') are too textually similar to the source description (0.61 vs 0.54 similarity) to place confidently",0.61,0.54,,,,,,,,,
ambiguous,0.61,05020049:PHYTCPPD,"Jujube, wihout seeds, raw",PHYTCPPD,15.8,"Jujube, raw",sr_legacy_food,fuzzy,"top two name-search candidates ('Jujube, raw', 'Seeds, lotus seeds, raw') are too textually similar to the source description (0.61 vs 0.67 similarity) to place confidently",0.67,0.61,YES,,,,,,,,
ambiguous,0.61,05020049:PPD,"Jujube, wihout seeds, raw",PPD,4.4,"Jujube, raw",sr_legacy_food,fuzzy,"top two name-search candidates ('Jujube, raw', 'Seeds, lotus seeds, raw') are too textually similar to the source description (0.61 vs 0.67 similarity) to place confidently",0.67,0.61,YES,,,,,,,,
ambiguous,0.61,05020064:PHYT-,"Quince, OHM2, fruit, raw",PHYT-,261.0,"Quinces, raw",sr_legacy_food,fuzzy,"top two name-search candidates ('Quinces, raw', 'Chayote, fruit, raw') are too textually similar to the source description (0.61 vs 0.65 similarity) to place confidently",0.65,0.61,YES,,,,,,,,
ambiguous,0.61,06010041:PP-,"Chicory, seed flour, defatted",PP-,41.90599999999999,"Flour, soy, defatted",foundation_food,fuzzy,"top two name-search candidates ('Flour, soy, defatted', 'Soy flour, defatted') are too textually similar to the source description (0.61 vs 0.75 similarity) to place confidently",0.75,0.61,YES,,,,,,,,
ambiguous,0.61,06010096:PHYTCPPI,"Lotus, seed, dehulled, raw",PHYTCPPI,339.475,"Seeds, lotus seeds, raw",sr_legacy_food,fuzzy,"top two name-search candidates ('Seeds, lotus seeds, raw', 'Seeds, lotus seeds, dried') are too textually similar to the source description (0.61 vs 0.59 similarity) to place confidently",0.61,0.59,,,,,,,,,
ambiguous,0.61,06010163:PHYTCPPI,"Sesame seed, raw",PHYTCPPI,0.0,ROUNDY'S SESAME SEED,branded_food,fuzzy,"top two name-search candidates (""ROUNDY'S SESAME SEED"", 'HULLED SESAME SEEDS') are too textually similar to the source description (0.61 vs 0.63 similarity) to place confidently",0.63,0.61,YES,,,,,,,,
ambiguous,0.61,06010169:PHYTCPPD,"Sicklepod, seed, dried",PHYTCPPD,240.5,"Seeds, chia seeds, dried",sr_legacy_food,fuzzy,"top two name-search candidates ('Seeds, chia seeds, dried', 'Seeds, lotus seeds, dried') are too textually similar to the source description (0.61 vs 0.64 similarity) to place confidently",0.64,0.61,YES,,,,,,,,
ambiguous,0.61,15010004:PHYTCPP,"African basil, leaves, raw",PHYTCPP,1.814800000000001,"Winged bean leaves, raw",sr_legacy_food,fuzzy,"top two name-search candidates ('Winged bean leaves, raw', 'Taro leaves, raw') are too textually similar to the source description (0.61 vs 0.67 similarity) to place confidently",0.67,0.61,YES,LEAFY_GREEN_GARBAGE_BUCKET_SUSPECT,,,,,,,
ambiguous,0.61,15010063:IP6,"Heartleaf houttuynia, leaves, raw",IP6,35.838,"Taro leaves, raw",sr_legacy_food,fuzzy,"top two name-search candidates ('Taro leaves, raw', 'Grape leaves, raw') are too textually similar to the source description (0.61 vs 0.52 similarity) to place confidently",0.61,0.52,,LEAFY_GREEN_GARBAGE_BUCKET_SUSPECT,,,,,,,
ambiguous,0.60,01010047:PHYTCPPD,"Rice bran, raw",PHYTCPPD,4282.0,"Bread, rice bran",sr_legacy_food,fuzzy,"top two name-search candidates ('Bread, rice bran', 'Oat bran, raw') are too textually similar to the source description (0.60 vs 0.74 similarity) to place confidently",0.74,0.6,YES,,,,,,,,
ambiguous,0.60,01010048:PHYTCPP,"Rice bran, raw",PHYTCPP,882.0,"Bread, rice bran",sr_legacy_food,fuzzy,"top two name-search candidates ('Bread, rice bran', 'Oat bran, raw') are too textually similar to the source description (0.60 vs 0.74 similarity) to place confidently",0.74,0.6,YES,,,,,,,,
ambiguous,0.60,01010045:PHYTCPP,"Rice bran, raw",PHYTCPP,468.9,"Bread, rice bran",sr_legacy_food,fuzzy,"top two name-search candidates ('Bread, rice bran', 'Oat bran, raw') are too textually similar to the source description (0.60 vs 0.74 similarity) to place confidently",0.74,0.6,YES,,,,,,,,
ambiguous,0.60,01010049:PHYTCPPD,"Rice bran, raw",PHYTCPPD,655.0,"Bread, rice bran",sr_legacy_food,fuzzy,"top two name-search candidates ('Bread, rice bran', 'Oat bran, raw') are too textually similar to the source description (0.60 vs 0.74 similarity) to place confidently",0.74,0.6,YES,,,,,,,,
ambiguous,0.60,01010046:PHYTCPPD,"Rice bran, raw",PHYTCPPD,4282.0,"Bread, rice bran",sr_legacy_food,fuzzy,"top two name-search candidates ('Bread, rice bran', 'Oat bran, raw') are too textually similar to the source description (0.60 vs 0.74 similarity) to place confidently",0.74,0.6,YES,,,,,,,,
ambiguous,0.60,01010083:PHYTCPPD,"Rice, Bg403, raw",PHYTCPPD,258.72,"Wild rice, raw",sr_legacy_food,fuzzy,"top two name-search candidates ('Wild rice, raw', 'Wild rice, dry, raw') are too textually similar to the source description (0.60 vs 0.63 similarity) to place confidently",0.63,0.6,YES,,,,,,,,
ambiguous,0.60,01010091:PHYTCPP,"Rice, BR-28, parboiled, milled",PHYTCPP,99.0,"ARROZ ARROZ, PARBOILED RICE",branded_food,fuzzy,"top two name-search candidates ('ARROZ ARROZ, PARBOILED RICE', 'CONCHITA PARBOILED RICE') are too textually similar to the source description (0.60 vs 0.53 similarity) to place confidently",0.6,0.53,,,,,,,,,
ambiguous,0.60,01010108:PHYTC-,"Rice, Goami, raw",PHYTC-,31.54,"Wild rice, raw",sr_legacy_food,fuzzy,"top two name-search candidates ('Wild rice, raw', 'Wild rice, dry, raw') are too textually similar to the source description (0.60 vs 0.63 similarity) to place confidently",0.63,0.6,YES,,,,,,,,
ambiguous,0.60,01010312:PHYTCPP,"Rice, parboiled, milled",PHYTCPP,274.0,"ARROZ ARROZ, PARBOILED RICE",branded_food,fuzzy,"top two name-search candidates ('ARROZ ARROZ, PARBOILED RICE', 'CONCHITA PARBOILED RICE') are too textually similar to the source description (0.60 vs 0.61 similarity) to place confidently",0.61,0.6,YES,,,,,,,,
ambiguous,0.60,01020035:PHYTCPP,"Corn, flake, raw",PHYTCPP,275.0,"CORN FLAKES CEREAL, CORN FLAKES",branded_food,fuzzy,"top two name-search candidates ('CORN FLAKES CEREAL, CORN FLAKES', 'Iga, Inc. CORN FLAKES') are too textually similar to the source description (0.60 vs 0.54 similarity) to place confidently",0.6,0.54,,,,,,,,,
ambiguous,0.60,01030045:PHYTC-,"Bread, wheaten, malted wheat",PHYTC-,187.0,"Bread, wheat",sr_legacy_food,fuzzy,"top two name-search candidates ('Bread, wheat', 'Bread, wheat, toasted') are too textually similar to the source description (0.60 vs 0.73 similarity) to place confidently",0.73,0.6,YES,,,,,,,,
ambiguous,0.60,01030072:PHYTCPP,"Bread, whole wheat-based, steamed",PHYTCPP,173.0,WHOLE WHEAT BREAD,branded_food,fuzzy,"top two name-search candidates ('WHOLE WHEAT BREAD', '100% WHOLE WHEAT BREAD, 100% WHOLE WHEAT') are too textually similar to the source description (0.60 vs 0.52 similarity) to place confidently",0.6,0.52,,,,,,,,,
ambiguous,0.60,01040015:PHYTCPPI,"Sorghum flour, Dabar, whole grain, 10KGy irradiated, dried",PHYTCPPI,207.23469,"Sorghum flour, whole-grain",sr_legacy_food,fuzzy,"top two name-search candidates ('Sorghum flour, whole-grain', 'Sorghum, whole grain, white, dry, raw') are too textually similar to the source description (0.60 vs 0.61 similarity) to place confidently",0.61,0.6,YES,,,,,,,,
ambiguous,0.60,01040019:PHYTCPPI,"Sorghum flour, Dabar, whole grain, 15KGy irradiated, dried",PHYTCPPI,203.462145,"Sorghum flour, whole-grain",sr_legacy_food,fuzzy,"top two name-search candidates ('Sorghum flour, whole-grain', 'Sorghum, whole grain, white, dry, raw') are too textually similar to the source description (0.60 vs 0.61 similarity) to place confidently",0.61,0.6,YES,,,,,,,,
ambiguous,0.60,01040023:PHYTCPPI,"Sorghum flour, Dabar, whole grain, 5KGy irradiated, dried",PHYTCPPI,217.04898,"Sorghum flour, whole-grain",sr_legacy_food,fuzzy,"top two name-search candidates ('Sorghum flour, whole-grain', 'Sorghum, whole grain, white, dry, raw') are too textually similar to the source description (0.60 vs 0.62 similarity) to place confidently",0.62,0.6,YES,,,,,,,,
ambiguous,0.60,01050175:PHYTCPPI,"Pearl millet flour, IS 89111",PHYTCPPI,401.778,Millet flour,sr_legacy_food,fuzzy,"top two name-search candidates ('Millet flour', 'NAMASTE MILLET FLOUR') are too textually similar to the source description (0.60 vs 0.58 similarity) to place confidently",0.6,0.58,,,,,,,,,
ambiguous,0.60,01050176:PHYTCPPI,"Pearl millet flour, IS 91333",PHYTCPPI,720.27,Millet flour,sr_legacy_food,fuzzy,"top two name-search candidates ('Millet flour', 'NAMASTE MILLET FLOUR') are too textually similar to the source description (0.60 vs 0.58 similarity) to place confidently",0.6,0.58,,,,,,,,,
ambiguous,0.60,01050177:PHYTCPPI,"Pearl millet flour, IS 91666",PHYTCPPI,474.88,Millet flour,sr_legacy_food,fuzzy,"top two name-search candidates ('Millet flour', 'NAMASTE MILLET FLOUR') are too textually similar to the source description (0.60 vs 0.58 similarity) to place confidently",0.6,0.58,,,,,,,,,
ambiguous,0.60,01050178:PHYTCPPI,"Pearl millet flour, IS 91777",PHYTCPPI,555.582,Millet flour,sr_legacy_food,fuzzy,"top two name-search candidates ('Millet flour', 'NAMASTE MILLET FLOUR') are too textually similar to the source description (0.60 vs 0.58 similarity) to place confidently",0.6,0.58,,,,,,,,,
ambiguous,0.60,01060005:PHYTCPPI,"Amaranth, Oscar Blanco, grain, extruded",PHYTCPPI,280.0,"Amaranth grain, uncooked",sr_legacy_food,fuzzy,"top two name-search candidates ('Amaranth grain, uncooked', 'Amaranth grain, cooked') are too textually similar to the source description (0.60 vs 0.59 similarity) to place confidently",0.6,0.59,,,,,,,,,
ambiguous,0.60,01060040:PP-,"Barley, M955, whole grain, raw",PP-,130.0,NOVA WHOLE GRAIN BAR,branded_food,fuzzy,"top two name-search candidates ('NOVA WHOLE GRAIN BAR', 'NOVA WHOLE GRAIN BARS') are too textually similar to the source description (0.60 vs 0.59 similarity) to place confidently",0.6,0.59,,,,,,,,,
ambiguous,0.60,03010045:PHYTCPP,"Bean starch, vermicelli",PHYTCPP,0.0,LUXURY VERMICELLI,branded_food,fuzzy,"top two name-search candidates ('LUXURY VERMICELLI', 'ERAWAN RICE VERMICELLI') are too textually similar to the source description (0.60 vs 0.76 similarity) to place confidently",0.76,0.6,YES,,,,,,,,
ambiguous,0.60,03010175:IP3,"Chickpea, var. Castellano, seed, water-soaked, drained, dried",IP3,19.0,"Cherries, sour, canned, water pack, drained",sr_legacy_food,fuzzy,"top two name-search candidates ('Cherries, sour, canned, water pack, drained', 'Chickpeas (garbanzo beans, bengal gram), mature seeds, canned, drained, rinsed in tap water') are too textually similar to the source description (0.60 vs 0.54 similarity) to place confidently",0.6,0.54,,,,,,,,,
ambiguous,0.60,03010175:IP4,"Chickpea, var. Castellano, seed, water-soaked, drained, dried",IP4,38.0,"Cherries, sour, canned, water pack, drained",sr_legacy_food,fuzzy,"top two name-search candidates ('Cherries, sour, canned, water pack, drained', 'Chickpeas (garbanzo beans, bengal gram), mature seeds, canned, drained, rinsed in tap water') are too textually similar to the source description (0.60 vs 0.54 similarity) to place confidently",0.6,0.54,,,,,,,,,
ambiguous,0.60,03010175:IP5,"Chickpea, var. Castellano, seed, water-soaked, drained, dried",IP5,165.0,"Cherries, sour, canned, water pack, drained",sr_legacy_food,fuzzy,"top two name-search candidates ('Cherries, sour, canned, water pack, drained', 'Chickpeas (garbanzo beans, bengal gram), mature seeds, canned, drained, rinsed in tap water') are too textually similar to the source description (0.60 vs 0.54 similarity) to place confidently",0.6,0.54,,,,,,,,,
ambiguous,0.60,03010175:IP6,"Chickpea, var. Castellano, seed, water-soaked, drained, dried",IP6,733.0,"Cherries, sour, canned, water pack, drained",sr_legacy_food,fuzzy,"top two name-search candidates ('Cherries, sour, canned, water pack, drained', 'Chickpeas (garbanzo beans, bengal gram), mature seeds, canned, drained, rinsed in tap water') are too textually similar to the source description (0.60 vs 0.54 similarity) to place confidently",0.6,0.54,,,,,,,,,
ambiguous,0.60,03010321:PHYTCPP,"Cowpea, IT 81D-975, raw",PHYTCPP,879.5336,"Cowpeas, leafy tips, raw",sr_legacy_food,fuzzy,"top two name-search candidates ('Cowpeas, leafy tips, raw', 'Cowpeas (blackeyes), immature seeds, raw') are too textually similar to the source description (0.60 vs 0.54 similarity) to place confidently",0.6,0.54,,,,,,,,,
ambiguous,0.60,03010609:PHYTCPP,"Pea, Finale, whole seed, dried",PHYTCPP,835.66,"Seeds, sesame seeds, whole, dried",sr_legacy_food,fuzzy,"top two name-search candidates ('Seeds, sesame seeds, whole, dried', 'Egg, whole, dried') are too textually similar to the source description (0.60 vs 0.64 similarity) to place confidently",0.64,0.6,YES,,,,,,,,
ambiguous,0.60,03010662:PHYTCPPD,"Rice bean, RBL-6, seed, light brown, raw",PHYTCPPD,1768.52,RECESELECT LIGHT BROWN RICE,branded_food,fuzzy,"top two name-search candidates ('RECESELECT LIGHT BROWN RICE', 'Specialty Rice Inc LIGHT BROWN RICE') are too textually similar to the source description (0.60 vs 0.53 similarity) to place confidently",0.6,0.53,,,,,,,,,
ambiguous,0.60,03020055:PHYTCPPD,"Soybean, Mooncake, beginning maturity seed (5 weeks), raw",PHYTCPPD,449.23,"Soybeans, mature seeds, raw",sr_legacy_food,fuzzy,"top two name-search candidates ('Soybeans, mature seeds, raw', 'Winged beans, mature seeds, raw') are too textually similar to the source description (0.60 vs 0.50 similarity) to place confidently",0.6,0.5,,,,,,,,,
ambiguous,0.60,04010113:IP6,"Chinese violet, leaves, raw",IP6,6.996,"Taro leaves, raw",sr_legacy_food,fuzzy,"top two name-search candidates ('Taro leaves, raw', 'Grape leaves, raw') are too textually similar to the source description (0.60 vs 0.59 similarity) to place confidently",0.6,0.59,,LEAFY_GREEN_GARBAGE_BUCKET_SUSPECT,,,,,,,
ambiguous,0.60,04010172:PHYTCPPI,"Malabar nightshade, leaves, raw",PHYTCPPI,19.78,"Taro leaves, raw",sr_legacy_food,fuzzy,"top two name-search candidates ('Taro leaves, raw', 'Grape leaves, raw') are too textually similar to the source description (0.60 vs 0.58 similarity) to place confidently",0.6,0.58,,LEAFY_GREEN_GARBAGE_BUCKET_SUSPECT,,,,,,,
ambiguous,0.60,04030002:PHYTCPP,"Avocado fruit, raw",PHYTCPP,356.0,"Avocados, raw, Florida",sr_legacy_food,fuzzy,"top two name-search candidates ('Avocados, raw, Florida', 'Avocado, Hass, peeled, raw') are too textually similar to the source description (0.60 vs 0.59 similarity) to place confidently",0.6,0.59,,,,,,,,,
ambiguous,0.60,04030020:IP5,"Cucumber, bitter, blanched",IP5,2.0,CUCUMBER SALAD,branded_food,fuzzy,"top two name-search candidates ('CUCUMBER SALAD', 'Cucumber, peeled, raw') are too textually similar to the source description (0.60 vs 0.60 similarity) to place confidently",0.6,0.6,,,,,,,,,
ambiguous,0.60,04030020:IP6,"Cucumber, bitter, blanched",IP6,10.0,CUCUMBER SALAD,branded_food,fuzzy,"top two name-search candidates ('CUCUMBER SALAD', 'Cucumber, peeled, raw') are too textually similar to the source description (0.60 vs 0.60 similarity) to place confidently",0.6,0.6,,,,,,,,,
ambiguous,0.60,04030020:IP5_A_IP6,"Cucumber, bitter, blanched",IP5_A_IP6,12.0,CUCUMBER SALAD,branded_food,fuzzy,"top two name-search candidates ('CUCUMBER SALAD', 'Cucumber, peeled, raw') are too textually similar to the source description (0.60 vs 0.60 similarity) to place confidently",0.6,0.6,,,,,,,,,
ambiguous,0.60,05010029:PHYT-,"Noni fruit, ripe, raw",PHYT-,0.4168,"Chayote, fruit, raw",sr_legacy_food,fuzzy,"top two name-search candidates ('Chayote, fruit, raw', 'Jackfruit, raw') are too textually similar to the source description (0.60 vs 0.57 similarity) to place confidently",0.6,0.57,,,,,,,,,
ambiguous,0.60,06010045:PHYTC-,"Colocynth, seed, raw",PHYTC-,599.424,"Chia seeds, dry, raw",foundation_food,fuzzy,"top two name-search candidates ('Chia seeds, dry, raw', 'COLOSSAL SHRIMP RAW') are too textually similar to the source description (0.60 vs 0.51 similarity) to place confidently",0.6,0.51,,,,,,,,,
ambiguous,0.60,13030021:IP6,"Tea, instant, Nestea",IP6,67.0,PRINCE OF PEACE INSTANT TEA,branded_food,fuzzy,"top two name-search candidates ('PRINCE OF PEACE INSTANT TEA', 'NESTLE INSTANT NONFAT DRY MILK') are too textually similar to the source description (0.60 vs 0.52 similarity) to place confidently",0.6,0.52,,,,,,,,,
ambiguous,0.60,15010082:IP5,"Siamese cassia, leaves, raw",IP5,4.0,"Taro leaves, raw",sr_legacy_food,fuzzy,"top two name-search candidates ('Taro leaves, raw', 'Grape leaves, raw') are too textually similar to the source description (0.60 vs 0.64 similarity) to place confidently",0.64,0.6,YES,LEAFY_GREEN_GARBAGE_BUCKET_SUSPECT,,,,,,,
ambiguous,0.60,15010082:IP6,"Siamese cassia, leaves, raw",IP6,25.0,"Taro leaves, raw",sr_legacy_food,fuzzy,"top two name-search candidates ('Taro leaves, raw', 'Grape leaves, raw') are too textually similar to the source description (0.60 vs 0.64 similarity) to place confidently",0.64,0.6,YES,LEAFY_GREEN_GARBAGE_BUCKET_SUSPECT,,,,,,,
ambiguous,0.60,15010082:IP5_A_IP6,"Siamese cassia, leaves, raw",IP5_A_IP6,29.0,"Taro leaves, raw",sr_legacy_food,fuzzy,"top two name-search candidates ('Taro leaves, raw', 'Grape leaves, raw') are too textually similar to the source description (0.60 vs 0.64 similarity) to place confidently",0.64,0.6,YES,LEAFY_GREEN_GARBAGE_BUCKET_SUSPECT,,,,,,,
ambiguous,0.60,16010016:PHYTCPPI,"Baby food, maize based, commercially produced",PHYTCPPI,0.0035600000000000002,"Cake, angelfood, commercially prepared",sr_legacy_food,fuzzy,"top two name-search candidates ('Cake, angelfood, commercially prepared', 'Muffins, corn, commercially prepared') are too textually similar to the source description (0.60 vs 0.54 similarity) to place confidently",0.6,0.54,,,,,,,,,
ambiguous,0.60,16010017:PHYTCPPI,"Baby food, maize based, commercially produced",PHYTCPPI,0.02583,"Cake, angelfood, commercially prepared",sr_legacy_food,fuzzy,"top two name-search candidates ('Cake, angelfood, commercially prepared', 'Muffins, corn, commercially prepared') are too textually similar to the source description (0.60 vs 0.54 similarity) to place confidently",0.6,0.54,,,,,,,,,
ambiguous,0.60,16010018:PHYTCPPI,"Baby food, maize based, commercially produced",PHYTCPPI,0.003795,"Cake, angelfood, commercially prepared",sr_legacy_food,fuzzy,"top two name-search candidates ('Cake, angelfood, commercially prepared', 'Muffins, corn, commercially prepared') are too textually similar to the source description (0.60 vs 0.54 similarity) to place confidently",0.6,0.54,,,,,,,,,
ambiguous,0.60,16010019:PHYTCPPI,"Baby food, millet based, commercially produced",PHYTCPPI,0.00885,"Cake, angelfood, commercially prepared",sr_legacy_food,fuzzy,"top two name-search candidates ('Cake, angelfood, commercially prepared', 'Cake, fruitcake, commercially prepared') are too textually similar to the source description (0.60 vs 0.57 similarity) to place confidently",0.6,0.57,,,,,,,,,
ambiguous,0.60,16010020:PHYTCPPI,"Baby food, millet based, commercially produced",PHYTCPPI,0.00477,"Cake, angelfood, commercially prepared",sr_legacy_food,fuzzy,"top two name-search candidates ('Cake, angelfood, commercially prepared', 'Cake, fruitcake, commercially prepared') are too textually similar to the source description (0.60 vs 0.57 similarity) to place confidently",0.6,0.57,,,,,,,,,
ambiguous,0.60,16010021:PHYTCPPI,"Baby food, millet based, commercially produced",PHYTCPPI,0.018228,"Cake, angelfood, commercially prepared",sr_legacy_food,fuzzy,"top two name-search candidates ('Cake, angelfood, commercially prepared', 'Cake, fruitcake, commercially prepared') are too textually similar to the source description (0.60 vs 0.57 similarity) to place confidently",0.6,0.57,,,,,,,,,
ambiguous,0.60,16010022:PHYTCPPI,"Baby food, millet based, commercially produced",PHYTCPPI,0.009625,"Cake, angelfood, commercially prepared",sr_legacy_food,fuzzy,"top two name-search candidates ('Cake, angelfood, commercially prepared', 'Cake, fruitcake, commercially prepared') are too textually similar to the source description (0.60 vs 0.57 similarity) to place confidently",0.6,0.57,,,,,,,,,
ambiguous,0.60,16010023:PHYTCPPI,"Baby food, millet based, commercially produced",PHYTCPPI,0.008985,"Cake, angelfood, commercially prepared",sr_legacy_food,fuzzy,"top two name-search candidates ('Cake, angelfood, commercially prepared', 'Cake, fruitcake, commercially prepared') are too textually similar to the source description (0.60 vs 0.57 similarity) to place confidently",0.6,0.57,,,,,,,,,
ambiguous,0.60,16010107:PHYTC-,"Infant flour, Soylac",PHYTC-,460.0,"Flour, soy, full-fat",foundation_food,fuzzy,"top two name-search candidates ('Flour, soy, full-fat', 'Soy flour, low-fat') are too textually similar to the source description (0.60 vs 0.53 similarity) to place confidently",0.6,0.53,,,,,,,,,
ambiguous,0.59,01020139:PHYT-,"Maize, white, whole grain, fresh, raw",PHYT-,2020.0,"Sorghum, whole grain, white, dry, raw",foundation_food,fuzzy,"top two name-search candidates ('Sorghum, whole grain, white, dry, raw', 'Egg, white, raw, fresh') are too textually similar to the source description (0.59 vs 0.64 similarity) to place confidently",0.64,0.59,YES,,,,,,,,
ambiguous,0.59,01030232:PHYTCPP,"Wheat, vermicelli, raw",PHYTCPP,168.0,ERAWAN RICE VERMICELLI,branded_food,fuzzy,"top two name-search candidates ('ERAWAN RICE VERMICELLI', 'LUXURY VERMICELLI') are too textually similar to the source description (0.59 vs 0.56 similarity) to place confidently",0.59,0.56,,,,,,,,,
ambiguous,0.59,01040028:PHYTCPPI,"Sorghum flour, Dabar, whole grain, fermented, boiled, dried",PHYTCPPI,147.129255,"Sorghum flour, whole-grain",sr_legacy_food,fuzzy,"top two name-search candidates ('Sorghum flour, whole-grain', 'Sorghum, whole grain, white, dry, raw') are too textually similar to the source description (0.59 vs 0.58 similarity) to place confidently",0.59,0.58,,,,,,,,,
ambiguous,0.59,01050174:PHYTCPPI,"Pearl millet flour, IS 880004",PHYTCPPI,702.868,Millet flour,sr_legacy_food,fuzzy,"top two name-search candidates ('Millet flour', 'NAMASTE MILLET FLOUR') are too textually similar to the source description (0.59 vs 0.57 similarity) to place confidently",0.59,0.57,,,,,,,,,
ambiguous,0.59,01060004:PHYTCPPI,"Amaranth, Centenario, grain, raw",PHYTCPPI,310.0,"Amaranth grain, cooked",sr_legacy_food,fuzzy,"top two name-search candidates ('Amaranth grain, cooked', 'Amaranth grain, uncooked') are too textually similar to the source description (0.59 vs 0.57 similarity) to place confidently",0.59,0.57,,,,,,,,,
ambiguous,0.59,01060042:PPI,"Barley, Pallas P01, whole grain, raw",PPI,226.75,Raley's WHOLE GRAIN PENNE,branded_food,fuzzy,"top two name-search candidates (""Raley's WHOLE GRAIN PENNE"", ""Raley's WHOLE GRAIN PENNE, WHOLE GRAIN"") are too textually similar to the source description (0.59 vs 0.51 similarity) to place confidently",0.59,0.51,,,,,,,,,
ambiguous,0.59,02040008:PHYTCPPI,"Yam, Hingurala, raw",PHYTCPPI,40.365,"Yam, raw",sr_legacy_food,fuzzy,"top two name-search candidates ('Yam, raw', 'Mountain yam, hawaii, raw') are too textually similar to the source description (0.59 vs 0.55 similarity) to place confidently",0.59,0.55,,,,,,,,,
ambiguous,0.59,03010050:PHYTCPPI,"Bean, 'Cassia laevigata', seed, raw",PHYTCPPI,728.52,"Lima beans, large, mature seeds, raw",sr_legacy_food,fuzzy,"top two name-search candidates ('Lima beans, large, mature seeds, raw', 'Beans, kidney, california red, mature seeds, raw') are too textually similar to the source description (0.59 vs 0.58 similarity) to place confidently",0.59,0.58,,,,,,,,,
ambiguous,0.59,03010162:PHYTCPPD,"Chickpea, raw",PHYTCPPD,412.44,PEREG CHICKPEA,branded_food,fuzzy,"top two name-search candidates ('PEREG CHICKPEA', 'Chives, raw') are too textually similar to the source description (0.59 vs 0.75 similarity) to place confidently",0.75,0.59,YES,,,,,,,,
ambiguous,0.59,03010163:IP4,"Chickpea, raw",IP4,2.739,PEREG CHICKPEA,branded_food,fuzzy,"top two name-search candidates ('PEREG CHICKPEA', 'Chives, raw') are too textually similar to the source description (0.59 vs 0.75 similarity) to place confidently",0.75,0.59,YES,,,,,,,,
ambiguous,0.59,03010163:IP5,"Chickpea, raw",IP5,30.129,PEREG CHICKPEA,branded_food,fuzzy,"top two name-search candidates ('PEREG CHICKPEA', 'Chives, raw') are too textually similar to the source description (0.59 vs 0.75 similarity) to place confidently",0.75,0.59,YES,,,,,,,,
ambiguous,0.59,03010163:IP6,"Chickpea, raw",IP6,235.55399999999997,PEREG CHICKPEA,branded_food,fuzzy,"top two name-search candidates ('PEREG CHICKPEA', 'Chives, raw') are too textually similar to the source description (0.59 vs 0.75 similarity) to place confidently",0.75,0.59,YES,,,,,,,,
ambiguous,0.59,03010163:IPSUM,"Chickpea, raw",IPSUM,268.422,PEREG CHICKPEA,branded_food,fuzzy,"top two name-search candidates ('PEREG CHICKPEA', 'Chives, raw') are too textually similar to the source description (0.59 vs 0.75 similarity) to place confidently",0.75,0.59,YES,,,,,,,,
ambiguous,0.59,03010164:PHYTCPPD,"Chickpea, raw",PHYTCPPD,63.7,PEREG CHICKPEA,branded_food,fuzzy,"top two name-search candidates ('PEREG CHICKPEA', 'Chives, raw') are too textually similar to the source description (0.59 vs 0.75 similarity) to place confidently",0.75,0.59,YES,,,,,,,,
ambiguous,0.59,03010165:PHYTC-,"Chickpea, raw",PHYTC-,469.8,PEREG CHICKPEA,branded_food,fuzzy,"top two name-search candidates ('PEREG CHICKPEA', 'Chives, raw') are too textually similar to the source description (0.59 vs 0.75 similarity) to place confidently",0.75,0.59,YES,,,,,,,,
ambiguous,0.59,03010166:PHYTCPPD,"Chickpea, raw",PHYTCPPD,744.24,PEREG CHICKPEA,branded_food,fuzzy,"top two name-search candidates ('PEREG CHICKPEA', 'Chives, raw') are too textually similar to the source description (0.59 vs 0.75 similarity) to place confidently",0.75,0.59,YES,,,,,,,,
ambiguous,0.59,03010496:PHYTCPP,"Lentil, seed, water-soaked for 12 h, boiled, dried",PHYTCPP,2375.62,"Lentils, mature seeds, cooked, boiled, with salt",sr_legacy_food,fuzzy,"top two name-search candidates ('Lentils, mature seeds, cooked, boiled, with salt', 'Lentils, mature seeds, cooked, boiled, without salt') are too textually similar to the source description (0.59 vs 0.57 similarity) to place confidently",0.59,0.57,,SPURIOUS_SALT_SUSPECT,,,,,,,
ambiguous,0.59,03010623:PHYTCPP,"Pea, water-soaked, dried",PHYTCPP,582.048,"Pepeao, dried",sr_legacy_food,fuzzy,"top two name-search candidates ('Pepeao, dried', 'Seeds, watermelon seed kernels, dried') are too textually similar to the source description (0.59 vs 0.59 similarity) to place confidently",0.59,0.59,,,,,,,,,
ambiguous,0.59,03010649:PHYTCPPD,"Rice bean, RBL-121, seeds, greenish brown, boiled, drained",PHYTCPPD,951.872,"Beans, snap, green, cooked, boiled, drained, with salt",sr_legacy_food,fuzzy,"top two name-search candidates ('Beans, snap, green, cooked, boiled, drained, with salt', 'Winged bean, immature seeds, cooked, boiled, drained, with salt') are too textually similar to the source description (0.59 vs 0.60 similarity) to place confidently",0.6,0.59,YES,SPURIOUS_SALT_SUSPECT,,,,,,,
ambiguous,0.59,03020176:PHYTCPP,"Tofu, prepared with MgCl2, White Wave brand",PHYTCPP,409.0,"Tofu, hard, prepared with nigari",sr_legacy_food,fuzzy,"top two name-search candidates ('Tofu, hard, prepared with nigari', 'Tofu, fried, prepared with calcium sulfate') are too textually similar to the source description (0.59 vs 0.56 similarity) to place confidently",0.59,0.56,,,,,,,,,
ambiguous,0.59,04010149:PHYTCPPD,"Goat's head, succulent leaves, raw",PHYTCPPD,16.6,"Grape leaves, raw",sr_legacy_food,fuzzy,"top two name-search candidates ('Grape leaves, raw', 'Taro leaves, raw') are too textually similar to the source description (0.59 vs 0.52 similarity) to place confidently",0.59,0.52,,,,,,,,,
ambiguous,0.59,04010149:PPD,"Goat's head, succulent leaves, raw",PPD,2.4,"Grape leaves, raw",sr_legacy_food,fuzzy,"top two name-search candidates ('Grape leaves, raw', 'Taro leaves, raw') are too textually similar to the source description (0.59 vs 0.52 similarity) to place confidently",0.59,0.52,,,,,,,,,
ambiguous,0.59,04010246:IP6,"Vegetable purslane, leaves, raw",IP6,33.264,"Purslane, raw",sr_legacy_food,fuzzy,"top two name-search candidates ('Purslane, raw', 'Pumpkin leaves, raw') are too textually similar to the source description (0.59 vs 0.60 similarity) to place confidently",0.6,0.59,YES,,,,,,,,
ambiguous,0.59,05010015:PHYTCPP,"Mango, Himsagar, ripe, raw",PHYTCPP,79.46,"Mangos, raw",sr_legacy_food,fuzzy,"top two name-search candidates ('Mangos, raw', 'Mango, Ataulfo, peeled, raw') are too textually similar to the source description (0.59 vs 0.68 similarity) to place confidently",0.68,0.59,YES,,,,,,,,
ambiguous,0.59,05020062:PHYT-,"Quince, OHM13, fruit, raw",PHYT-,540.0,"Quinces, raw",sr_legacy_food,fuzzy,"top two name-search candidates ('Quinces, raw', 'GS1 Mexico QUINCE FRUIT CANDY') are too textually similar to the source description (0.59 vs 0.52 similarity) to place confidently",0.59,0.52,,,,,,,,,
ambiguous,0.59,05020063:PHYT-,"Quince, OHM14, fruit, raw",PHYT-,561.0,"Quinces, raw",sr_legacy_food,fuzzy,"top two name-search candidates ('Quinces, raw', 'GS1 Mexico QUINCE FRUIT CANDY') are too textually similar to the source description (0.59 vs 0.52 similarity) to place confidently",0.59,0.52,,,,,,,,,
ambiguous,0.59,05020068:PHYTCPP,"Rambutan, raw",PHYTCPP,5.65,"Rambutan, canned, syrup pack",sr_legacy_food,fuzzy,"top two name-search candidates ('Rambutan, canned, syrup pack', 'Yam, raw') are too textually similar to the source description (0.59 vs 0.67 similarity) to place confidently",0.67,0.59,YES,,,,,,,,
ambiguous,0.59,05020082:PHYTCPP,"Wood apple, ripe, raw",PHYTCPP,121.0,"Rose-apples, raw",sr_legacy_food,fuzzy,"top two name-search candidates ('Rose-apples, raw', 'Mammy-apple, (mamey), raw') are too textually similar to the source description (0.59 vs 0.57 similarity) to place confidently",0.59,0.57,,,,,,,,,
ambiguous,0.59,06010035:PP-,"Broad-leaf privet, seed flour, defatted",PP-,22.378199999999996,"Soy flour, defatted",sr_legacy_food,fuzzy,"top two name-search candidates ('Soy flour, defatted', 'Flour, soy, defatted') are too textually similar to the source description (0.59 vs 0.51 similarity) to place confidently",0.59,0.51,,,,,,,,,
ambiguous,0.59,06010126:PHYTCPPI,"Ofo, seed, raw",PHYTCPPI,181.04840000000002,"Seeds, lotus seeds, raw",sr_legacy_food,fuzzy,"top two name-search candidates ('Seeds, lotus seeds, raw', 'Seaweed, kelp, raw') are too textually similar to the source description (0.59 vs 0.56 similarity) to place confidently",0.59,0.56,,,,,,,,,
ambiguous,0.59,13030018:PHYTCPPI,"Roselle, seed, water-boiled, dried",PHYTCPPI,813.195,"Seeds, watermelon seed kernels, dried",sr_legacy_food,fuzzy,"top two name-search candidates ('Seeds, watermelon seed kernels, dried', 'Seeds, sesame seeds, whole, dried') are too textually similar to the source description (0.59 vs 0.66 similarity) to place confidently",0.66,0.59,YES,,,,,,,,
ambiguous,0.59,15010057:PHYTCPPI,"Garlic, dried, powdered",PHYTCPPI,223.10999999999996,"Spices, garlic powder",sr_legacy_food,fuzzy,"top two name-search candidates ('Spices, garlic powder', 'STONEMILL GARLIC POWDER') are too textually similar to the source description (0.59 vs 0.57 similarity) to place confidently",0.59,0.57,,,,,,,,,
ambiguous,0.59,16010026:IP5,"Infant flour, cereal-based, commercial, fortified",IP5,21.581999999999997,"Babyfood, cereal, barley, dry fortified",sr_legacy_food,fuzzy,"top two name-search candidates ('Babyfood, cereal, barley, dry fortified', 'Babyfood, cereal, rice, dry fortified') are too textually similar to the source description (0.59 vs 0.58 similarity) to place confidently",0.59,0.58,,,,,,,,,
ambiguous,0.59,16010026:IP6,"Infant flour, cereal-based, commercial, fortified",IP6,266.832,"Babyfood, cereal, barley, dry fortified",sr_legacy_food,fuzzy,"top two name-search candidates ('Babyfood, cereal, barley, dry fortified', 'Babyfood, cereal, rice, dry fortified') are too textually similar to the source description (0.59 vs 0.58 similarity) to place confidently",0.59,0.58,,,,,,,,,
ambiguous,0.59,16010026:IP5_A_IP6,"Infant flour, cereal-based, commercial, fortified",IP5_A_IP6,288.414,"Babyfood, cereal, barley, dry fortified",sr_legacy_food,fuzzy,"top two name-search candidates ('Babyfood, cereal, barley, dry fortified', 'Babyfood, cereal, rice, dry fortified') are too textually similar to the source description (0.59 vs 0.58 similarity) to place confidently",0.59,0.58,,,,,,,,,
ambiguous,0.59,19020043:PHYTCPPD,"Rice, boiled, with soy-textured vegetable protein (TVP) and lentil curry",PHYTCPPD,91.46,Food City CHILI WITH CURED BEEF TEXTURED VEGETABLE PROTEIN ADDED,branded_food,fuzzy,"top two name-search candidates ('Food City CHILI WITH CURED BEEF TEXTURED VEGETABLE PROTEIN ADDED', 'Star Food Products Inc COOKED PORK AND TEXTURED VEGETABLE PROTEIN WITH BARBECUE SAUCE, BARBECUE, BARBECUE') are too textually similar to the source description (0.59 vs 0.50 similarity) to place confidently",0.59,0.5,,PLANT_TO_ANIMAL_SUSPECT,,,,,,,
ambiguous,0.58,01040039:PHYTCPPI,"Sorghum flour, Karamaka, whole grain, 5KGy irradiated, dried",PHYTCPPI,249.016335,"Sorghum flour, whole-grain",sr_legacy_food,fuzzy,"top two name-search candidates ('Sorghum flour, whole-grain', 'Sorghum, whole grain, white, dry, raw') are too textually similar to the source description (0.58 vs 0.60 similarity) to place confidently",0.6,0.58,YES,,,,,,,,
ambiguous,0.58,01050112:PHYT-,"Millet, bulrush, grain, raw",PHYT-,160.0,"Millet, raw",sr_legacy_food,fuzzy,"top two name-search candidates ('Millet, raw', 'Millet, whole grain') are too textually similar to the source description (0.58 vs 0.65 similarity) to place confidently",0.65,0.58,YES,,,,,,,,
ambiguous,0.58,01050195:PHYTCPPI,"Pearl millet, KM, gray, raw",PHYTCPPI,537.0,"Millet, raw",sr_legacy_food,fuzzy,"top two name-search candidates ('Millet, raw', 'Pears, raw') are too textually similar to the source description (0.58 vs 0.49 similarity) to place confidently",0.58,0.49,,,,,,,,,
ambiguous,0.58,01050202:PHYTCPPI,"Pearl millet, SG, gray, raw",PHYTCPPI,924.66,"Millet, raw",sr_legacy_food,fuzzy,"top two name-search candidates ('Millet, raw', 'Pears, raw') are too textually similar to the source description (0.58 vs 0.54 similarity) to place confidently",0.58,0.54,,,,,,,,,
ambiguous,0.58,01050206:PHYTCPPI,"Pearl millet, XX, gray, raw",PHYTCPPI,681.82,"Millet, raw",sr_legacy_food,fuzzy,"top two name-search candidates ('Millet, raw', 'Pears, raw') are too textually similar to the source description (0.58 vs 0.49 similarity) to place confidently",0.58,0.49,,,,,,,,,
ambiguous,0.58,01060194:PHYTCPPD,"Pasta, buckwheat, uncooked",PHYTCPPD,815.4,"Buckwheat groats, roasted, cooked",sr_legacy_food,fuzzy,"top two name-search candidates ('Buckwheat groats, roasted, cooked', 'Buckwheat') are too textually similar to the source description (0.58 vs 0.51 similarity) to place confidently",0.58,0.51,,,,,,,,,
ambiguous,0.58,01060232:IP5_A_IP6,"Teff, white, whole grain, raw",IP5_A_IP6,842.0,"Sorghum, whole grain, white, dry, raw",foundation_food,fuzzy,"top two name-search candidates ('Sorghum, whole grain, white, dry, raw', 'WHOLE GRAIN WHITE BREAD') are too textually similar to the source description (0.58 vs 0.54 similarity) to place confidently",0.58,0.54,,,,,,,,,
ambiguous,0.58,02050019:PHYTCPPI,"Nyica tuber, peeled, boiled, freeze-dried",PHYTCPPI,390.0,"Parsley, freeze-dried",sr_legacy_food,fuzzy,"top two name-search candidates ('Parsley, freeze-dried', 'Chives, freeze-dried') are too textually similar to the source description (0.58 vs 0.52 similarity) to place confidently",0.58,0.52,,,,,,,,,
ambiguous,0.58,03010010:PHYTC-,"African locust bean, Obudu, mature seeds, boiled, de-hulled, dried",PHYTC-,37.44,"Hyacinth beans, mature seeds, cooked, boiled, with salt",sr_legacy_food,fuzzy,"top two name-search candidates ('Hyacinth beans, mature seeds, cooked, boiled, with salt', 'Mung beans, mature seeds, cooked, boiled, with salt') are too textually similar to the source description (0.58 vs 0.55 similarity) to place confidently",0.58,0.55,,SPURIOUS_SALT_SUSPECT,,,,,,,
ambiguous,0.58,03010265:IP3,"Common bean, White, seed, water-soaked, drained, dried",IP3,21.0,"Fish, tuna, white, canned in water, drained solids",sr_legacy_food,fuzzy,"top two name-search candidates ('Fish, tuna, white, canned in water, drained solids', 'Beans, pinto, mature seeds, canned, drained solids, rinsed in tap water') are too textually similar to the source description (0.58 vs 0.54 similarity) to place confidently",0.58,0.54,,PLANT_TO_ANIMAL_SUSPECT,,,,,,,
ambiguous,0.58,03010265:IP4,"Common bean, White, seed, water-soaked, drained, dried",IP4,43.0,"Fish, tuna, white, canned in water, drained solids",sr_legacy_food,fuzzy,"top two name-search candidates ('Fish, tuna, white, canned in water, drained solids', 'Beans, pinto, mature seeds, canned, drained solids, rinsed in tap water') are too textually similar to the source description (0.58 vs 0.54 similarity) to place confidently",0.58,0.54,,PLANT_TO_ANIMAL_SUSPECT,,,,,,,
ambiguous,0.58,03010265:IP5,"Common bean, White, seed, water-soaked, drained, dried",IP5,222.0,"Fish, tuna, white, canned in water, drained solids",sr_legacy_food,fuzzy,"top two name-search candidates ('Fish, tuna, white, canned in water, drained solids', 'Beans, pinto, mature seeds, canned, drained solids, rinsed in tap water') are too textually similar to the source description (0.58 vs 0.54 similarity) to place confidently",0.58,0.54,,PLANT_TO_ANIMAL_SUSPECT,,,,,,,
ambiguous,0.58,03010265:IP6,"Common bean, White, seed, water-soaked, drained, dried",IP6,918.0,"Fish, tuna, white, canned in water, drained solids",sr_legacy_food,fuzzy,"top two name-search candidates ('Fish, tuna, white, canned in water, drained solids', 'Beans, pinto, mature seeds, canned, drained solids, rinsed in tap water') are too textually similar to the source description (0.58 vs 0.54 similarity) to place confidently",0.58,0.54,,PLANT_TO_ANIMAL_SUSPECT,,,,,,,
ambiguous,0.58,03010380:PHYTCPP,"Faba bean, Manfredini, whole seed, raw",PHYTCPP,775.17,"Beans, white, mature seeds, raw",sr_legacy_food,fuzzy,"top two name-search candidates ('Beans, white, mature seeds, raw', 'Winged beans, mature seeds, raw') are too textually similar to the source description (0.58 vs 0.61 similarity) to place confidently",0.61,0.58,YES,,,,,,,,
ambiguous,0.58,03010439:PHYTCPP,"Field bean, white, raw",PHYTCPP,791.0,SPRING FIELD SMALL WHITE BEANS,branded_food,fuzzy,"top two name-search candidates ('SPRING FIELD SMALL WHITE BEANS', 'Beans, white, mature seeds, raw') are too textually similar to the source description (0.58 vs 0.60 similarity) to place confidently",0.6,0.58,YES,,,,,,,,
ambiguous,0.58,03010546:PHYTCPPD,"Mucuna, Mottle, seed, mature, air-dried, raw",PHYTCPPD,2464.2560000000003,"Mothbeans, mature seeds, raw",sr_legacy_food,fuzzy,"top two name-search candidates ('Mothbeans, mature seeds, raw', 'Mung beans, mature seeds, raw') are too textually similar to the source description (0.58 vs 0.58 similarity) to place confidently",0.58,0.58,,,,,,,,,
ambiguous,0.58,03010589:PHYTCPPI,"Mung bean, var. Giza-1, seed, water-soaked, dried, raw",PHYTCPPI,384.85,"Mung beans, mature seeds, raw",sr_legacy_food,fuzzy,"top two name-search candidates ('Mung beans, mature seeds, raw', 'Mung beans, mature seeds, sprouted, raw') are too textually similar to the source description (0.58 vs 0.60 similarity) to place confidently",0.6,0.58,YES,,,,,,,,
ambiguous,0.58,03010611:PHYTCPP,"Pea, Imposant, whole seed, dried",PHYTCPP,763.3,"Seeds, sesame seeds, whole, dried",sr_legacy_food,fuzzy,"top two name-search candidates ('Seeds, sesame seeds, whole, dried', 'Seeds, sisymbrium sp. seeds, whole, dried') are too textually similar to the source description (0.58 vs 0.58 similarity) to place confidently",0.58,0.58,,,,,,,,,
ambiguous,0.58,03010617:PHYTCPP,"Pea, Rondo, whole seed, dried",PHYTCPP,672.75,"Seeds, sesame seeds, whole, dried",sr_legacy_food,fuzzy,"top two name-search candidates ('Seeds, sesame seeds, whole, dried', 'Egg, whole, dried') are too textually similar to the source description (0.58 vs 0.65 similarity) to place confidently",0.65,0.58,YES,,,,,,,,
ambiguous,0.58,03010638:PHYTCPP,"Red gram, whole, raw",PHYTCPP,604.0,RAW WHOLE  CASHEWS,branded_food,fuzzy,"top two name-search candidates ('RAW WHOLE  CASHEWS', 'RAW WHOLE CASHEWS') are too textually similar to the source description (0.58 vs 0.59 similarity) to place confidently",0.59,0.58,YES,,,,,,,,
ambiguous,0.58,03010655:PHYTCPPD,"Rice bean, RBL-4, seed, brown, boiled, drained",PHYTCPPD,968.658,"Rice, brown, parboiled, dry, UNCLE BEN'S",sr_legacy_food,fuzzy,"top two name-search candidates (""Rice, brown, parboiled, dry, UNCLE BEN'S"", 'Winged bean, immature seeds, cooked, boiled, drained, with salt') are too textually similar to the source description (0.58 vs 0.64 similarity) to place confidently",0.64,0.58,YES,,,,,,,,
ambiguous,0.58,03010692:PHYTCPPI,"Tamarind, seed, dried",PHYTCPPI,248.4,"Seeds, chia seeds, dried",sr_legacy_food,fuzzy,"top two name-search candidates ('Seeds, chia seeds, dried', 'Seeds, lotus seeds, dried') are too textually similar to the source description (0.58 vs 0.57 similarity) to place confidently",0.58,0.57,,,,,,,,,
ambiguous,0.58,03020056:PHYTCPPD,"Soybean, Mooncake, inmature full green size seed (4 weeks), raw",PHYTCPPD,226.70600000000002,"Soybeans, mature seeds, raw",sr_legacy_food,fuzzy,"top two name-search candidates ('Soybeans, mature seeds, raw', 'Soybeans, mature seeds, sprouted, raw') are too textually similar to the source description (0.58 vs 0.54 similarity) to place confidently",0.58,0.54,,,,,,,,,
ambiguous,0.58,04010054:PHYTCPPI,"Bathua, leaves, wild, raw",PHYTCPPI,2.7451200000000004,"Winged bean leaves, raw",sr_legacy_food,fuzzy,"top two name-search candidates ('Winged bean leaves, raw', 'Taro leaves, raw') are too textually similar to the source description (0.58 vs 0.63 similarity) to place confidently",0.63,0.58,YES,,,,,,,,
ambiguous,0.58,04010057:PHYTCPP,"Bengal dayflower, leaves, raw",PHYTCPP,2.0,"Winged bean leaves, raw",sr_legacy_food,fuzzy,"top two name-search candidates ('Winged bean leaves, raw', 'Taro leaves, raw') are too textually similar to the source description (0.58 vs 0.62 similarity) to place confidently",0.62,0.58,YES,LEAFY_GREEN_GARBAGE_BUCKET_SUSPECT,,,,,,,
ambiguous,0.58,04010060:PHYTCPP,"Betel, leaves, small, raw",PHYTCPP,45.34,"Winged bean leaves, raw",sr_legacy_food,fuzzy,"top two name-search candidates ('Winged bean leaves, raw', 'Taro leaves, raw') are too textually similar to the source description (0.58 vs 0.63 similarity) to place confidently",0.63,0.58,YES,,,,,,,,
ambiguous,0.58,04010079:PHYTCPPI,"Buckwheat, leaves, raw",PHYTCPPI,5.3,Buckwheat,sr_legacy_food,fuzzy,"top two name-search candidates ('Buckwheat', 'Taro leaves, raw') are too textually similar to the source description (0.58 vs 0.68 similarity) to place confidently",0.68,0.58,YES,,,,,,,,
ambiguous,0.58,04010137:PHYTCPPD,"Elephant-head amaranth, leaves, water-washed, raw",PHYTCPPD,1.9800000000000002,"Amaranth leaves, raw",sr_legacy_food,fuzzy,"top two name-search candidates ('Amaranth leaves, raw', 'Amaranth leaves, cooked, boiled, drained, with salt') are too textually similar to the source description (0.58 vs 0.48 similarity) to place confidently",0.58,0.48,,,,,,,,,
ambiguous,0.58,04030019:IP5,"Cowslip creeper, stir-fried",IP5,3.0,"Mushrooms, white, stir-fried",sr_legacy_food,fuzzy,"top two name-search candidates ('Mushrooms, white, stir-fried', 'Mushrooms, shiitake, stir-fried') are too textually similar to the source description (0.58 vs 0.55 similarity) to place confidently",0.58,0.55,,,,,,,,,
ambiguous,0.58,04030019:IP6,"Cowslip creeper, stir-fried",IP6,30.0,"Mushrooms, white, stir-fried",sr_legacy_food,fuzzy,"top two name-search candidates ('Mushrooms, white, stir-fried', 'Mushrooms, shiitake, stir-fried') are too textually similar to the source description (0.58 vs 0.55 similarity) to place confidently",0.58,0.55,,,,,,,,,
ambiguous,0.58,04030019:IP5_A_IP6,"Cowslip creeper, stir-fried",IP5_A_IP6,33.0,"Mushrooms, white, stir-fried",sr_legacy_food,fuzzy,"top two name-search candidates ('Mushrooms, white, stir-fried', 'Mushrooms, shiitake, stir-fried') are too textually similar to the source description (0.58 vs 0.55 similarity) to place confidently",0.58,0.55,,,,,,,,,
ambiguous,0.58,04030054:PHYTCPP,"Grass pea, fresh, raw",PHYTCPP,162.0,"Pork, fresh, ground, raw",sr_legacy_food,fuzzy,"top two name-search candidates ('Pork, fresh, ground, raw', 'Pork, fresh, belly, raw') are too textually similar to the source description (0.58 vs 0.59 similarity) to place confidently",0.59,0.58,YES,PLANT_TO_ANIMAL_SUSPECT,,,,,,,
ambiguous,0.58,04030055:PHYTC-,"Grass pea, fresh, raw",PHYTC-,210.0,"Pork, fresh, ground, raw",sr_legacy_food,fuzzy,"top two name-search candidates ('Pork, fresh, ground, raw', 'Pork, fresh, belly, raw') are too textually similar to the source description (0.58 vs 0.59 similarity) to place confidently",0.59,0.58,YES,PLANT_TO_ANIMAL_SUSPECT,,,,,,,
ambiguous,0.58,04030056:PP-,"Grass pea, Krab, maturity stage I, raw",PP-,42.1,"Pigeon peas (red gram), mature seeds, raw",sr_legacy_food,fuzzy,"top two name-search candidates ('Pigeon peas (red gram), mature seeds, raw', 'Peas, green, split, mature seeds, raw') are too textually similar to the source description (0.58 vs 0.56 similarity) to place confidently",0.58,0.56,,,,,,,,,
ambiguous,0.58,04030059:PP-,"Grass pea, Krab, maturity stage V, raw",PP-,120.0,"Pigeon peas (red gram), mature seeds, raw",sr_legacy_food,fuzzy,"top two name-search candidates ('Pigeon peas (red gram), mature seeds, raw', 'Peas, green, split, mature seeds, raw') are too textually similar to the source description (0.58 vs 0.56 similarity) to place confidently",0.58,0.56,,,,,,,,,
ambiguous,0.58,04030098:PHYTCPP,"Radish, round, white skin, raw",PHYTCPP,1.07,"Potatoes, white, flesh and skin, raw",sr_legacy_food,fuzzy,"top two name-search candidates ('Potatoes, white, flesh and skin, raw', 'Radishes, white icicle, raw') are too textually similar to the source description (0.58 vs 0.70 similarity) to place confidently",0.7,0.58,YES,,,,,,,,
ambiguous,0.58,04030104:PHYTCPP,"Taro stems, black, raw",PHYTCPP,25.85,"Taro, raw",sr_legacy_food,fuzzy,"top two name-search candidates ('Taro, raw', 'Taro shoots, raw') are too textually similar to the source description (0.58 vs 0.68 similarity) to place confidently",0.68,0.58,YES,,,,,,,,
ambiguous,0.58,04030105:PHYTCPP,"Taro stems, green, raw",PHYTCPP,26.49,"Taro, raw",sr_legacy_food,fuzzy,"top two name-search candidates ('Taro, raw', 'Turtle, green, raw') are too textually similar to the source description (0.58 vs 0.80 similarity) to place confidently",0.8,0.58,YES,,,,,,,,
ambiguous,0.58,05010014:PHYTCPP,"Mango, Gulabkhas, ripe, raw",PHYTCPP,80.24,"Mangos, raw",sr_legacy_food,fuzzy,"top two name-search candidates ('Mangos, raw', 'Mango, Ataulfo, peeled, raw') are too textually similar to the source description (0.58 vs 0.67 similarity) to place confidently",0.67,0.58,YES,,,,,,,,
ambiguous,0.58,05020003:PHYTCPP,"African black olive, raw",PHYTCPP,162.0,ORDI OLIVES BLACK OLIVES,branded_food,fuzzy,"top two name-search candidates ('ORDI OLIVES BLACK OLIVES', 'SHAHIA BLACK OLIVES') are too textually similar to the source description (0.58 vs 0.70 similarity) to place confidently",0.7,0.58,YES,,,,,,,,
ambiguous,0.58,05020041:PHYTCPP,"Guava, white flesh, raw",PHYTCPP,55.36,"Egg, white, raw, fresh",sr_legacy_food,fuzzy,"top two name-search candidates ('Egg, white, raw, fresh', 'Potatoes, white, flesh and skin, raw') are too textually similar to the source description (0.58 vs 0.64 similarity) to place confidently",0.64,0.58,YES,,,,,,,,
ambiguous,0.58,06010049:PHYTCPPD,"Cottonseed, seed flour, ISA BC4, dehulled, defatted",PHYTCPPD,4244.826,"Seeds, cottonseed flour, partially defatted (glandless)",sr_legacy_food,fuzzy,"top two name-search candidates ('Seeds, cottonseed flour, partially defatted (glandless)', 'Flour, soy, defatted') are too textually similar to the source description (0.58 vs 0.51 similarity) to place confidently",0.58,0.51,,,,,,,,,
ambiguous,0.58,06010063:PHYT-,"Gourd, seed kernel, boiled, sun-dried",PHYT-,170.0,"Seeds, sunflower seed kernels, dried",sr_legacy_food,fuzzy,"top two name-search candidates ('Seeds, sunflower seed kernels, dried', 'Seeds, safflower seed kernels, dried') are too textually similar to the source description (0.58 vs 0.58 similarity) to place confidently",0.58,0.58,,,,,,,,,
ambiguous,0.58,06010066:PHYT-,"Gourd, seed kernel, toasted",PHYT-,372.0,"Seeds, sunflower seed kernels, toasted, without salt",sr_legacy_food,fuzzy,"top two name-search candidates ('Seeds, sunflower seed kernels, toasted, without salt', 'Seeds, sunflower seed kernels, toasted, with salt added') are too textually similar to the source description (0.58 vs 0.56 similarity) to place confidently",0.58,0.56,,,,,,,,,
ambiguous,0.58,06010067:PHYT-,"Gourd, seed kernel, toasted",PHYT-,376.0,"Seeds, sunflower seed kernels, toasted, without salt",sr_legacy_food,fuzzy,"top two name-search candidates ('Seeds, sunflower seed kernels, toasted, without salt', 'Seeds, sunflower seed kernels, toasted, with salt added') are too textually similar to the source description (0.58 vs 0.56 similarity) to place confidently",0.58,0.56,,,,,,,,,
ambiguous,0.58,06010176:PHYTCPPI,"Ukpo, seed, raw",PHYTCPPI,202.53,"Seeds, lotus seeds, raw",sr_legacy_food,fuzzy,"top two name-search candidates ('Seeds, lotus seeds, raw', 'Seaweed, kelp, raw') are too textually similar to the source description (0.58 vs 0.55 similarity) to place confidently",0.58,0.55,,,,,,,,,
ambiguous,0.58,06010008:PHYTCPP,"African nutmeg, seed, dried",PHYTCPP,1504.789,AMERICAN NUTS ORGANIC DRIED FIGS,branded_food,fuzzy,"top two name-search candidates ('AMERICAN NUTS ORGANIC DRIED FIGS', 'Seeds, chia seeds, dried') are too textually similar to the source description (0.58 vs 0.51 similarity) to place confidently",0.58,0.51,,,,,,,,,
ambiguous,0.58,06010009:PHYTCPPI,"African nutmeg, seed, dried",PHYTCPPI,1184.6175,AMERICAN NUTS ORGANIC DRIED FIGS,branded_food,fuzzy,"top two name-search candidates ('AMERICAN NUTS ORGANIC DRIED FIGS', 'Seeds, chia seeds, dried') are too textually similar to the source description (0.58 vs 0.51 similarity) to place confidently",0.58,0.51,,,,,,,,,
ambiguous,0.58,15010080:PHYTCPPI,"Red chilies, dried, powdered",PHYTCPPI,153.216,"Spices, chili powder",sr_legacy_food,fuzzy,"top two name-search candidates ('Spices, chili powder', 'PARADISE GOLD RED CHILLY POWDER') are too textually similar to the source description (0.58 vs 0.51 similarity) to place confidently",0.58,0.51,,,,,,,,,
ambiguous,0.57,01010123:PP-,"Rice, IR 32, milled, raw",PP-,71.04294478527609,"Millet, raw",sr_legacy_food,fuzzy,"top two name-search candidates ('Millet, raw', 'Wild rice, raw') are too textually similar to the source description (0.57 vs 0.47 similarity) to place confidently",0.57,0.47,,,,,,,,,
ambiguous,0.57,01020140:IP6,"Maize, white, whole grain, raw",IP6,314.244,"Sorghum, whole grain, white, dry, raw",foundation_food,fuzzy,"top two name-search candidates ('Sorghum, whole grain, white, dry, raw', 'WHOLE GRAIN WHITE BREAD') are too textually similar to the source description (0.57 vs 0.53 similarity) to place confidently",0.57,0.53,,,,,,,,,
ambiguous,0.57,01030102:PHYTCPPD,Crispbread,PHYTCPPD,91.0,"Crackers, crispbread, rye",sr_legacy_food,fuzzy,"top two name-search candidates ('Crackers, crispbread, rye', 'FIORFIORE CRISPBREAD WITH OLIVES') are too textually similar to the source description (0.57 vs 0.48 similarity) to place confidently",0.57,0.48,,,,,,,,,
ambiguous,0.57,01030103:PHYTCPPD,Crispbread,PHYTCPPD,91.0,"Crackers, crispbread, rye",sr_legacy_food,fuzzy,"top two name-search candidates ('Crackers, crispbread, rye', 'FIORFIORE CRISPBREAD WITH OLIVES') are too textually similar to the source description (0.57 vs 0.48 similarity) to place confidently",0.57,0.48,,,,,,,,,
ambiguous,0.57,01040045:PHYTCPPI,"Sorghum flour, Karamaka, whole grain, fermented, boiled, dried",PHYTCPPI,151.73384,"Sorghum flour, whole-grain",sr_legacy_food,fuzzy,"top two name-search candidates ('Sorghum flour, whole-grain', 'Sorghum, whole grain, white, dry, raw') are too textually similar to the source description (0.57 vs 0.57 similarity) to place confidently",0.57,0.57,,,,,,,,,
ambiguous,0.57,01040032:PHYTCPPI,"Sorghum flour, Karamaka, whole grain, 10KGy irradiated, dried",PHYTCPPI,214.23139,"Sorghum flour, whole-grain",sr_legacy_food,fuzzy,"top two name-search candidates ('Sorghum flour, whole-grain', 'Sorghum, whole grain, white, dry, raw') are too textually similar to the source description (0.57 vs 0.59 similarity) to place confidently",0.59,0.57,YES,,,,,,,,
ambiguous,0.57,01040036:PHYTCPPI,"Sorghum flour, Karamaka, whole grain, 15KGy irradiated, dried",PHYTCPPI,205.48551500000002,"Sorghum flour, whole-grain",sr_legacy_food,fuzzy,"top two name-search candidates ('Sorghum flour, whole-grain', 'Sorghum, whole grain, white, dry, raw') are too textually similar to the source description (0.57 vs 0.59 similarity) to place confidently",0.59,0.57,YES,,,,,,,,
ambiguous,0.57,01040049:PHYTCPPI,"Sorghum flour, Wad Ahmed, whole grain, 10KGy irradiated, dried",PHYTCPPI,208.72858,"Sorghum flour, whole-grain",sr_legacy_food,fuzzy,"top two name-search candidates ('Sorghum flour, whole-grain', 'Sorghum, whole grain, white, dry, raw') are too textually similar to the source description (0.57 vs 0.59 similarity) to place confidently",0.59,0.57,YES,,,,,,,,
ambiguous,0.57,01040053:PHYTCPPI,"Sorghum flour, Wad Ahmed, whole grain, 15KGy irradiated, dried",PHYTCPPI,208.27473999999998,"Sorghum flour, whole-grain",sr_legacy_food,fuzzy,"top two name-search candidates ('Sorghum flour, whole-grain', 'Sorghum, whole grain, white, dry, raw') are too textually similar to the source description (0.57 vs 0.59 similarity) to place confidently",0.59,0.57,YES,,,,,,,,
ambiguous,0.57,01040057:PHYTCPPI,"Sorghum flour, Wad Ahmed, whole grain, 5KGy irradiated, dried",PHYTCPPI,223.24200499999998,"Sorghum flour, whole-grain",sr_legacy_food,fuzzy,"top two name-search candidates ('Sorghum flour, whole-grain', 'Sorghum, whole grain, white, dry, raw') are too textually similar to the source description (0.57 vs 0.59 similarity) to place confidently",0.59,0.57,YES,,,,,,,,
ambiguous,0.57,01060219:PHYTCA,Quinoa flour,PHYTCA,1340.0,NAMASTE RAW GOODS QUINOA FLOUR,branded_food,fuzzy,"top two name-search candidates ('NAMASTE RAW GOODS QUINOA FLOUR', 'LIVEKUNA ORGANIC WHITE QUINOA FLOUR') are too textually similar to the source description (0.57 vs 0.51 similarity) to place confidently",0.57,0.51,,,,,,,,,
ambiguous,0.57,01060231:IP5_A_IP6,"Teff, red, whole grain, raw",IP5_A_IP6,675.0,BOB'S RED MILL WHOLE GRAIN MILLET,branded_food,fuzzy,"top two name-search candidates (""BOB'S RED MILL WHOLE GRAIN MILLET"", 'Sorghum, whole grain, white, dry, raw') are too textually similar to the source description (0.57 vs 0.59 similarity) to place confidently",0.59,0.57,YES,,,,,,,,
ambiguous,0.57,02040010:PHYTCPPI,"Yam, Kahata ala, raw",PHYTCPPI,53.36,"Yam, raw",sr_legacy_food,fuzzy,"top two name-search candidates ('Yam, raw', 'Kale, raw') are too textually similar to the source description (0.57 vs 0.55 similarity) to place confidently",0.57,0.55,,,,,,,,,
ambiguous,0.57,02040011:PHYTCPPI,"Yam, Kombuwalli, raw",PHYTCPPI,49.896,"Yam, raw",sr_legacy_food,fuzzy,"top two name-search candidates ('Yam, raw', 'YAMASA YAMASA, KOMBU PONZU') are too textually similar to the source description (0.57 vs 0.48 similarity) to place confidently",0.57,0.48,,,,,,,,,
ambiguous,0.57,03010004:PHYTC-,"African locust bean, Boki, mature seeds, boiled, de-hulled, dried",PHYTC-,69.504628,"Beans, adzuki, mature seeds, cooked, boiled, without salt",sr_legacy_food,fuzzy,"top two name-search candidates ('Beans, adzuki, mature seeds, cooked, boiled, without salt', 'Hyacinth beans, mature seeds, cooked, boiled, with salt') are too textually similar to the source description (0.57 vs 0.58 similarity) to place confidently",0.58,0.57,YES,,,,,,,,
ambiguous,0.57,03010014:IP6,"African locust bean, pulp, raw",IP6,78.26,AMERICAN PECANS RAW,branded_food,fuzzy,"top two name-search candidates ('AMERICAN PECANS RAW', 'Winged bean leaves, raw') are too textually similar to the source description (0.57 vs 0.53 similarity) to place confidently",0.57,0.53,,,,,,,,,
ambiguous,0.57,03010229:IP3,"Common bean, Ouro branco, seed, pressure-cooked, oven-dried with cooking water",IP3,4.785144000000001,"Winged bean, immature seeds, cooked, boiled, drained, with salt",sr_legacy_food,fuzzy,"top two name-search candidates ('Winged bean, immature seeds, cooked, boiled, drained, with salt', 'Winged beans, mature seeds, cooked, boiled, with salt') are too textually similar to the source description (0.57 vs 0.56 similarity) to place confidently",0.57,0.56,,SPURIOUS_SALT_SUSPECT,,,,,,,
ambiguous,0.57,03010229:IP4,"Common bean, Ouro branco, seed, pressure-cooked, oven-dried with cooking water",IP4,57.4042,"Winged bean, immature seeds, cooked, boiled, drained, with salt",sr_legacy_food,fuzzy,"top two name-search candidates ('Winged bean, immature seeds, cooked, boiled, drained, with salt', 'Winged beans, mature seeds, cooked, boiled, with salt') are too textually similar to the source description (0.57 vs 0.56 similarity) to place confidently",0.57,0.56,,SPURIOUS_SALT_SUSPECT,,,,,,,
ambiguous,0.57,03010229:IP5,"Common bean, Ouro branco, seed, pressure-cooked, oven-dried with cooking water",IP5,327.352928,"Winged bean, immature seeds, cooked, boiled, drained, with salt",sr_legacy_food,fuzzy,"top two name-search candidates ('Winged bean, immature seeds, cooked, boiled, drained, with salt', 'Winged beans, mature seeds, cooked, boiled, with salt') are too textually similar to the source description (0.57 vs 0.56 similarity) to place confidently",0.57,0.56,,SPURIOUS_SALT_SUSPECT,,,,,,,
ambiguous,0.57,03010229:IP6,"Common bean, Ouro branco, seed, pressure-cooked, oven-dried with cooking water",IP6,1027.2810240000001,"Winged bean, immature seeds, cooked, boiled, drained, with salt",sr_legacy_food,fuzzy,"top two name-search candidates ('Winged bean, immature seeds, cooked, boiled, drained, with salt', 'Winged beans, mature seeds, cooked, boiled, with salt') are too textually similar to the source description (0.57 vs 0.56 similarity) to place confidently",0.57,0.56,,SPURIOUS_SALT_SUSPECT,,,,,,,
ambiguous,0.57,03010233:IP3,"Common bean, Perola, seed, pressure-cooked, oven-dried with cooking water",IP3,4.7791380000000006,"Winged bean, immature seeds, cooked, boiled, drained, with salt",sr_legacy_food,fuzzy,"top two name-search candidates ('Winged bean, immature seeds, cooked, boiled, drained, with salt', 'Winged beans, mature seeds, cooked, boiled, with salt') are too textually similar to the source description (0.57 vs 0.57 similarity) to place confidently",0.57,0.57,,SPURIOUS_SALT_SUSPECT,,,,,,,
ambiguous,0.57,03010233:IP4,"Common bean, Perola, seed, pressure-cooked, oven-dried with cooking water",IP4,58.645100000000006,"Winged bean, immature seeds, cooked, boiled, drained, with salt",sr_legacy_food,fuzzy,"top two name-search candidates ('Winged bean, immature seeds, cooked, boiled, drained, with salt', 'Winged beans, mature seeds, cooked, boiled, with salt') are too textually similar to the source description (0.57 vs 0.57 similarity) to place confidently",0.57,0.57,,SPURIOUS_SALT_SUSPECT,,,,,,,
ambiguous,0.57,03010233:IP5,"Common bean, Perola, seed, pressure-cooked, oven-dried with cooking water",IP5,211.192384,"Winged bean, immature seeds, cooked, boiled, drained, with salt",sr_legacy_food,fuzzy,"top two name-search candidates ('Winged bean, immature seeds, cooked, boiled, drained, with salt', 'Winged beans, mature seeds, cooked, boiled, with salt') are too textually similar to the source description (0.57 vs 0.57 similarity) to place confidently",0.57,0.57,,SPURIOUS_SALT_SUSPECT,,,,,,,
ambiguous,0.57,03010233:IP6,"Common bean, Perola, seed, pressure-cooked, oven-dried with cooking water",IP6,865.391604,"Winged bean, immature seeds, cooked, boiled, drained, with salt",sr_legacy_food,fuzzy,"top two name-search candidates ('Winged bean, immature seeds, cooked, boiled, drained, with salt', 'Winged beans, mature seeds, cooked, boiled, with salt') are too textually similar to the source description (0.57 vs 0.57 similarity) to place confidently",0.57,0.57,,SPURIOUS_SALT_SUSPECT,,,,,,,
ambiguous,0.57,03010245:IP3,"Common bean, Talismã, seed, pressure-cooked, oven-dried with cooking water",IP3,4.507776,"Winged bean, immature seeds, cooked, boiled, drained, with salt",sr_legacy_food,fuzzy,"top two name-search candidates ('Winged bean, immature seeds, cooked, boiled, drained, with salt', 'Winged beans, mature seeds, cooked, boiled, with salt') are too textually similar to the source description (0.57 vs 0.57 similarity) to place confidently",0.57,0.57,,SPURIOUS_SALT_SUSPECT,,,,,,,
ambiguous,0.57,03010245:IP4,"Common bean, Talismã, seed, pressure-cooked, oven-dried with cooking water",IP4,65.2912,"Winged bean, immature seeds, cooked, boiled, drained, with salt",sr_legacy_food,fuzzy,"top two name-search candidates ('Winged bean, immature seeds, cooked, boiled, drained, with salt', 'Winged beans, mature seeds, cooked, boiled, with salt') are too textually similar to the source description (0.57 vs 0.57 similarity) to place confidently",0.57,0.57,,SPURIOUS_SALT_SUSPECT,,,,,,,
ambiguous,0.57,03010245:IP5,"Common bean, Talismã, seed, pressure-cooked, oven-dried with cooking water",IP5,240.18217599999997,"Winged bean, immature seeds, cooked, boiled, drained, with salt",sr_legacy_food,fuzzy,"top two name-search candidates ('Winged bean, immature seeds, cooked, boiled, drained, with salt', 'Winged beans, mature seeds, cooked, boiled, with salt') are too textually similar to the source description (0.57 vs 0.57 similarity) to place confidently",0.57,0.57,,SPURIOUS_SALT_SUSPECT,,,,,,,
ambiguous,0.57,03010245:IP6,"Common bean, Talismã, seed, pressure-cooked, oven-dried with cooking water",IP6,1021.8162239999998,"Winged bean, immature seeds, cooked, boiled, drained, with salt",sr_legacy_food,fuzzy,"top two name-search candidates ('Winged bean, immature seeds, cooked, boiled, drained, with salt', 'Winged beans, mature seeds, cooked, boiled, with salt') are too textually similar to the source description (0.57 vs 0.57 similarity) to place confidently",0.57,0.57,,SPURIOUS_SALT_SUSPECT,,,,,,,
ambiguous,0.57,03010274:PHYTCPPI,"Cowpea flour, germinated seed, dried",PHYTCPPI,537.526,"Seeds, chia seeds, dried",sr_legacy_food,fuzzy,"top two name-search candidates ('Seeds, chia seeds, dried', 'Spearmint, dried') are too textually similar to the source description (0.57 vs 0.58 similarity) to place confidently",0.58,0.57,YES,,,,,,,,
ambiguous,0.57,03010301:PHYTCPPI,"Cowpea, boiled",PHYTCPPI,496.1,"Chicken, feet, boiled",sr_legacy_food,fuzzy,"top two name-search candidates ('Chicken, feet, boiled', 'Beets, cooked, boiled, drained') are too textually similar to the source description (0.57 vs 0.50 similarity) to place confidently",0.57,0.5,,PLANT_TO_ANIMAL_SUSPECT,,,,,,,
ambiguous,0.57,03010301:PPI,"Cowpea, boiled",PPI,139.81,"Chicken, feet, boiled",sr_legacy_food,fuzzy,"top two name-search candidates ('Chicken, feet, boiled', 'Beets, cooked, boiled, drained') are too textually similar to the source description (0.57 vs 0.50 similarity) to place confidently",0.57,0.5,,PLANT_TO_ANIMAL_SUSPECT,,,,,,,
ambiguous,0.57,03010375:IPSUM,"Faba bean, Caspar, raw",IPSUM,833.6859999999999,"Beans, fava, in pod, raw",sr_legacy_food,fuzzy,"top two name-search candidates ('Beans, fava, in pod, raw', 'Melons, casaba, raw') are too textually similar to the source description (0.57 vs 0.63 similarity) to place confidently",0.63,0.57,YES,,,,,,,,
ambiguous,0.57,03010440:PHYTCPPD,"Gila bean, dehulled, raw",PHYTCPPD,1292.4985,"Winged bean tuber, raw",sr_legacy_food,fuzzy,"top two name-search candidates ('Winged bean tuber, raw', 'Yardlong bean, raw') are too textually similar to the source description (0.57 vs 0.52 similarity) to place confidently",0.57,0.52,,,,,,,,,
ambiguous,0.57,03010504:PHYTCPPD,"Lima bean, fresh, raw",PHYTCPPD,238.0,BANZOS BLACK BEAN FRESH LIME,branded_food,fuzzy,"top two name-search candidates ('BANZOS BLACK BEAN FRESH LIME', 'Pork, fresh, belly, raw') are too textually similar to the source description (0.57 vs 0.55 similarity) to place confidently",0.57,0.55,,,,,,,,,
ambiguous,0.57,04010081:PHYTCPP,"Bugleweed, raw",PHYTCPP,10.0,"Fireweed, leaves, raw",sr_legacy_food,fuzzy,"top two name-search candidates ('Fireweed, leaves, raw', 'Seaweed, agar, raw') are too textually similar to the source description (0.57 vs 0.62 similarity) to place confidently",0.62,0.57,YES,,,,,,,,
ambiguous,0.57,04010124:PHYTCPP,"Colocasia, leaves, green, raw",PHYTCPP,10.0,"Grape leaves, raw",sr_legacy_food,fuzzy,"top two name-search candidates ('Grape leaves, raw', 'Lettuce, green leaf, raw') are too textually similar to the source description (0.57 vs 0.57 similarity) to place confidently",0.57,0.57,,,,,,,,,
ambiguous,0.57,04010125:PHYTCPP,"Colocasia, leaves, green, raw",PHYTCPP,14.41,"Grape leaves, raw",sr_legacy_food,fuzzy,"top two name-search candidates ('Grape leaves, raw', 'Lettuce, green leaf, raw') are too textually similar to the source description (0.57 vs 0.57 similarity) to place confidently",0.57,0.57,,,,,,,,,
ambiguous,0.57,04010144:PHYTC-,"Floating primrose-willow, leaves, raw",PHYTC-,29.7,"Winged bean leaves, raw",sr_legacy_food,fuzzy,"top two name-search candidates ('Winged bean leaves, raw', 'Pumpkin leaves, raw') are too textually similar to the source description (0.57 vs 0.50 similarity) to place confidently",0.57,0.5,,LEAFY_GREEN_GARBAGE_BUCKET_SUSPECT,,,,,,,
ambiguous,0.57,04010148:PHYTCPP,"Garden cress, raw",PHYTCPP,16.64,"Cress, garden, raw",sr_legacy_food,fuzzy,"top two name-search candidates ('Cress, garden, raw', 'GARDEN CREAM WAFERS') are too textually similar to the source description (0.57 vs 0.61 similarity) to place confidently",0.61,0.57,YES,,,,,,,,
ambiguous,0.57,04010176:PHYTCPPD,"Moonseed, leaves, water-washed, raw",PHYTCPPD,5.74,"Fireweed, leaves, raw",sr_legacy_food,fuzzy,"top two name-search candidates ('Fireweed, leaves, raw', 'Winged bean leaves, raw') are too textually similar to the source description (0.57 vs 0.52 similarity) to place confidently",0.57,0.52,,,,,,,,,
ambiguous,0.57,04010225:PHYTCPP,"Sicklepod, leaves, washed, raw",PHYTCPP,9.323,"Winged bean leaves, raw",sr_legacy_food,fuzzy,"top two name-search candidates ('Winged bean leaves, raw', 'Taro leaves, raw') are too textually similar to the source description (0.57 vs 0.57 similarity) to place confidently",0.57,0.57,,,,,,,,,
ambiguous,0.57,04030057:PP-,"Grass pea, Krab, maturity stage II, raw",PP-,59.2,"Pigeon peas (red gram), mature seeds, raw",sr_legacy_food,fuzzy,"top two name-search candidates ('Pigeon peas (red gram), mature seeds, raw', 'Peas, green, split, mature seeds, raw') are too textually similar to the source description (0.57 vs 0.55 similarity) to place confidently",0.57,0.55,,,,,,,,,
ambiguous,0.57,04030058:PP-,"Grass pea, Krab, maturity stage III, raw",PP-,82.2,"Pigeon peas (red gram), mature seeds, raw",sr_legacy_food,fuzzy,"top two name-search candidates ('Pigeon peas (red gram), mature seeds, raw', 'Peas, green, split, mature seeds, raw') are too textually similar to the source description (0.57 vs 0.55 similarity) to place confidently",0.57,0.55,,,,,,,,,
ambiguous,0.57,04030060:PP-,"Grass pea, Krab, maturity stage VI, raw",PP-,98.0,"Pigeon peas (red gram), mature seeds, raw",sr_legacy_food,fuzzy,"top two name-search candidates ('Pigeon peas (red gram), mature seeds, raw', 'Peas, green, split, mature seeds, raw') are too textually similar to the source description (0.57 vs 0.55 similarity) to place confidently",0.57,0.55,,,,,,,,,
ambiguous,0.57,05010017:PHYTCPP,"Mango, Neelam, ripe, raw",PHYTCPP,79.49,"Mangos, raw",sr_legacy_food,fuzzy,"top two name-search candidates ('Mangos, raw', 'Mango, Ataulfo, peeled, raw') are too textually similar to the source description (0.57 vs 0.63 similarity) to place confidently",0.63,0.57,YES,,,,,,,,
ambiguous,0.57,05010018:PHYTCPP,"Mango, Paheri, ripe, raw",PHYTCPP,81.12,"Mangos, raw",sr_legacy_food,fuzzy,"top two name-search candidates ('Mangos, raw', 'Mango, Ataulfo, peeled, raw') are too textually similar to the source description (0.57 vs 0.67 similarity) to place confidently",0.67,0.57,YES,,,,,,,,
ambiguous,0.57,05020076:PHYTC-,"Velvet tamarind, fruit pulp, raw",PHYTC-,1.3,"Tamarinds, raw",sr_legacy_food,fuzzy,"top two name-search candidates ('Tamarinds, raw', 'PALEBOLA NATURAL TAMARIND FRUIT CANDY') are too textually similar to the source description (0.57 vs 0.58 similarity) to place confidently",0.58,0.57,YES,,,,,,,,
ambiguous,0.57,05020083:PHYTCPP,"Zizyphus, raw",PHYTCPP,85.6,"Yam, raw",sr_legacy_food,fuzzy,"top two name-search candidates ('Yam, raw', 'Asparagus, raw') are too textually similar to the source description (0.57 vs 0.59 similarity) to place confidently",0.59,0.57,YES,,,,,,,,
ambiguous,0.57,06010047:PHYTCPPI,"Conophor nut, seed, dried",PHYTCPPI,1538.1270000000002,"Seeds, chia seeds, dried",sr_legacy_food,fuzzy,"top two name-search candidates ('Seeds, chia seeds, dried', 'Seeds, breadnut tree seeds, dried') are too textually similar to the source description (0.57 vs 0.55 similarity) to place confidently",0.57,0.55,,,,,,,,,
ambiguous,0.57,14010003:PHYTCPPD,"Biscuit, muesli biscuit",PHYTCPPD,493.0,"KFC, biscuit",sr_legacy_food,fuzzy,"top two name-search candidates ('KFC, biscuit', 'SLIM BISCUITS') are too textually similar to the source description (0.57 vs 0.61 similarity) to place confidently",0.61,0.57,YES,,,,,,,,
ambiguous,0.57,15010035:PHYTCPP,"Clove, seedcoat, dried",PHYTCPP,2521.632,"Seeds, chia seeds, dried",sr_legacy_food,fuzzy,"top two name-search candidates ('Seeds, chia seeds, dried', 'Seeds, lotus seeds, dried') are too textually similar to the source description (0.57 vs 0.60 similarity) to place confidently",0.6,0.57,YES,,,,,,,,
ambiguous,0.57,15010042:PHYTCPPI,"Cumin, seeds, dried, powdered",PHYTCPPI,823.328,"Seeds, chia seeds, dried",sr_legacy_food,fuzzy,"top two name-search candidates ('Seeds, chia seeds, dried', 'Seeds, lotus seeds, dried') are too textually similar to the source description (0.57 vs 0.52 similarity) to place confidently",0.57,0.52,,,,,,,,,
ambiguous,0.57,15010050:PHYTCPPI,"Fenugreek seed, Pusa, dried",PHYTCPPI,507.61660000000006,"Spices, fenugreek seed",sr_legacy_food,fuzzy,"top two name-search candidates ('Spices, fenugreek seed', 'Seeds, chia seeds, dried') are too textually similar to the source description (0.57 vs 0.59 similarity) to place confidently",0.59,0.57,YES,,,,,,,,
ambiguous,0.57,16010005:PHYTCPP,"Baby food, commercially produced (brown rice, vegetables)",PHYTCPP,82.0,"Babyfood, vegetable and brown rice, strained",sr_legacy_food,fuzzy,"top two name-search candidates ('Babyfood, vegetable and brown rice, strained', 'Goya Foods, Inc. INSTANT BROWN RICE WITH VEGETABLES') are too textually similar to the source description (0.57 vs 0.61 similarity) to place confidently",0.61,0.57,YES,,,,,,,,
ambiguous,0.57,19020044:PHYTCPPD,"Rice, cooked with lentils",PHYTCPPD,42.044,"Wild rice, cooked",sr_legacy_food,fuzzy,"top two name-search candidates ('Wild rice, cooked', 'Lentils, sprouted, cooked, stir-fried, with salt') are too textually similar to the source description (0.57 vs 0.49 similarity) to place confidently",0.57,0.49,,,,,,,,,
ambiguous,0.56,01030107:IP4,"Crispbread, wheat-based",IP4,45.0,"Bread, cracked-wheat",sr_legacy_food,fuzzy,"top two name-search candidates ('Bread, cracked-wheat', 'CRACKED WHEAT BREAD') are too textually similar to the source description (0.56 vs 0.62 similarity) to place confidently",0.62,0.56,YES,,,,,,,,
ambiguous,0.56,01030107:IP5,"Crispbread, wheat-based",IP5,81.2,"Bread, cracked-wheat",sr_legacy_food,fuzzy,"top two name-search candidates ('Bread, cracked-wheat', 'CRACKED WHEAT BREAD') are too textually similar to the source description (0.56 vs 0.62 similarity) to place confidently",0.62,0.56,YES,,,,,,,,
ambiguous,0.56,01030107:IP6,"Crispbread, wheat-based",IP6,303.59999999999997,"Bread, cracked-wheat",sr_legacy_food,fuzzy,"top two name-search candidates ('Bread, cracked-wheat', 'CRACKED WHEAT BREAD') are too textually similar to the source description (0.56 vs 0.62 similarity) to place confidently",0.62,0.56,YES,,,,,,,,
ambiguous,0.56,01030108:IP3,"Crispbread, wheat-based",IP3,84.0,"Bread, cracked-wheat",sr_legacy_food,fuzzy,"top two name-search candidates ('Bread, cracked-wheat', 'CRACKED WHEAT BREAD') are too textually similar to the source description (0.56 vs 0.62 similarity) to place confidently",0.62,0.56,YES,,,,,,,,
ambiguous,0.56,01030108:IP4,"Crispbread, wheat-based",IP4,135.0,"Bread, cracked-wheat",sr_legacy_food,fuzzy,"top two name-search candidates ('Bread, cracked-wheat', 'CRACKED WHEAT BREAD') are too textually similar to the source description (0.56 vs 0.62 similarity) to place confidently",0.62,0.56,YES,,,,,,,,
ambiguous,0.56,01030108:IP5,"Crispbread, wheat-based",IP5,58.0,"Bread, cracked-wheat",sr_legacy_food,fuzzy,"top two name-search candidates ('Bread, cracked-wheat', 'CRACKED WHEAT BREAD') are too textually similar to the source description (0.56 vs 0.62 similarity) to place confidently",0.62,0.56,YES,,,,,,,,
ambiguous,0.56,01030108:IP6,"Crispbread, wheat-based",IP6,79.2,"Bread, cracked-wheat",sr_legacy_food,fuzzy,"top two name-search candidates ('Bread, cracked-wheat', 'CRACKED WHEAT BREAD') are too textually similar to the source description (0.56 vs 0.62 similarity) to place confidently",0.62,0.56,YES,,,,,,,,
ambiguous,0.56,01030109:IP4,"Crispbread, wheat-based",IP4,50.0,"Bread, cracked-wheat",sr_legacy_food,fuzzy,"top two name-search candidates ('Bread, cracked-wheat', 'CRACKED WHEAT BREAD') are too textually similar to the source description (0.56 vs 0.62 similarity) to place confidently",0.62,0.56,YES,,,,,,,,
ambiguous,0.56,01030109:IP5,"Crispbread, wheat-based",IP5,116.0,"Bread, cracked-wheat",sr_legacy_food,fuzzy,"top two name-search candidates ('Bread, cracked-wheat', 'CRACKED WHEAT BREAD') are too textually similar to the source description (0.56 vs 0.62 similarity) to place confidently",0.62,0.56,YES,,,,,,,,
ambiguous,0.56,01030109:IP6,"Crispbread, wheat-based",IP6,435.6,"Bread, cracked-wheat",sr_legacy_food,fuzzy,"top two name-search candidates ('Bread, cracked-wheat', 'CRACKED WHEAT BREAD') are too textually similar to the source description (0.56 vs 0.62 similarity) to place confidently",0.62,0.56,YES,,,,,,,,
ambiguous,0.56,01040062:PHYTCPPI,"Sorghum flour, Wad Ahmed, whole grain, fermented, boiled, dried",PHYTCPPI,157.86068,"Sorghum flour, whole-grain",sr_legacy_food,fuzzy,"top two name-search candidates ('Sorghum flour, whole-grain', 'Sorghum, whole grain, white, dry, raw') are too textually similar to the source description (0.56 vs 0.56 similarity) to place confidently",0.56,0.56,,,,,,,,,
ambiguous,0.56,01060043:PPI,"Barley, PLPA, whole grain, raw",PPI,54.96,"Raley's WHOLE GRAIN PENNE, WHOLE GRAIN",branded_food,fuzzy,"top two name-search candidates (""Raley's WHOLE GRAIN PENNE, WHOLE GRAIN"", ""Raley's WHOLE GRAIN PENNE"") are too textually similar to the source description (0.56 vs 0.62 similarity) to place confidently",0.62,0.56,YES,,,,,,,,
ambiguous,0.56,01060044:PPI,"Barley, PLPB, whole grain, raw",PPI,137.1,"Raley's WHOLE GRAIN PENNE, WHOLE GRAIN",branded_food,fuzzy,"top two name-search candidates (""Raley's WHOLE GRAIN PENNE, WHOLE GRAIN"", ""Raley's WHOLE GRAIN PENNE"") are too textually similar to the source description (0.56 vs 0.62 similarity) to place confidently",0.62,0.56,YES,,,,,,,,
ambiguous,0.56,02050026:IP6,"Turnip, microwaved for 30 sec",IP6,1.59,"Bacon, turkey, microwaved",sr_legacy_food,fuzzy,"top two name-search candidates ('Bacon, turkey, microwaved', 'Beans, snap, green, microwaved') are too textually similar to the source description (0.56 vs 0.47 similarity) to place confidently",0.56,0.47,,,,,,,,,
ambiguous,0.56,02050027:IP6,"Turnip, microwaved for 45 sec",IP6,1.37,"Bacon, turkey, microwaved",sr_legacy_food,fuzzy,"top two name-search candidates ('Bacon, turkey, microwaved', 'Beans, snap, green, microwaved') are too textually similar to the source description (0.56 vs 0.47 similarity) to place confidently",0.56,0.47,,,,,,,,,
ambiguous,0.56,02050028:IP6,"Turnip, microwaved for 60 sec",IP6,1.0,"Bacon, turkey, microwaved",sr_legacy_food,fuzzy,"top two name-search candidates ('Bacon, turkey, microwaved', 'Beans, snap, green, microwaved') are too textually similar to the source description (0.56 vs 0.47 similarity) to place confidently",0.56,0.47,,,,,,,,,
ambiguous,0.56,03010003:PHYTC-,"African faba bean, seed, roasted",PHYTC-,285.06,"Seeds, breadfruit seeds, roasted",sr_legacy_food,fuzzy,"top two name-search candidates ('Seeds, breadfruit seeds, roasted', ""Raley's BEAN AND ROASTED CORN SALAD"") are too textually similar to the source description (0.56 vs 0.48 similarity) to place confidently",0.56,0.48,,,,,,,,,
ambiguous,0.56,03010007:PHYTC-,"African locust bean, Obanliku, mature seeds, boiled, de-hulled, dried",PHYTC-,48.033178,"Hyacinth beans, mature seeds, cooked, boiled, with salt",sr_legacy_food,fuzzy,"top two name-search candidates ('Hyacinth beans, mature seeds, cooked, boiled, with salt', 'Winged beans, mature seeds, cooked, boiled, with salt') are too textually similar to the source description (0.56 vs 0.54 similarity) to place confidently",0.56,0.54,,SPURIOUS_SALT_SUSPECT,,,,,,,
ambiguous,0.56,03010093:PHYTCPPI,"Bengal gram, brown, dehulled, raw",PHYTCPPI,1185.36,"Gravy, brown, dry",sr_legacy_food,fuzzy,"top two name-search candidates ('Gravy, brown, dry', 'Rice, brown, long grain, unenriched, raw') are too textually similar to the source description (0.56 vs 0.52 similarity) to place confidently",0.56,0.52,,,,,,,,,
ambiguous,0.56,03010199:IP3,"Common bean, BRS Radiante, seed, pressure-cooked, oven-dried with cooking water",IP3,5.376,"Winged bean, immature seeds, cooked, boiled, drained, with salt",sr_legacy_food,fuzzy,"top two name-search candidates ('Winged bean, immature seeds, cooked, boiled, drained, with salt', 'Winged beans, mature seeds, cooked, boiled, with salt') are too textually similar to the source description (0.56 vs 0.56 similarity) to place confidently",0.56,0.56,,SPURIOUS_SALT_SUSPECT,,,,,,,
ambiguous,0.56,03010199:IP4,"Common bean, BRS Radiante, seed, pressure-cooked, oven-dried with cooking water",IP4,57.6,"Winged bean, immature seeds, cooked, boiled, drained, with salt",sr_legacy_food,fuzzy,"top two name-search candidates ('Winged bean, immature seeds, cooked, boiled, drained, with salt', 'Winged beans, mature seeds, cooked, boiled, with salt') are too textually similar to the source description (0.56 vs 0.56 similarity) to place confidently",0.56,0.56,,SPURIOUS_SALT_SUSPECT,,,,,,,
ambiguous,0.56,03010199:IP5,"Common bean, BRS Radiante, seed, pressure-cooked, oven-dried with cooking water",IP5,207.87200000000004,"Winged bean, immature seeds, cooked, boiled, drained, with salt",sr_legacy_food,fuzzy,"top two name-search candidates ('Winged bean, immature seeds, cooked, boiled, drained, with salt', 'Winged beans, mature seeds, cooked, boiled, with salt') are too textually similar to the source description (0.56 vs 0.56 similarity) to place confidently",0.56,0.56,,SPURIOUS_SALT_SUSPECT,,,,,,,
ambiguous,0.56,03010199:IP6,"Common bean, BRS Radiante, seed, pressure-cooked, oven-dried with cooking water",IP6,962.5440000000001,"Winged bean, immature seeds, cooked, boiled, drained, with salt",sr_legacy_food,fuzzy,"top two name-search candidates ('Winged bean, immature seeds, cooked, boiled, drained, with salt', 'Winged beans, mature seeds, cooked, boiled, with salt') are too textually similar to the source description (0.56 vs 0.56 similarity) to place confidently",0.56,0.56,,SPURIOUS_SALT_SUSPECT,,,,,,,
ambiguous,0.56,03010312:PPI,"Cowpea, CL367, germinated, microwaved",PPI,72.01305,"Pork, cured, bacon, cooked, microwaved",sr_legacy_food,fuzzy,"top two name-search candidates ('Pork, cured, bacon, cooked, microwaved', 'Beans, snap, green, microwaved') are too textually similar to the source description (0.56 vs 0.63 similarity) to place confidently",0.63,0.56,YES,PLANT_TO_ANIMAL_SUSPECT,,,,,,,
ambiguous,0.56,03010370:PHYTCPP,"Faba bean, Aguadulce, whole seed, raw",PHYTCPP,637.58,"Beans, white, mature seeds, raw",sr_legacy_food,fuzzy,"top two name-search candidates ('Beans, white, mature seeds, raw', 'Winged beans, mature seeds, raw') are too textually similar to the source description (0.56 vs 0.59 similarity) to place confidently",0.59,0.56,YES,,,,,,,,
ambiguous,0.56,03010418:IPSUM,"Faba bean, Tinos, raw",IPSUM,940.22,"Winged bean tuber, raw",sr_legacy_food,fuzzy,"top two name-search candidates ('Winged bean tuber, raw', 'Beans, fava, in pod, raw') are too textually similar to the source description (0.56 vs 0.62 similarity) to place confidently",0.62,0.56,YES,,,,,,,,
ambiguous,0.56,03010551:PHYTCPPD,"Mucuna, var. utilis, seed, mature, sun-dried, raw",PHYTCPPD,808.2,"Mung beans, mature seeds, raw",sr_legacy_food,fuzzy,"top two name-search candidates ('Mung beans, mature seeds, raw', 'Mungo beans, mature seeds, raw') are too textually similar to the source description (0.56 vs 0.56 similarity) to place confidently",0.56,0.56,,,,,,,,,
ambiguous,0.56,03010554:IP5,Mung bean flour,IP5,135.64800000000002,ORGANIC MUNG BEAN,branded_food,fuzzy,"top two name-search candidates ('ORGANIC MUNG BEAN', 'PRODUCTOS MAYA LIMA BEAN FLOUR') are too textually similar to the source description (0.56 vs 0.53 similarity) to place confidently",0.56,0.53,,,,,,,,,
ambiguous,0.56,03010554:IP6,Mung bean flour,IP6,407.88599999999997,ORGANIC MUNG BEAN,branded_food,fuzzy,"top two name-search candidates ('ORGANIC MUNG BEAN', 'PRODUCTOS MAYA LIMA BEAN FLOUR') are too textually similar to the source description (0.56 vs 0.53 similarity) to place confidently",0.56,0.53,,,,,,,,,
ambiguous,0.56,03010554:IP5_A_IP6,Mung bean flour,IP5_A_IP6,543.534,ORGANIC MUNG BEAN,branded_food,fuzzy,"top two name-search candidates ('ORGANIC MUNG BEAN', 'PRODUCTOS MAYA LIMA BEAN FLOUR') are too textually similar to the source description (0.56 vs 0.53 similarity) to place confidently",0.56,0.53,,,,,,,,,
ambiguous,0.56,03010564:PPI,"Mung bean, ML-613, raw, dehulled",PPI,119.226,"Mung beans, mature seeds, raw",sr_legacy_food,fuzzy,"top two name-search candidates ('Mung beans, mature seeds, raw', 'Mung beans, mature seeds, sprouted, raw') are too textually similar to the source description (0.56 vs 0.48 similarity) to place confidently",0.56,0.48,,,,,,,,,
ambiguous,0.56,03010641:PHYTCPPD,"Rice bean, Beziamah, seeds, light brown, raw",PHYTCPPD,1939.98,RECESELECT LIGHT BROWN RICE,branded_food,fuzzy,"top two name-search candidates ('RECESELECT LIGHT BROWN RICE', 'Specialty Rice Inc LIGHT BROWN RICE') are too textually similar to the source description (0.56 vs 0.51 similarity) to place confidently",0.56,0.51,,,,,,,,,
ambiguous,0.56,03020041:PHYTCPP,"Soybean, curd slab, soysauce flavoured",PHYTCPP,912.0,HANA FRIED SOYBEAN CURD SEASONED WITH SOY SAUCE,branded_food,fuzzy,"top two name-search candidates ('HANA FRIED SOYBEAN CURD SEASONED WITH SOY SAUCE', 'Soybean, curd cheese') are too textually similar to the source description (0.56 vs 0.55 similarity) to place confidently",0.56,0.55,,,,,,,,,
ambiguous,0.56,03020084:PHYTCPPD,"Soybeans, Bragg, 56kg of P2O5/ha, raw",PHYTCPPD,330.4314,"Soybeans, green, raw",sr_legacy_food,fuzzy,"top two name-search candidates ('Soybeans, green, raw', 'Soybeans, mature seeds, raw') are too textually similar to the source description (0.56 vs 0.53 similarity) to place confidently",0.56,0.53,,,,,,,,,
ambiguous,0.56,03020192:IP6,"Tofu, Silken Style, Mori-Nu",IP6,124.0,"MORI-NU, Tofu, silken, soft",sr_legacy_food,fuzzy,"top two name-search candidates ('MORI-NU, Tofu, silken, soft', 'MORI-NU, Tofu, silken, firm') are too textually similar to the source description (0.56 vs 0.56 similarity) to place confidently",0.56,0.56,,,,,,,,,
ambiguous,0.56,04010074:PHYTCPP,"Black plum, leaves, raw",PHYTCPP,0.9162999999999998,"Plum, black, with skin, raw",foundation_food,fuzzy,"top two name-search candidates ('Plum, black, with skin, raw', 'Pumpkin leaves, raw') are too textually similar to the source description (0.56 vs 0.71 similarity) to place confidently",0.71,0.56,YES,,,,,,,,
ambiguous,0.56,04010076:PHYTCPPD,"Blite, wild, boiled with salt",PHYTCPPD,38.0,"Vegetables, mixed, frozen, cooked, boiled, drained, with salt",sr_legacy_food,alias,"top two name-search candidates ('Vegetables, mixed, frozen, cooked, boiled, drained, with salt', 'Vegetables, mixed, frozen, cooked, boiled, drained, without salt') are too textually similar to the source description (0.56 vs 0.54 similarity) to place confidently",0.56,0.54,,SPURIOUS_SALT_SUSPECT,,,,,,,
ambiguous,0.56,04010104:PHYTCPPI,"Cassava, very young leaves, raw",PHYTCPPI,10.9,"Cassava, raw",sr_legacy_food,fuzzy,"top two name-search candidates ('Cassava, raw', 'Fireweed, young leaves, raw (Alaska Native)') are too textually similar to the source description (0.56 vs 0.51 similarity) to place confidently",0.56,0.51,,,,,,,,,
ambiguous,0.56,04010099:PHYTCPPD,"Cassava, leaves, destalked, raw",PHYTCPPD,37.0,"Cassava, raw",sr_legacy_food,fuzzy,"top two name-search candidates ('Cassava, raw', 'Fireweed, leaves, raw') are too textually similar to the source description (0.56 vs 0.50 similarity) to place confidently",0.56,0.5,,,,,,,,,
ambiguous,0.56,04010162:PHYTCPPI,"Kale, spiced and cooked",PHYTCPPI,117.0,"Spelt, cooked",sr_legacy_food,fuzzy,"top two name-search candidates ('Spelt, cooked', 'SPICED WAFERS COOKIES') are too textually similar to the source description (0.56 vs 0.64 similarity) to place confidently",0.64,0.56,YES,,,,,,,,
ambiguous,0.56,04010162:PPI,"Kale, spiced and cooked",PPI,33.63,"Spelt, cooked",sr_legacy_food,fuzzy,"top two name-search candidates ('Spelt, cooked', 'SPICED WAFERS COOKIES') are too textually similar to the source description (0.56 vs 0.64 similarity) to place confidently",0.64,0.56,YES,,,,,,,,
ambiguous,0.56,04010204:PHYTCPP,"Ponnaganni, raw",PHYTCPP,32.02,"Pears, raw",sr_legacy_food,fuzzy,"top two name-search candidates ('Pears, raw', 'Plums, raw') are too textually similar to the source description (0.56 vs 0.48 similarity) to place confidently",0.56,0.48,,,,,,,,,
ambiguous,0.56,04010218:IP5,"Sesbania, boiled",IP5,0.0,"Sesbania flower, raw",sr_legacy_food,fuzzy,"top two name-search candidates ('Sesbania flower, raw', 'Seeds, breadfruit seeds, boiled') are too textually similar to the source description (0.56 vs 0.60 similarity) to place confidently",0.6,0.56,YES,,,,,,,,
ambiguous,0.56,04010218:IP6,"Sesbania, boiled",IP6,6.0,"Sesbania flower, raw",sr_legacy_food,fuzzy,"top two name-search candidates ('Sesbania flower, raw', 'Seeds, breadfruit seeds, boiled') are too textually similar to the source description (0.56 vs 0.60 similarity) to place confidently",0.6,0.56,YES,,,,,,,,
ambiguous,0.56,04010218:IP5_A_IP6,"Sesbania, boiled",IP5_A_IP6,6.0,"Sesbania flower, raw",sr_legacy_food,fuzzy,"top two name-search candidates ('Sesbania flower, raw', 'Seeds, breadfruit seeds, boiled') are too textually similar to the source description (0.56 vs 0.60 similarity) to place confidently",0.6,0.56,YES,,,,,,,,
ambiguous,0.56,04030062:IP5,"Grass pea, Kwestor, raw",IP5,77.795284,"Peas, green, raw",sr_legacy_food,fuzzy,"top two name-search candidates ('Peas, green, raw', 'Pears, raw') are too textually similar to the source description (0.56 vs 0.55 similarity) to place confidently",0.56,0.55,,,,,,,,,
ambiguous,0.56,04030062:IP6,"Grass pea, Kwestor, raw",IP6,742.665,"Peas, green, raw",sr_legacy_food,fuzzy,"top two name-search candidates ('Peas, green, raw', 'Pears, raw') are too textually similar to the source description (0.56 vs 0.55 similarity) to place confidently",0.56,0.55,,,,,,,,,
ambiguous,0.56,04030062:IPSUM,"Grass pea, Kwestor, raw",IPSUM,820.460284,"Peas, green, raw",sr_legacy_food,fuzzy,"top two name-search candidates ('Peas, green, raw', 'Pears, raw') are too textually similar to the source description (0.56 vs 0.55 similarity) to place confidently",0.56,0.55,,,,,,,,,
ambiguous,0.56,11010001:PHYTCPPI,"Milk, breastmilk, raw",PHYTCPPI,0.0,"Breadfruit, raw",sr_legacy_food,fuzzy,"top two name-search candidates ('Breadfruit, raw', 'Quail, breast, meat only, raw') are too textually similar to the source description (0.56 vs 0.68 similarity) to place confidently",0.68,0.56,YES,,,,,,,,
ambiguous,0.56,17010001:PHYTC-,"Vegetable protein, Nutmeat",PHYTC-,137.2,WORTHINGTON VEGETABLE & GRAIN PROTEIN PATTIES,branded_food,fuzzy,"top two name-search candidates ('WORTHINGTON VEGETABLE & GRAIN PROTEIN PATTIES', 'VEGA PROTEIN BAR') are too textually similar to the source description (0.56 vs 0.67 similarity) to place confidently",0.67,0.56,YES,,,,,,,,
ambiguous,0.56,17010002:PHYTC-,"Vegetable protein, Nutolene",PHYTC-,177.6,WORTHINGTON VEGETABLE & GRAIN PROTEIN PATTIES,branded_food,fuzzy,"top two name-search candidates ('WORTHINGTON VEGETABLE & GRAIN PROTEIN PATTIES', 'Pinnacle Foods Group LLC VEGETABLES PROTEIN BLENDS') are too textually similar to the source description (0.56 vs 0.55 similarity) to place confidently",0.56,0.55,,,,,,,,,
ambiguous,0.55,01010081:PHYTCPPD,"Rice, Bg 379-2, raw",PHYTCPPD,281.88,"Wild rice, raw",sr_legacy_food,fuzzy,"top two name-search candidates ('Wild rice, raw', 'Wild rice, dry, raw') are too textually similar to the source description (0.55 vs 0.58 similarity) to place confidently",0.58,0.55,YES,,,,,,,,
ambiguous,0.55,01010082:PHYTCPPD,"Rice, Bg 379-2, raw",PHYTCPPD,214.72,"Wild rice, raw",sr_legacy_food,fuzzy,"top two name-search candidates ('Wild rice, raw', 'Wild rice, dry, raw') are too textually similar to the source description (0.55 vs 0.58 similarity) to place confidently",0.58,0.55,YES,,,,,,,,
ambiguous,0.55,01010110:PHYTCPPD,"Rice, H-4, parboiled",PHYTCPPD,368.72,"ARROZ ARROZ, PARBOILED RICE",branded_food,fuzzy,"top two name-search candidates ('ARROZ ARROZ, PARBOILED RICE', 'CONCHITA PARBOILED RICE') are too textually similar to the source description (0.55 vs 0.51 similarity) to place confidently",0.55,0.51,,,,,,,,,
ambiguous,0.55,01010314:PHYTC-,"Rice, polished, raw",PHYTC-,391.5,"Wild rice, raw",sr_legacy_food,fuzzy,"top two name-search candidates ('Wild rice, raw', 'Rice, red, unenriched, dry, raw') are too textually similar to the source description (0.55 vs 0.60 similarity) to place confidently",0.6,0.55,YES,,,,,,,,
ambiguous,0.55,01020039:PP-,"Corn, low phytate, grain, raw",PP-,100.0,"Corn grain, yellow",sr_legacy_food,fuzzy,"top two name-search candidates ('Corn grain, yellow', 'Corn grain, white') are too textually similar to the source description (0.55 vs 0.57 similarity) to place confidently",0.57,0.55,YES,,,,,,,,
ambiguous,0.55,01030034:PHYTCPPD,"Bread, wheat-based, french bread",PHYTCPPD,63.0,"Meijer, Inc. WHEAT FRENCH BREAD, WHEAT FRENCH",branded_food,fuzzy,"top two name-search candidates ('Meijer, Inc. WHEAT FRENCH BREAD, WHEAT FRENCH', 'Meijer, Inc. WHEAT FRENCH BREAD') are too textually similar to the source description (0.55 vs 0.67 similarity) to place confidently",0.67,0.55,YES,,,,,,,,
ambiguous,0.55,01030191:IP6,"Wheat flour, Tajan",IP6,103.9038,LIDL WHOLE WHEAT FLOUR,branded_food,fuzzy,"top two name-search candidates ('LIDL WHOLE WHEAT FLOUR', 'Flour, buckwheat') are too textually similar to the source description (0.55 vs 0.47 similarity) to place confidently",0.55,0.47,,,,,,,,,
ambiguous,0.55,01040022:PHYTCPPI,"Sorghum flour, Dabar, whole grain, 5KGy irradiated, boiled, dried",PHYTCPPI,186.12167499999998,"Sorghum flour, whole-grain",sr_legacy_food,fuzzy,"top two name-search candidates ('Sorghum flour, whole-grain', 'Sorghum, whole grain, white, dry, raw') are too textually similar to the source description (0.55 vs 0.57 similarity) to place confidently",0.57,0.55,YES,,,,,,,,
ambiguous,0.55,01060006:PHYTCPPI,"Amaranth, Oscar Blanco, grain, raw",PHYTCPPI,350.0,"Amaranth grain, uncooked",sr_legacy_food,fuzzy,"top two name-search candidates ('Amaranth grain, uncooked', 'Amaranth grain, cooked') are too textually similar to the source description (0.55 vs 0.57 similarity) to place confidently",0.57,0.55,YES,,,,,,,,
ambiguous,0.55,01060037:PHYTC-,"Barley, flakes, whole grain",PHYTC-,415.8,NOVA WHOLE GRAIN BAR,branded_food,fuzzy,"top two name-search candidates ('NOVA WHOLE GRAIN BAR', 'NOVA WHOLE GRAIN BARS') are too textually similar to the source description (0.55 vs 0.54 similarity) to place confidently",0.55,0.54,,,,,,,,,
ambiguous,0.55,02010049:PHYTCPP,"Sweet potato, pink skin, raw",PHYTCPP,63.69,"Potatoes, raw, skin",sr_legacy_food,fuzzy,"top two name-search candidates ('Potatoes, raw, skin', 'Sweet potato leaves, raw') are too textually similar to the source description (0.55 vs 0.73 similarity) to place confidently",0.73,0.55,YES,,,,,,,,
ambiguous,0.55,02020016:PHYTCPPD,"Cassava, Kello 44/72, roots, raw",PHYTCPPD,153.9732,"Cassava, raw",sr_legacy_food,fuzzy,"top two name-search candidates ('Cassava, raw', 'Chicory roots, raw') are too textually similar to the source description (0.55 vs 0.52 similarity) to place confidently",0.55,0.52,,,,,,,,,
ambiguous,0.55,02020026:IP6,"Cocoyam, boiled",IP6,125.11099999999999,COCOYAM FUFU FLOUR,branded_food,fuzzy,"top two name-search candidates ('COCOYAM FUFU FLOUR', 'Chicken, feet, boiled') are too textually similar to the source description (0.55 vs 0.56 similarity) to place confidently",0.56,0.55,YES,,,,,,,,
ambiguous,0.55,03010057:PHYTC-,"Bean, pinto, dried",PHYTC-,465.6,ARRIBA! PINTO BEAN DIP,branded_food,fuzzy,"top two name-search candidates ('ARRIBA! PINTO BEAN DIP', 'C&F PINTO BEANS') are too textually similar to the source description (0.55 vs 0.48 similarity) to place confidently",0.55,0.48,,,,,,,,,
ambiguous,0.55,03010221:IP6,"Common bean, Kidney, canned, Super Giant, drained",IP6,289.0,"Beans, kidney, red, mature seeds, canned, drained solids",sr_legacy_food,fuzzy,"top two name-search candidates ('Beans, kidney, red, mature seeds, canned, drained solids', 'Beans, kidney, dark red, canned, sodium added, sugar added, drained and rinsed') are too textually similar to the source description (0.55 vs 0.58 similarity) to place confidently",0.58,0.55,YES,,,,,,,,
ambiguous,0.55,03010240:IP3,"Common bean, Pink-mottled cream, seed, water-soaked, drained, dried",IP3,16.0,"Beans, pinto, mature seeds, canned, drained solids, rinsed in tap water",sr_legacy_food,fuzzy,"top two name-search candidates ('Beans, pinto, mature seeds, canned, drained solids, rinsed in tap water', 'Beans, pinto, mature seeds, sprouted, cooked, boiled, drained, with salt') are too textually similar to the source description (0.55 vs 0.55 similarity) to place confidently",0.55,0.55,,,,,,,,,
ambiguous,0.55,03010240:IP4,"Common bean, Pink-mottled cream, seed, water-soaked, drained, dried",IP4,26.0,"Beans, pinto, mature seeds, canned, drained solids, rinsed in tap water",sr_legacy_food,fuzzy,"top two name-search candidates ('Beans, pinto, mature seeds, canned, drained solids, rinsed in tap water', 'Beans, pinto, mature seeds, sprouted, cooked, boiled, drained, with salt') are too textually similar to the source description (0.55 vs 0.55 similarity) to place confidently",0.55,0.55,,,,,,,,,
ambiguous,0.55,03010240:IP5,"Common bean, Pink-mottled cream, seed, water-soaked, drained, dried",IP5,106.0,"Beans, pinto, mature seeds, canned, drained solids, rinsed in tap water",sr_legacy_food,fuzzy,"top two name-search candidates ('Beans, pinto, mature seeds, canned, drained solids, rinsed in tap water', 'Beans, pinto, mature seeds, sprouted, cooked, boiled, drained, with salt') are too textually similar to the source description (0.55 vs 0.55 similarity) to place confidently",0.55,0.55,,,,,,,,,
ambiguous,0.55,03010240:IP6,"Common bean, Pink-mottled cream, seed, water-soaked, drained, dried",IP6,1173.0,"Beans, pinto, mature seeds, canned, drained solids, rinsed in tap water",sr_legacy_food,fuzzy,"top two name-search candidates ('Beans, pinto, mature seeds, canned, drained solids, rinsed in tap water', 'Beans, pinto, mature seeds, sprouted, cooked, boiled, drained, with salt') are too textually similar to the source description (0.55 vs 0.55 similarity) to place confidently",0.55,0.55,,,,,,,,,
ambiguous,0.55,03010405:PHYTCPPI,"Faba bean, Qidou 2, raw",PHYTCPPI,488.64200000000005,"Beans, fava, in pod, raw",sr_legacy_food,fuzzy,"top two name-search candidates ('Beans, fava, in pod, raw', 'Yardlong bean, raw') are too textually similar to the source description (0.55 vs 0.54 similarity) to place confidently",0.55,0.54,,,,,,,,,
ambiguous,0.55,03010406:PHYTCPPI,"Faba bean, Qidou 2, raw",PHYTCPPI,730.95,"Beans, fava, in pod, raw",sr_legacy_food,fuzzy,"top two name-search candidates ('Beans, fava, in pod, raw', 'Yardlong bean, raw') are too textually similar to the source description (0.55 vs 0.54 similarity) to place confidently",0.55,0.54,,,,,,,,,
ambiguous,0.55,03010514:PHYTCPPI,"Lima bean, White Ventura N., boiled",PHYTCPPI,647.889,"Beans, white, mature seeds, cooked, boiled, with salt",sr_legacy_food,fuzzy,"top two name-search candidates ('Beans, white, mature seeds, cooked, boiled, with salt', 'Beans, white, mature seeds, cooked, boiled, without salt') are too textually similar to the source description (0.55 vs 0.53 similarity) to place confidently",0.55,0.53,,SPURIOUS_SALT_SUSPECT,,,,,,,
ambiguous,0.55,03010534:PHYTCPPI,"Lupin, Sweet, 'Lutop', seed, water-soaked, boiled, oven-dried, milled",PHYTCPPI,926.4528000000001,"Lupins, mature seeds, cooked, boiled, with salt",sr_legacy_food,fuzzy,"top two name-search candidates ('Lupins, mature seeds, cooked, boiled, with salt', 'Lupins, mature seeds, cooked, boiled, without salt') are too textually similar to the source description (0.55 vs 0.54 similarity) to place confidently",0.55,0.54,,SPURIOUS_SALT_SUSPECT,,,,,,,
ambiguous,0.55,03010534:PPI,"Lupin, Sweet, 'Lutop', seed, water-soaked, boiled, oven-dried, milled",PPI,261.16020000000003,"Lupins, mature seeds, cooked, boiled, with salt",sr_legacy_food,fuzzy,"top two name-search candidates ('Lupins, mature seeds, cooked, boiled, with salt', 'Lupins, mature seeds, cooked, boiled, without salt') are too textually similar to the source description (0.55 vs 0.54 similarity) to place confidently",0.55,0.54,,SPURIOUS_SALT_SUSPECT,,,,,,,
ambiguous,0.55,03010684:PHYTCPPD,"Stink bean, dry heated",PHYTCPPD,822.16,"Fish, salmon, pink, cooked, dry heat",sr_legacy_food,fuzzy,"top two name-search candidates ('Fish, salmon, pink, cooked, dry heat', 'Fish, bass, striped, cooked, dry heat') are too textually similar to the source description (0.55 vs 0.51 similarity) to place confidently",0.55,0.51,,PLANT_TO_ANIMAL_SUSPECT,,,,,,,
ambiguous,0.55,03010693:PHYTCPP,"Tepary bean, Domestic brown, raw",PHYTCPP,597.0509999999999,"Duck, domesticated, liver, raw",sr_legacy_food,fuzzy,"top two name-search candidates ('Duck, domesticated, liver, raw', 'Duck, domesticated, meat only, raw') are too textually similar to the source description (0.55 vs 0.55 similarity) to place confidently",0.55,0.55,,,,,,,,,
ambiguous,0.55,03010694:PHYTCPP,"Tepary bean, Domestic brown, raw",PHYTCPP,571.68,"Duck, domesticated, liver, raw",sr_legacy_food,fuzzy,"top two name-search candidates ('Duck, domesticated, liver, raw', 'Duck, domesticated, meat only, raw') are too textually similar to the source description (0.55 vs 0.55 similarity) to place confidently",0.55,0.55,,,,,,,,,
ambiguous,0.55,03010697:PHYTCPP,"Tepary bean, wild, raw",PHYTCPP,934.32,"Winged bean tuber, raw",sr_legacy_food,fuzzy,"top two name-search candidates ('Winged bean tuber, raw', 'Wild rice, raw') are too textually similar to the source description (0.55 vs 0.50 similarity) to place confidently",0.55,0.5,,,,,,,,,
ambiguous,0.55,03020083:PHYTCPPD,"Soybeans, Bragg, 112kg of P2O5/ha, raw",PHYTCPPD,404.16089999999997,"Soybeans, green, raw",sr_legacy_food,fuzzy,"top two name-search candidates ('Soybeans, green, raw', 'Soybeans, mature seeds, raw') are too textually similar to the source description (0.55 vs 0.52 similarity) to place confidently",0.55,0.52,,,,,,,,,
ambiguous,0.55,04010075:PHYTCPPI,"Blackjack, leaves, wild, raw",PHYTCPPI,1.0911679999999997,"Winged bean leaves, raw",sr_legacy_food,fuzzy,"top two name-search candidates ('Winged bean leaves, raw', 'Taro leaves, raw') are too textually similar to the source description (0.55 vs 0.59 similarity) to place confidently",0.59,0.55,YES,,,,,,,,
ambiguous,0.55,04010126:PHYTCPPI,"Common nettle, leaves, wild, raw",PHYTCPPI,2.0263320000000005,"Winged bean leaves, raw",sr_legacy_food,fuzzy,"top two name-search candidates ('Winged bean leaves, raw', 'Taro leaves, raw') are too textually similar to the source description (0.55 vs 0.54 similarity) to place confidently",0.55,0.54,,,,,,,,,
ambiguous,0.55,04010186:IP5,"Paco (Oke fern), raw",IP5,3.0,"Okra, raw",sr_legacy_food,fuzzy,"top two name-search candidates ('Okra, raw', 'Fish, pike, northern, raw') are too textually similar to the source description (0.55 vs 0.53 similarity) to place confidently",0.55,0.53,,,,,,,,,
ambiguous,0.55,04010186:IP6,"Paco (Oke fern), raw",IP6,25.0,"Okra, raw",sr_legacy_food,fuzzy,"top two name-search candidates ('Okra, raw', 'Fish, pike, northern, raw') are too textually similar to the source description (0.55 vs 0.53 similarity) to place confidently",0.55,0.53,,,,,,,,,
ambiguous,0.55,04010186:IP5_A_IP6,"Paco (Oke fern), raw",IP5_A_IP6,28.0,"Okra, raw",sr_legacy_food,fuzzy,"top two name-search candidates ('Okra, raw', 'Fish, pike, northern, raw') are too textually similar to the source description (0.55 vs 0.53 similarity) to place confidently",0.55,0.53,,,,,,,,,
ambiguous,0.55,05020006:PHYTCPP,"Apple, Kashmir, small, raw",PHYTCPP,0.36,"Mammy-apple, (mamey), raw",sr_legacy_food,fuzzy,"top two name-search candidates ('Mammy-apple, (mamey), raw', 'Rose-apples, raw') are too textually similar to the source description (0.55 vs 0.52 similarity) to place confidently",0.55,0.52,,,,,,,,,
ambiguous,0.55,05020073:PHYT-,"Tallow fruit, pulp, raw",PHYT-,0.41,"Passion-fruit juice, yellow, raw",sr_legacy_food,fuzzy,"top two name-search candidates ('Passion-fruit juice, yellow, raw', 'Chayote, fruit, raw') are too textually similar to the source description (0.55 vs 0.57 similarity) to place confidently",0.57,0.55,YES,,,,,,,,
ambiguous,0.55,05020075:PHYTCPPD,"Vann, whole fruit, raw",PHYTCPPD,64.46,"Egg, whole, raw, fresh",sr_legacy_food,fuzzy,"top two name-search candidates ('Egg, whole, raw, fresh', 'Egg, duck, whole, fresh, raw') are too textually similar to the source description (0.55 vs 0.60 similarity) to place confidently",0.6,0.55,YES,,,,,,,,
ambiguous,0.55,06010003:PHYTCPPI,"Achi, seed, raw",PHYTCPPI,189.24899999999997,"Seaweed, agar, raw",sr_legacy_food,fuzzy,"top two name-search candidates ('Seaweed, agar, raw', 'Chia seeds, dry, raw') are too textually similar to the source description (0.55 vs 0.74 similarity) to place confidently",0.74,0.55,YES,,,,,,,,
ambiguous,0.55,06010022:PHYTCPPD,"Baobab, seed, raw",PHYTCPPD,73.0,"Seeds, lotus seeds, raw",sr_legacy_food,fuzzy,"top two name-search candidates ('Seeds, lotus seeds, raw', 'Pawpaw, peeled, seeded, raw') are too textually similar to the source description (0.55 vs 0.59 similarity) to place confidently",0.59,0.55,YES,,,,,,,,
ambiguous,0.55,06010023:PHYTCPPD,"Baobab, seed, raw",PHYTCPPD,73.0,"Seeds, lotus seeds, raw",sr_legacy_food,fuzzy,"top two name-search candidates ('Seeds, lotus seeds, raw', 'Pawpaw, peeled, seeded, raw') are too textually similar to the source description (0.55 vs 0.59 similarity) to place confidently",0.59,0.55,YES,,,,,,,,
ambiguous,0.55,06010065:PHYT-,"Gourd, seed kernel, germinated, sun-dried",PHYT-,264.0,"Seeds, sunflower seed kernels, dried",sr_legacy_food,fuzzy,"top two name-search candidates ('Seeds, sunflower seed kernels, dried', 'Seeds, watermelon seed kernels, dried') are too textually similar to the source description (0.55 vs 0.51 similarity) to place confidently",0.55,0.51,,,,,,,,,
ambiguous,0.55,15010032:PHYTCPP,"Clove, dried",PHYTCPP,349.0,CLOVER VALLEY DRIED APRICOTS,branded_food,fuzzy,"top two name-search candidates ('CLOVER VALLEY DRIED APRICOTS', 'DRIED OKRA') are too textually similar to the source description (0.55 vs 0.45 similarity) to place confidently",0.55,0.45,,,,,,,,,
